ay,A,B,S_raw,w_star,S_star,r,err_star
0.902,0.2618938010353374,0.2204327898027159,0.2411632954190267,0.2548710193775924,0.2309999999999999,-0.226997433443826,-2.775557561562892e-17
0.902,0.2619109428926955,0.2201859479360172,0.2410484454143563,0.259174436694616,0.231,-0.2285231316727372,0.0
0.902,0.2617389163920032,0.2194048535016316,0.2405718849468174,0.2738963781575887,0.231,-0.2321879385100265,2.775557561562892e-17
0.902,0.2604866942221493,0.2213587638737965,0.2409227290479729,0.2464029157782771,0.231,-0.2143251515534707,0.0
0.902,0.2582294445575993,0.2230526002145138,0.2406410223860566,0.2259270248341171,0.2309999999999999,-0.1927735713101674,-2.775557561562892e-17
0.902,0.2594774210516185,0.2229961755615127,0.2412367983065656,0.2193955916515516,0.2309999999999999,-0.1996042157004658,-2.775557561562892e-17
0.902,0.2601277377536765,0.2216609930559554,0.2408943654048159,0.2427813171463362,0.231,-0.2107082711284353,2.775557561562892e-17
0.902,0.2593207680151726,0.2226203334933187,0.2409705507542456,0.2283260843053908,0.231,-0.2009592178957893,0.0
0.902,0.2609923160227843,0.2202620206122291,0.2406271683175067,0.2636361774333737,0.231,-0.2233227465980567,0.0
0.902,0.2591883438348226,0.2217846553649611,0.2404864995998918,0.2463752911016848,0.231,-0.2051049641708866,0.0
0.902,0.2604595279102747,0.2210211962278337,0.2407403620690542,0.2530229689358058,0.231,-0.2161437048831622,0.0
0.902,0.2602402687207616,0.2215519869633187,0.2408961278420401,0.2442086494281612,0.231,-0.2119248133389908,2.775557561562892e-17
0.902,0.2605916586952541,0.2201875219035017,0.2403895902993779,0.267608194483328,0.231,-0.2216782509877271,0.0
0.902,0.2612315384753125,0.220660503954043,0.2409460212146777,0.2548492087510484,0.231,-0.2222439978579982,0.0
0.902,0.2603255566612993,0.2211001553049326,0.2407128559831159,0.2523835155981265,0.231,-0.2149895190375885,2.775557561562892e-17
0.902,0.2596859732735529,0.2221276621443531,0.240906817708953,0.2362283497020464,0.231,-0.205708798575855,2.775557561562892e-17
0.902,0.2605136908730045,0.2216421850364645,0.2410779379547345,0.2407371353938888,0.231,-0.2128216800672149,0.0
0.902,0.2587792614872197,0.2228675122617779,0.2408233868744988,0.2264575776348033,0.231,-0.1967103206304516,0.0
0.902,0.2599370725975957,0.2219998441292246,0.2409684583634102,0.2372380965646695,0.231,-0.2077543984130654,0.0
0.902,0.2588530492171626,0.2229282082373222,0.2408906287272424,0.2246855251831825,0.2309999999999999,-0.1967445620770744,-2.775557561562892e-17
0.902,0.2609913739674824,0.2210490075946864,0.2410201907810844,0.2491337722066212,0.231,-0.218741465620039,2.775557561562892e-17
0.902,0.2607436801436494,0.2202581187037665,0.240500899423708,0.2653262277758974,0.231,-0.2220559667093808,0.0
0.902,0.2621285389811124,0.2207167012233164,0.2414226201022144,0.2483178562812683,0.231,-0.2265600181730329,2.775557561562892e-17
0.902,0.2599411378714382,0.2217531962703311,0.2408471670708846,0.2421393597554055,0.2309999999999999,-0.2092041535155357,-2.775557561562892e-17
0.902,0.2612697784061246,0.2205578441304383,0.2409138112682814,0.2564888172311145,0.231,-0.2230391985624651,0.0
0.902,0.2609739661084203,0.2217929946939733,0.2413834804011968,0.2349866522868249,0.2309999999999999,-0.2143355786824556,-2.775557561562892e-17
0.902,0.2601778573942753,0.2215684529162166,0.240873155155246,0.2442810815469379,0.231,-0.211505128481356,2.775557561562892e-17
0.902,0.2620405987157203,0.2197147335798745,0.2408776661477974,0.2666281335043049,0.2309999999999999,-0.2319401770030142,-2.775557561562892e-17
0.902,0.2573654166574935,0.2239754185785582,0.2406704176180258,0.2103798090923936,0.231,-0.1829407078629159,0.0
0.902,0.261279114344258,0.220745382422485,0.2410122483833715,0.2529897221727719,0.2309999999999999,-0.2219970045839696,-2.775557561562892e-17
0.902,0.261752722833902,0.2198730143763226,0.2408128686051123,0.2656891853711945,0.231,-0.229527955919282,2.775557561562892e-17
0.902,0.2615265181767251,0.2206051040392248,0.2410658111079749,0.2540209369560705,0.231,-0.2240940937159428,0.0
0.902,0.2612622825137762,0.2203806062395193,0.2408214443766477,0.2597592547145064,0.2309999999999999,-0.2240316380129436,-2.775557561562892e-17
0.902,0.2603304104155549,0.220867497854366,0.2405989541349604,0.2567601195153325,0.2309999999999999,-0.2163662071142391,-2.775557561562892e-17
0.902,0.2613738412313708,0.220070146568707,0.2407219939000389,0.2646216887026551,0.2309999999999999,-0.2264174464695019,-2.775557561562892e-17
0.902,0.2603973612186943,0.2214125158473655,0.2409049385330299,0.2459284899379279,0.231,-0.2135495204425663,2.775557561562892e-17
0.902,0.2586811763402382,0.2236424777420914,0.2411618270411648,0.2099827491394825,0.231,-0.1917299733212618,0.0
0.902,0.2618837676735996,0.2202865978851227,0.2410851827793611,0.2575512269069108,0.2309999999999999,-0.2277964646818979,-2.775557561562892e-17
0.902,0.2585278629118808,0.2233463624635073,0.240937112687694,0.2175472176840185,0.231,-0.1926366112190589,0.0
0.902,0.2596685735561642,0.221608130520559,0.2406383520383616,0.2467619588835312,0.231,-0.2086275826475514,0.0
0.902,0.2612420274286554,0.2202490889441443,0.2407455581863998,0.2622625128451779,0.231,-0.2246923206938085,0.0
0.902,0.2617834708845549,0.2202994595387988,0.2410414652116769,0.2579437261265684,0.231,-0.2272026565794325,0.0
0.902,0.2614679225495795,0.2209142077617164,0.2411910651556479,0.2487020558053056,0.2309999999999999,-0.2219938169607906,-2.775557561562892e-17
0.902,0.2596602817594012,0.222293341480974,0.2409768116201876,0.2330043202400625,0.2309999999999999,-0.2046165482871966,-2.775557561562892e-17
0.902,0.261344803886301,0.2204557470334686,0.2409002754598848,0.2578746925976359,0.2309999999999999,-0.2240218696206599,-2.775557561562892e-17
0.902,0.2604386113659471,0.2213108234425705,0.2408747174042588,0.2476290399141314,0.231,-0.2143536928576757,0.0
0.902,0.2603961757314835,0.2214479227192315,0.2409220492253575,0.2452504680444502,0.2309999999999999,-0.2133379873298897,-2.775557561562892e-17
0.902,0.2609816189612951,0.2208606463118434,0.2409211326365692,0.2527195384007009,0.231,-0.2197851607485041,2.775557561562892e-17
0.902,0.261027861527794,0.2211895830041679,0.2411087222659809,0.246256047183716,0.231,-0.2181144058777326,2.775557561562892e-17
0.902,0.2614628336286878,0.2201518118404967,0.2408073227345922,0.262597914307805,0.231,-0.2264026262246623,2.775557561562892e-17
0.902,0.2617382002469299,0.2191315220178879,0.2404348611324089,0.2785591009538535,0.231,-0.2337808914597656,2.775557561562892e-17
0.902,0.2595061501065647,0.2223015873919511,0.2409038687492579,0.233799619545918,0.2309999999999999,-0.2037669166804849,-2.775557561562892e-17
0.902,0.2609231017101605,0.2208621696886326,0.2408926356993965,0.25306027093727,0.231,-0.2194728838817656,0.0
0.902,0.2599211849327035,0.2208965411891427,0.2404088630609231,0.2588994502358366,0.231,-0.2140711571438898,0.0
0.902,0.2618747287248493,0.219875820150406,0.2408752744376276,0.2648683079436768,0.2309999999999999,-0.2301428791302224,-2.775557561562892e-17
0.902,0.2612680824385541,0.2208755475433401,0.2410718149909471,0.2506515741813335,0.2309999999999999,-0.2211833073641871,-2.775557561562892e-17
0.902,0.2587552702449178,0.2229318259018958,0.2408435480734068,0.225220501436115,0.231,-0.1962139475192283,0.0
0.902,0.2620796693697812,0.2196862003215037,0.2408829348456424,0.2668760054906616,0.2309999999999999,-0.2323086535095688,-2.775557561562892e-17
0.902,0.2607901909671551,0.2211963039389468,0.240993247453051,0.2476063048335872,0.2309999999999999,-0.2168428869440466,-2.775557561562892e-17
0.902,0.261427528560183,0.22073173396751,0.2410796312638465,0.2523176199227904,0.231,-0.2228451453801108,2.775557561562892e-17
0.902,0.2581526134123771,0.2230716867826936,0.2406121500975354,0.2260006784027736,0.231,-0.1922622912699179,0.0
0.902,0.2585082221872144,0.2226904875827717,0.240599354884993,0.2319943600284981,0.2309999999999999,-0.1963191824344947,-2.775557561562892e-17
0.902,0.2620142057387039,0.2199697372790227,0.2409919715088633,0.2623475364316903,0.2309999999999999,-0.2303168854446176,-2.775557561562892e-17
0.902,0.2615534441861276,0.220408722811096,0.2409810834986118,0.2574152123273641,0.231,-0.225376032372766,2.775557561562892e-17
0.8515,0.2503024003527415,0.2310525704857536,0.2406774854192475,0.0,0.2310525704857536,-0.1053772060803979,5.2570485753633545e-05
0.8515,0.2503359589587816,0.2307945675019565,0.2405652632303691,0.0105126852659077,0.231,-0.1070087702128121,0.0
0.8515,0.2501550161558717,0.2300482750299352,0.2401016455929034,0.047333626275074,0.231,-0.1102529330702013,0.0
0.8515,0.2487854791309705,0.2321534805423201,0.2404694798366453,0.0,0.2321534805423201,-0.0910908993250898,0.00115348054232
0.8515,0.2462755903325908,0.2342553081986756,0.2402654492656332,0.0,0.2342553081986756,-0.0658616304116499,0.0032553081986756
0.8515,0.2476298596509608,0.2340089425253211,0.2408194010881409,0.0,0.2340089425253211,-0.0745178839114073,0.0030089425253211
0.8515,0.2483914743806838,0.2325377207952876,0.2404645975879857,0.0,0.2325377207952876,-0.0868272953528788,0.0015377207952876
0.8515,0.2475069660726253,0.2335769063646825,0.2405419362186539,0.0,0.2335769063646825,-0.0762699605095371,0.0025769063646824
0.8515,0.249358412189373,0.2309537745657476,0.2401560933775603,0.0025116188211745,0.231,-0.100896475044828,0.0
0.8515,0.247345061333826,0.2327852197624343,0.2400651405481301,0.0,0.2327852197624343,-0.0798280608820487,0.0017852197624342
0.8515,0.2487692019528665,0.2318318952332946,0.2403005485930805,0.0,0.2318318952332946,-0.0928087174185721,0.0008318952332945
0.8515,0.2485099613828795,0.2324189491793145,0.240464455281097,0.0,0.2324189491793145,-0.0881274959999394,0.0014189491793145
0.8515,0.2489072327279633,0.2309870231235675,0.2399471279257654,0.0007241475808031,0.231,-0.0982974109657559,0.0
0.8515,0.2495830504562352,0.2314018295657932,0.2404924400110142,0.0,0.2314018295657932,-0.099575319086316,0.0004018295657932
0.8515,0.2485947869611457,0.2319041651094786,0.2402494760353121,0.0,0.2319041651094786,-0.0914694438642333,0.0009041651094786
0.8515,0.2478912325139642,0.2331123132345418,0.240501772874253,0.0,0.2331123132345418,-0.0809291105954916,0.0021123132345418
0.8515,0.2488125217169637,0.2324327250442847,0.2406226233806242,0.0,0.2324327250442847,-0.0896697310174421,0.0014327250442847
0.8515,0.2468756282585681,0.2339203215979506,0.2403979749282593,0.0,0.2339203215979506,-0.0709599297724901,0.0029203215979506
0.8515,0.2481723394048626,0.2328567855615321,0.2405145624831973,0.0,0.2328567855615321,-0.0838661926822692,0.0018567855615321
0.8515,0.2469595769500563,0.2340043595046979,0.2404819682273771,0.0,0.2340043595046979,-0.07094249105282,0.0030043595046978
0.8515,0.2493341497192633,0.2317653233300182,0.2405497365246408,0.0,0.2317653233300182,-0.0962032832384118,0.0007653233300182
0.8515,0.249057427783724,0.2310349497383058,0.2400461887610149,0.0,0.2310349497383058,-0.0988308466552132,3.494973830583947e-05
0.8515,0.2505374129856033,0.2313186264916596,0.2409280197386314,0.0,0.2313186264916596,-0.1051323128996384,0.0003186264916595
0.8515,0.2482028482564614,0.2326107439306136,0.2404067960935375,0.0,0.2326107439306136,-0.0854075534938518,0.0016107439306135
0.8515,0.2496450526549359,0.2312661031788753,0.2404555779169056,0.0,0.2312661031788753,-0.1006696242631546,0.0002661031788752
0.8515,0.2493192427129175,0.2325506211101423,0.2409349319115299,0.0,0.2325506211101423,-0.0917182982106299,0.0015506211101422
0.8515,0.2484492608824891,0.2324033014489326,0.2404262811657109,0.0,0.2324033014489326,-0.0878901514483938,0.0014033014489326
0.8515,0.2504480930422945,0.230261860898459,0.2403549769703767,0.0365664625414708,0.231,-0.1106093060363517,0.0
0.8515,0.2452115179746606,0.2354120288463972,0.2403117734105289,0.0,0.2354120288463972,-0.0536834188215848,0.0044120288463972
0.8515,0.2496449637926858,0.2314342443106163,0.2405396040516511,0.0,0.2314342443106163,-0.099723619217213,0.0004342443106163
0.8515,0.2501552244816639,0.230477257653368,0.2403162410675159,0.0265648555662947,0.231,-0.1078337192350868,0.0
0.8515,0.2499011136859873,0.2312366555886563,0.2405688846373218,0.0,0.2312366555886563,-0.1022017564887292,0.0002366555886563
0.8515,0.2496321471926777,0.2311018142966298,0.2403669807446538,0.0,0.2311018142966298,-0.1015250608317568,0.0001018142966298
0.8515,0.2486178799504703,0.2316962557600128,0.2401570678552416,0.0,0.2316962557600128,-0.092760645542083,0.0006962557600128
0.8515,0.249766058554487,0.2307764442060472,0.2402712513802671,0.011772529439027,0.231,-0.1040718032343199,0.0
0.8515,0.2486756105569036,0.2322119748512508,0.2404437927040772,0.0,0.2322119748512508,-0.0901748233544783,0.0012119748512508
0.8515,0.2467518869148295,0.2347144987675224,0.2407331928411759,0.0,0.2347144987675224,-0.0658677441135855,0.0037144987675224
0.8515,0.2502857635033363,0.2309159189746339,0.2406008412389851,0.0043408208693382,0.2309999999999999,-0.1060578476901263,-2.775557561562892e-17
0.8515,0.2465966971715409,0.2344962741680528,0.2405464856697968,0.0,0.2344962741680528,-0.0662479009519783,0.0034962741680527
0.8515,0.2478853681321074,0.2325554050207277,0.2402203865764176,0.0,0.2325554050207277,-0.0840154558058949,0.0015554050207277
0.8515,0.249615449562194,0.2309725602849655,0.2402940049235797,0.0014718595721109,0.231,-0.1021634572021941,0.0
0.8515,0.2501889133184402,0.2309279675580405,0.2405584404382403,0.0037398185351607,0.231,-0.1054737976507207,2.775557561562892e-17
0.8515,0.2498505089062012,0.2316052979534912,0.2407279034298463,0.0,0.2316052979534912,-0.0998591817088512,0.0006052979534912
0.8515,0.2479050959810759,0.2332580430533784,0.2405815695172272,0.0,0.2332580430533784,-0.0801884687532057,0.0022580430533784
0.8515,0.2497335384765545,0.2311290174569983,0.2404312779667764,0.0,0.2311290174569983,-0.1019131885518378,0.0001290174569983
0.8515,0.2487462745324342,0.2320789710822506,0.2404126228073424,0.0,0.2320789710822506,-0.0912991488991554,0.0010789710822505
0.8515,0.2486920516382343,0.2322431705894563,0.2404676111138453,0.0,0.2322431705894563,-0.0900878546689514,0.0012431705894563
0.8515,0.2493377216810741,0.2316021260268708,0.2404699238539724,0.0,0.2316021260268708,-0.0971391735109081,0.0006021260268707
0.8515,0.2493907436507866,0.2319397314059918,0.2406652375283892,0.0,0.2319397314059918,-0.0955263448321754,0.0009397314059918
0.8515,0.2498385699983977,0.230808354877766,0.2403234624380818,0.010070570459617,0.231,-0.1042789841748133,0.0
0.8515,0.2501628588299231,0.2297613927045573,0.2399621257672402,0.0607116806131225,0.231,-0.1119151022913054,0.0
0.8515,0.2477047438825397,0.2332117508294881,0.2404582473560139,0.0,0.2332117508294881,-0.079372457182151,0.0022117508294881
0.8515,0.2492373206301143,0.2315905138675223,0.2404139172488184,0.0,0.2315905138675223,-0.0966679321843992,0.0005905138675223
0.8515,0.2482083829137452,0.231761488093013,0.2399849355033791,0.0,0.231761488093013,-0.0902009394585532,0.000761488093013
0.8515,0.2502820119146679,0.2304667172408676,0.2403743645777677,0.0269126837582406,0.231,-0.1085689563509115,0.0
0.8515,0.2496353078665419,0.2315337220054964,0.2405845149360192,0.0,0.2315337220054964,-0.0991128911599166,0.0005337220054964
0.8515,0.246867904579356,0.2340279954840068,0.2404479500316814,0.0,0.2340279954840068,-0.0703176307792861,0.0030279954840068
0.8515,0.2504987896121661,0.2302861460484334,0.2403924678302997,0.0353171988273456,0.231,-0.1107423347834652,0.0
0.8515,0.2491238211215196,0.2319365928993144,0.240530207010417,0.0,0.2319365928993144,-0.0941175464960542,0.0009365928993144
0.8515,0.2498085398372947,0.2313883652005397,0.2405984525189172,0.0,0.2313883652005397,-0.1008546118419071,0.0003883652005396
0.8515,0.2461315085033757,0.2343077649250536,0.2402196367142146,0.0,0.2343077649250536,-0.0647928633697678,0.0033077649250535
0.8515,0.2465001881622545,0.2339446566816906,0.2402224224219726,0.0,0.2339446566816906,-0.0688038278853007,0.0029446566816906
0.8515,0.250428074548816,0.2305584274051657,0.2404932509769909,0.0222234744100817,0.231,-0.1088301841084171,0.0
0.8515,0.2499669397421009,0.2310244143315369,0.2404956770368189,0.0,0.2310244143315369,-0.1037472083455999,2.441433153688166e-05
0.8415,0.2478357502816437,0.2334013892031857,0.2406185697424147,0.0,0.2334013892031857,-0.0790151811398673,0.0024013892031857
0.8415,0.2478729241042444,0.2331405698397925,0.2405067469720185,0.0,0.2331405698397925,-0.0806728550638022,0.0021405698397924
0.8415,0.2476899596439354,0.2324017096893811,0.2400458346666582,0.0,0.2324017096893811,-0.0838284298388249,0.001401709689381
0.8415,0.2462943860035847,0.2345427339445482,0.2404185599740665,0.0,0.2345427339445482,-0.0643612352080316,0.0035427339445482
0.8415,0.2437245928910759,0.2367431467563042,0.24023386982369,0.0,0.2367431467563042,-0.0382520913256418,0.0057431467563041
0.8415,0.2451043927844063,0.2364515362493174,0.2407779645168619,0.0,0.2364515362493174,-0.0473380738934328,0.0054515362493174
0.8415,0.2458924644419378,0.2349458890065433,0.2404191767242406,0.0,0.2349458890065433,-0.0599506625693906,0.0039458890065433
0.8415,0.244990222647597,0.2360049595041216,0.2404975910758593,0.0,0.2360049595041216,-0.0491960808818998,0.0050049595041215
0.8415,0.2468824903894179,0.2333184819746781,0.240100486182048,0.0,0.2333184819746781,-0.0743582938579372,0.0023184819746781
0.8415,0.2448201252152816,0.2352246590435776,0.2400223921294296,0.0,0.2352246590435776,-0.0526088578274603,0.0042246590435775
0.8415,0.2462804856877688,0.2342249258893569,0.2402527057885629,0.0,0.2342249258893569,-0.0660573845306349,0.0032249258893569
0.8415,0.24601162514596,0.2348253348779617,0.2404184800119608,0.0,0.2348253348779617,-0.0612639878152856,0.0038253348779616
0.8415,0.246419901098138,0.2333763215077814,0.2398981113029597,0.0,0.2333763215077814,-0.0715454566727893,0.0023763215077814
0.8415,0.2471034823584514,0.2337783618889841,0.2404409221237178,0.0,0.2337783618889841,-0.0729773918098195,0.0027783618889841
0.8415,0.2460970316655295,0.234296659854458,0.2401968457599937,0.0,0.234296659854458,-0.0646689460705225,0.0032966598544579
0.8415,0.2453785368872395,0.2355469959229354,0.2404627664050875,0.0,0.2355469959229354,-0.0538359156615577,0.0045469959229354
0.8415,0.2463214732459993,0.2348213210785891,0.2405713971622942,0.0,0.2348213210785891,-0.0629560492863126,0.003821321078589
0.8415,0.2443373551965367,0.2363733061469709,0.2403553306717538,0.0,0.2363733061469709,-0.0436215222333424,0.0053733061469709
0.8415,0.2456668665709836,0.2352619076996699,0.2404643871353267,0.0,0.2352619076996699,-0.0569763430872463,0.0042619076996699
0.8415,0.244423288085737,0.2364624430212471,0.2404428655534921,0.0,0.2364624430212471,-0.0435931169877139,0.0054624430212471
0.8415,0.2468527549305826,0.2341365902478134,0.240494672589198,0.0,0.2341365902478134,-0.0696304452429708,0.0031365902478134
0.8415,0.2465697226882273,0.2334197262395456,0.2399947244638865,0.0,0.2334197262395456,-0.0721095094744601,0.0024197262395456
0.8415,0.2480704213586123,0.2336634799120504,0.2408669506353313,0.0,0.2336634799120504,-0.0788094231011233,0.0026634799120503
0.8415,0.2457032936007883,0.2350151547404849,0.2403592241706366,0.0,0.2350151547404849,-0.0585449071791162,0.0040151547404849
0.8415,0.2471706436166221,0.2336349180135193,0.2404027808150707,0.0,0.2336349180135193,-0.0741393261214107,0.0026349180135193
0.8415,0.2468388322602998,0.234930525799407,0.2408846790298534,0.0,0.234930525799407,-0.0651331937175074,0.003930525799407
0.8415,0.2459519824012262,0.2348022701825998,0.240377126291913,0.0,0.2348022701825998,-0.061070787881557,0.0038022701825997
0.8415,0.2479810397796989,0.2325945135411456,0.2402877766604222,0.0,0.2325945135411456,-0.0843094289705708,0.0015945135411456
0.8415,0.2426107688888712,0.237961624106128,0.2402861964974996,0.0,0.237961624106128,-0.0254685869394561,0.0069616241061279
0.8415,0.2471689171134668,0.2337986211524115,0.2404837691329391,0.0,0.2337986211524115,-0.0732159811144119,0.0027986211524115
0.8415,0.2476872114016448,0.2328224562658969,0.2402548338337709,0.0,0.2328224562658969,-0.0814566059166859,0.0018224562658969
0.8415,0.2474265500628748,0.2335887901973271,0.240507670130101,0.0,0.2335887901973271,-0.0757717612775517,0.0025887901973271
0.8415,0.247157167414605,0.2334733538209814,0.2403152606177932,0.0,0.2334733538209814,-0.0749694621972834,0.0024733538209813
0.8415,0.2461243201811732,0.234093310228436,0.2401088152048046,0.0,0.234093310228436,-0.0659498511986254,0.003093310228436
0.8415,0.2472959799008084,0.2331437078968704,0.2402198438988394,0.0,0.2331437078968704,-0.0775582201654025,0.0021437078968703
0.8415,0.2461798844328313,0.2346029507975111,0.2403914176151712,0.0,0.2346029507975111,-0.0634089438274239,0.0036029507975111
0.8415,0.2442077462020014,0.2371727712119686,0.240690258706985,0.0,0.2371727712119686,-0.0384954409759836,0.0061727712119686
0.8415,0.2478176105220204,0.233267130396841,0.2405423704594307,0.0,0.233267130396841,-0.0796683823411927,0.002267130396841
0.8415,0.2440517614716618,0.2369715954249603,0.2405116784483111,0.0,0.2369715954249603,-0.0387624083506832,0.0059715954249603
0.8415,0.2453754208214031,0.2349801704226266,0.2401777956220148,0.0,0.2349801704226266,-0.0569696132516142,0.0039801704226265
0.8415,0.2471411544164057,0.2333439976700156,0.2402425760432107,0.0,0.2333439976700156,-0.0756063481217168,0.0023439976700156
0.8415,0.2477217260080363,0.2332779680320227,0.2404998470200295,0.0,0.2332779680320227,-0.0790933308148496,0.0022779680320227
0.8415,0.2473784592370676,0.2339702072121076,0.2406743332245876,0.0,0.2339702072121076,-0.0733841633758525,0.0029702072121075
0.8415,0.2454016358330585,0.2356866575238012,0.2405441466784298,0.0,0.2356866575238012,-0.0531851972790478,0.0046866575238012
0.8415,0.2472628005831973,0.2334892355050829,0.2403760180441401,0.0,0.2334892355050829,-0.0754483453466732,0.0024892355050828
0.8415,0.2462571925447369,0.2344620146758785,0.2403596036103077,0.0,0.2344620146758785,-0.064610527293021,0.0034620146758785
0.8415,0.246200348722011,0.2346328093774254,0.2404165790497182,0.0,0.2346328093774254,-0.0633529395043241,0.0036328093774254
0.8415,0.2468597870377969,0.2339786109417096,0.2404191989897533,0.0,0.2339786109417096,-0.0705494828279025,0.0029786109417096
0.8415,0.2469138739284816,0.234317866941406,0.2406158704349438,0.0,0.234317866941406,-0.068948503188537,0.0033178669414059
0.8415,0.2473646382065855,0.233165898052539,0.2402652681295622,0.0,0.233165898052539,-0.0778029270627325,0.002165898052539
0.8415,0.2476999132090093,0.2321114634028305,0.2399056883059199,0.0,0.2321114634028305,-0.0855095761584638,0.0011114634028305
0.8415,0.2451901456291875,0.2356301775814665,0.240410161605327,0.0,0.2356301775814665,-0.052356346148574,0.0046301775814664
0.8415,0.2467499269696811,0.2339643042897044,0.2403571156296928,0.0,0.2339643042897044,-0.070038318228554,0.0029643042897044
0.8415,0.2457145338927023,0.2341661715379767,0.2399403527153395,0.0,0.2341661715379767,-0.0633337461349008,0.0031661715379766
0.8415,0.2478151634586126,0.2328083488256415,0.240311756142127,0.0,0.2328083488256415,-0.082222136069388,0.0018083488256415
0.8415,0.2471597077254461,0.233891534722083,0.2405256212237645,0.0,0.233891534722083,-0.0726478858373209,0.002891534722083
0.8415,0.2443333761363501,0.236489907856353,0.2404116419963515,0.0,0.236489907856353,-0.0429540919291884,0.005489907856353
0.8415,0.2480340480717898,0.2326298900614913,0.2403319690666406,0.0,0.2326298900614913,-0.0843954724315245,0.0016298900614913
0.8415,0.2466405200835701,0.2343134028612201,0.2404769614723951,0.0,0.2343134028612201,-0.0675027775794905,0.0033134028612201
0.8415,0.2473360093423644,0.2337462595516501,0.2405411344470073,0.0,0.2337462595516501,-0.0744060758342874,0.0027462595516501
0.8415,0.2435645124492771,0.2368056332371759,0.2401850728432265,0.0,0.2368056332371759,-0.0370376408534596,0.0058056332371759
0.8415,0.2439353102647488,0.2364467402836154,0.2401910252741821,0.0,0.2364467402836154,-0.0410360239495914,0.0054467402836154
0.8415,0.2479621846645636,0.2329005451778246,0.2404313649211941,0.0,0.2329005451778246,-0.0824945868654269,0.0019005451778246
0.8415,0.2475015055908984,0.2333719643055067,0.2404367349482025,0.0,0.2333719643055067,-0.0773857991241888,0.0023719643055067
0.8385,0.2468347171180674,0.234363881137074,0.2405992991275707,0.0,0.234363881137074,-0.0682663093881266,0.003363881137074
0.8385,0.2468733718137606,0.2341018705331607,0.2404876211734606,0.0,0.2341018705331607,-0.0699349677278504,0.0031018705331607
0.8385,0.2466895737351104,0.2333660326720438,0.2400278032035771,0.0,0.2333660326720438,-0.0730546486375813,0.0023660326720437
0.8385,0.2452833243621266,0.2355219785098358,0.2404026514359812,0.0,0.2355219785098358,-0.0534605935831697,0.0045219785098358
0.8385,0.2426885315482964,0.237763741488514,0.2402261365184052,0.0,0.237763741488514,-0.0269832984867668,0.0067637414885139
0.8385,0.2440790191840866,0.237453212296936,0.2407661157405113,0.0,0.237453212296936,-0.0362484383027672,0.0064532122969359
0.8385,0.2448781392083596,0.2359329724479083,0.240405555828134,0.0,0.2359329724479083,-0.0489893226536577,0.0049329724479083
0.8385,0.2439685691812579,0.2370004295431307,0.2404844993621943,0.0,0.2370004295431307,-0.0381519664590144,0.0060004295431306
0.8385,0.2458776756526199,0.2342874783256886,0.2400825769891542,0.0,0.2342874783256886,-0.0635374701341382,0.0032874783256886
0.8385,0.2437949244893477,0.2362250005961293,0.2400099625427385,0.0,0.2362250005961293,-0.0415032943975266,0.0052250005961292
0.8385,0.2452703952825592,0.2352057454507785,0.2402380703666689,0.0,0.2352057454507785,-0.0551479162146819,0.0042057454507784
0.8385,0.2449975023484535,0.2358117387992329,0.2404046205738432,0.0,0.2358117387992329,-0.050307362873166,0.0048117387992329
0.8385,0.2454103855113887,0.2343554833701794,0.2398829344407841,0.0,0.2343554833701794,-0.0606366698419447,0.0033554833701794
0.8385,0.2460971254638632,0.2347523036667264,0.2404247145652948,0.0,0.2347523036667264,-0.0621313670311378,0.0037523036667264
0.8385,0.2450832259624949,0.2352773594635776,0.2401802927130362,0.0,0.2352773594635776,-0.0537384760219625,0.0042773594635776
0.8385,0.2443585215147463,0.2365452345966995,0.240451878055723,0.0,0.2365452345966995,-0.0427838885435389,0.0055452345966995
0.8385,0.2453104334556977,0.2358003235755211,0.2405553785156094,0.0,0.2358003235755211,-0.0520617405036138,0.0048003235755211
0.8385,0.2433066924733973,0.2373794045998872,0.2403430485366423,0.0,0.2373794045998872,-0.0324656565897565,0.0063794045998872
0.8385,0.2446498750012568,0.2362478817622272,0.240448878381742,0.0,0.2362478817622272,-0.0460084070360895,0.0052478817622272
0.8385,0.2433934074677789,0.2374706309946847,0.2404320192312318,0.0,0.2374706309946847,-0.0324327370922827,0.0064706309946847
0.8385,0.2458456617692219,0.2351083972861284,0.2404770295276752,0.0,0.2351083972861284,-0.0587943633294705,0.0041083972861284
0.8385,0.2455600583501156,0.2343970826132209,0.2399785704816682,0.0,0.2343970826132209,-0.0612129186233967,0.0033970826132208
0.8385,0.2470692035974648,0.2346243498754034,0.2408467767364341,0.0,0.2346243498754034,-0.068076189389167,0.0036243498754034
0.8385,0.2446887361092581,0.2360007471798459,0.240344741644552,0.0,0.2360007471798459,-0.047588843761896,0.0050007471798459
0.8385,0.2461663902316443,0.2346056550957793,0.2403860226637118,0.0,0.2346056550957793,-0.0633211667374453,0.0036056550957793
0.8385,0.2458321889351335,0.2359058161225009,0.2408690025288172,0.0,0.2359058161225009,-0.0542926577684639,0.0049058161225009
0.8385,0.244938371829052,0.2357855865253408,0.2403619791771964,0.0,0.2357855865253408,-0.0501327980270018,0.0047855865253408
0.8385,0.2469798238434052,0.2335503707404994,0.2402650972919523,0.0,0.2335503707404994,-0.073585833181526,0.0025503707404993
0.8385,0.241553668267499,0.2390087081182883,0.2402811881928937,0.0,0.2390087081182883,-0.0139415646534208,0.0080087081182883
0.8385,0.246164040111139,0.2347675178765351,0.2404657789938371,0.0,0.2347675178765351,-0.0624073059240535,0.0037675178765351
0.8385,0.2466856183888858,0.2337834451736453,0.2402345317812655,0.0,0.2337834451736453,-0.0707016793027996,0.0027834451736453
0.8385,0.2464222320069926,0.2345527187133537,0.2404874753601731,0.0,0.2345527187133537,-0.0649942016253197,0.0035527187133537
0.8385,0.2461527499237721,0.2344451847375068,0.2402989673306394,0.0,0.2344451847375068,-0.0641415293957476,0.0034451847375067
0.8385,0.2451122507741177,0.2350757833803808,0.2400940170772493,0.0,0.2350757833803808,-0.0550160314194958,0.0040757833803808
0.8385,0.2462935644231089,0.2341136877569926,0.2402036260900508,0.0,0.2341136877569926,-0.0667481251097088,0.0031136877569926
0.8385,0.2451669134501972,0.2355829734532002,0.2403749434516987,0.0,0.2355829734532002,-0.0524929167980365,0.0045829734532002
0.8385,0.2431746557218208,0.238181150385227,0.2406779030535239,0.0,0.238181150385227,-0.027324704108171,0.0071811503852269
0.8385,0.2468159565607412,0.2342306339031697,0.2405232952319554,0.0,0.2342306339031697,-0.0689081230481847,0.0032306339031696
0.8385,0.2430183026708065,0.2379869512335329,0.2405026269521697,0.0,0.2379869512335329,-0.0275455193795226,0.0069869512335329
0.8385,0.2443565557854102,0.2359741665855829,0.2401653611854965,0.0,0.2359741665855829,-0.0459380891070799,0.0049741665855828
0.8385,0.246137005688667,0.2343157265276993,0.2402263661081831,0.0,0.2343157265276993,-0.0647781128136144,0.0033157265276992
0.8385,0.246720490252453,0.2342408641808038,0.2404806772166284,0.0,0.2342408641808038,-0.0683374797751266,0.0032408641808037
0.8385,0.2463752534447905,0.2349393224079611,0.2406572879263758,0.0,0.2349393224079611,-0.0625891031690595,0.0039393224079611
0.8385,0.2443854612153202,0.2366822263166846,0.2405338437660024,0.0,0.2366822263166846,-0.0421713606913118,0.0056822263166846
0.8385,0.2462601268204374,0.2344563501773715,0.2403582384989045,0.0,0.2344563501773715,-0.0646578948537277,0.0034563501773715
0.8385,0.2452469600420372,0.2354386778033945,0.2403428189227158,0.0,0.2354386778033945,-0.0537268529353143,0.0044386778033944
0.8385,0.2451890403356996,0.2356122397827091,0.2404006400592043,0.0,0.2356122397827091,-0.0524499708754815,0.004612239782709
0.8385,0.24585416657936,0.2349525166931134,0.2404033416362367,0.0,0.2349525166931134,-0.05970724351153,0.0039525166931134
0.8385,0.2459086442629221,0.2352924249788398,0.240600534620881,0.0,0.2352924249788398,-0.0581109837452173,0.0042924249788398
0.8385,0.2463606213070249,0.2341320270452068,0.2402463241761158,0.0,0.2341320270452068,-0.067007048191908,0.0031320270452068
0.8385,0.24670041674095,0.2330743660257072,0.2398873913833286,0.0,0.2330743660257072,-0.0747439807078573,0.0020743660257072
0.8385,0.2441693021532774,0.2366217798876047,0.240395541020441,0.0,0.2366217798876047,-0.041335048373372,0.0056217798876047
0.8385,0.2457404103345926,0.2349371269827769,0.2403387686586847,0.0,0.2349371269827769,-0.0591792279042016,0.0039371269827769
0.8385,0.2447023231107353,0.2351517341932308,0.2399270286519831,0.0,0.2351517341932308,-0.0523770041448679,0.0041517341932308
0.8385,0.24681405925406,0.2337678097653263,0.2402909345096931,0.0,0.2337678097653263,-0.0714800134575683,0.0027678097653262
0.8385,0.2461550296773444,0.2348577608604717,0.240506395268908,0.0,0.2348577608604717,-0.0618564942635708,0.0038577608604717
0.8385,0.2433042651560837,0.2374995943124019,0.2404019297342428,0.0,0.2374995943124019,-0.0317886681290142,0.0064995943124019
0.8385,0.2470337524182565,0.2335902354592615,0.240311993938759,0.0,0.2335902354592615,-0.0736530914364153,0.0025902354592615
0.8385,0.245632658102492,0.2352875060139296,0.2404600820582108,0.0,0.2352875060139296,-0.0566494620700344,0.0042875060139295
0.8385,0.2463325903141817,0.234712565720609,0.2405225780173953,0.0,0.234712565720609,-0.0636212998957248,0.0037125657206089
0.8385,0.2425217632182655,0.2378306399357478,0.2401762015770067,0.0,0.2378306399357478,-0.0257066097667004,0.0068306399357478
0.8385,0.2428933329496639,0.2374735217381331,0.2401834273438985,0.0,0.2374735217381331,-0.0296993404346717,0.0064735217381331
0.8385,0.2469614203140366,0.2338603125004069,0.2404108664072217,0.0,0.2338603125004069,-0.0717562010303829,0.0028603125004068
0.8385,0.2465009856271773,0.2343338953308551,0.2404174404790162,0.0,0.2343338953308551,-0.0666374605628086,0.003333895330855
0.7715,0.2418996061950449,0.2391891534010597,0.2405443797980523,0.0,0.2391891534010597,-0.014837059351564,0.0081891534010597
0.7715,0.2419456851664008,0.2389208409372915,0.2404332630518461,0.0,0.2389208409372915,-0.0165633056194096,0.0079208409372915
0.7715,0.2417576624647394,0.238199971341788,0.2399788169032637,0.0,0.238199971341788,-0.01950634364806,0.007199971341788
0.7715,0.2402978497491367,0.2404328473763163,0.2403653485627265,1.0,0.2402978497491367,0.0007393490470968,0.0092978497491367
0.7715,0.2375735850128226,0.2428907012935711,0.2402321431531968,1.0,0.2375735850128226,0.0291325179704953,0.0065735850128225
0.7715,0.2390197183337264,0.2424817848112656,0.240750751572496,1.0,0.2390197183337264,0.0189404042546716,0.0080197183337264
0.7715,0.2398761216136684,0.2408839469491334,0.2403800342814009,1.0,0.2398761216136684,0.0055193890346487,0.0088761216136684
0.7715,0.2389292718773373,0.2419955660449623,0.2404624189611498,1.0,0.2389292718773373,0.0167888886949085,0.0079292718773373
0.7715,0.2409237836261288,0.2391452833368405,0.2400345334814846,0.0,0.2391452833368405,-0.0097496250064634,0.0081452833368405
0.7715,0.2387360912632036,0.2412465477670707,0.2399913195151372,1.0,0.2387360912632036,0.0137639066855701,0.0077360912632035
0.7715,0.2402897682634609,0.2401247573449249,0.2402072628041929,0.0,0.2401247573449249,-0.0009041311306459,0.0091247573449249
0.7715,0.2399958188803915,0.2407598187573444,0.2403778188188679,1.0,0.2399958188803915,0.0041840951026197,0.0089958188803915
0.7715,0.2404327008826869,0.2392650737473029,0.2398488873149949,0.0,0.2392650737473029,-0.0064042342397279,0.0082650737473028
0.7715,0.2411350615348191,0.2396358289600385,0.2403854452474288,0.0,0.2396358289600385,-0.0082104822565571,0.0086358289600385
0.7715,0.2400838666058167,0.2401966491690451,0.2401402578874309,1.0,0.2400838666058167,0.0006180783882703,0.0090838666058167
0.7715,0.2393272391237086,0.2415547514830509,0.2404409953033797,1.0,0.2393272391237086,0.012196985928853,0.0083272391237086
0.7715,0.2403250993042626,0.2407102154335977,0.2405176573689301,1.0,0.2403250993042626,0.0021082743947353,0.0093250993042625
0.7715,0.2382205167811221,0.2424316100289019,0.240326063405012,1.0,0.2382205167811221,0.0230661689135711,0.0072205167811221
0.7715,0.2396343293629097,0.2411945112876936,0.2404144203253016,1.0,0.2396343293629097,0.0085435666486264,0.0086343293629096
0.7715,0.2383108613544285,0.2425333515008803,0.2404221064276545,1.0,0.2383108613544285,0.023122281213092,0.0073108613544285
0.7715,0.2408800203867476,0.2399813959708193,0.2404307081787834,0.0,0.2399813959708193,-0.0049206364155698,0.0089813959708193
0.7715,0.2405816709946203,0.2392980183490281,0.2399398446718242,0.0,0.2392980183490281,-0.0070387897483237,0.0082980183490281
0.7715,0.2421327638511993,0.2394415407401827,0.240787152295691,0.0,0.2394415407401827,-0.0147216465405162,0.0084415407401827
0.7715,0.2396854800396547,0.2409446636673459,0.2403150718535003,1.0,0.2396854800396547,0.0068972398280362,0.0086854800396547
0.7715,0.2412147770908014,0.2394727444634484,0.2403437607771249,0.0,0.2394727444634484,-0.0095413057565061,0.0084727444634483
0.7715,0.2408692175627671,0.2407957618551433,0.2408324897089552,0.0,0.2407957618551433,-0.0004017657033235,0.0097957618551433
0.7715,0.2399399893049033,0.24071767814577,0.2403288337253367,1.0,0.2399399893049033,0.0042596571243449,0.0089399893049033
0.7715,0.2420436382377392,0.2383422909932815,0.2401929646155103,0.0,0.2383422909932815,-0.0202816355265382,0.0073422909932815
0.7715,0.2363270764567876,0.244279642655116,0.2403033595559518,1.0,0.2363270764567876,0.0435650596827015,0.0053270764567876
0.7715,0.2412097203050366,0.2396251573445566,0.2404174388247966,0.0,0.2396251573445566,-0.0086770036526035,0.0086251573445566
0.7715,0.2417476900425895,0.2386010083261345,0.240174349184362,0.0,0.2386010083261345,-0.017243170118276,0.0076010083261345
0.7715,0.2414702789305247,0.2393858923319108,0.2404280856312177,0.0,0.2393858923319108,-0.0114136961664459,0.0083858923319108
0.7715,0.2412009472799915,0.2393175148503323,0.2402592310651619,0.0,0.2393175148503323,-0.0103182553742733,0.0083175148503323
0.7715,0.2401217468097772,0.2400031343852068,0.240062440597492,0.0,0.2400031343852068,-0.0006501717023017,0.0090031343852068
0.7715,0.2413517332693744,0.2389758880757628,0.2401638106725686,0.0,0.2389758880757628,-0.0130194721032961,0.0079758880757628
0.7715,0.2401717649875004,0.2404983862208834,0.2403350756041919,1.0,0.2401717649875004,0.0017889789647607,0.0091717649875004
0.7715,0.2380760875458027,0.2432458174182394,0.2406609524820211,1.0,0.2380760875458027,0.0282904315470349,0.0070760875458027
0.7715,0.2418776877046808,0.2390612579464913,0.240469472825586,0.0,0.2390612579464913,-0.0154204706752321,0.0080612579464913
0.7715,0.2379174981729316,0.2430865613994514,0.2405020297861915,1.0,0.2379174981729316,0.0282995534092773,0.0069174981729316
0.7715,0.2393312707753202,0.2409608140484027,0.2401460424118615,1.0,0.2393312707753202,0.0089302093543643,0.0083312707753202
0.7715,0.241186441538762,0.2391870316033319,0.240186736571047,0.0,0.2391870316033319,-0.0109558964735212,0.0081870316033319
0.7715,0.2417845212019571,0.239067451338805,0.2404259862703811,0.0,0.239067451338805,-0.0148782866942582,0.008067451338805
0.7715,0.2414296162347858,0.2397980389837237,0.2406138276092548,0.0,0.2397980389837237,-0.0089294699199065,0.0087980389837236
0.7715,0.2393739555339465,0.2416766951059638,0.2405253253199551,1.0,0.2393739555339465,0.0126058842901501,0.0083739555339464
0.7715,0.2413171061264662,0.2393043535968316,0.2403107298616489,0.0,0.2393043535968316,-0.0110251172299549,0.0083043535968316
0.7715,0.2402656864903166,0.2403362727413666,0.2403009796158416,1.0,0.2402656864903166,0.0003866544485671,0.0092656864903165
0.7715,0.2402023544454001,0.2405242845605009,0.2403633195029505,1.0,0.2402023544454001,0.0017631429920521,0.0092023544454001
0.7715,0.2408963954869142,0.2398356725770662,0.2403660340319902,0.0,0.2398356725770662,-0.0058093163670185,0.0088356725770662
0.7715,0.2409524311426909,0.2401786602351887,0.2405655456889398,0.0,0.2401786602351887,-0.0042353467005975,0.0091786602351886
0.7715,0.24141056076045,0.2389760747734774,0.2401933177669637,0.0,0.2389760747734774,-0.0133397030937709,0.0079760747734774
0.7715,0.2417731868888728,0.237900798155894,0.2398369925223834,0.0,0.237900798155894,-0.0212404368353922,0.0069007981558939
0.7715,0.239133422965169,0.2415982609082037,0.2403658419366864,1.0,0.239133422965169,0.0134993891622585,0.008133422965169
0.7715,0.2407629320358308,0.2398150332641984,0.2402889826500146,0.0,0.2398150332641984,-0.005192543202523,0.0088150332641983
0.7715,0.2397109154122401,0.2400942645411615,0.2399025899767008,1.0,0.2397109154122401,0.002102279057057,0.00871091541224
0.7715,0.2418786847077887,0.238577121603375,0.2402279031555819,0.0,0.238577121603375,-0.0180891504263691,0.007577121603375
0.7715,0.2412018528184693,0.2397021593988426,0.2404520061086559,0.0,0.2397021593988426,-0.0082114520900697,0.0087021593988426
0.7715,0.2382260310284281,0.2425691621048214,0.2403975965666248,1.0,0.2382260310284281,0.0237845940158387,0.0072260310284281
0.7715,0.2421019444168534,0.2384041837794717,0.2402530640981626,0.0,0.2384041837794717,-0.0202585156972727,0.0074041837794717
0.7715,0.2406632712561193,0.2401722294209597,0.2404177503385395,0.0,0.2401722294209597,-0.0026889162524139,0.0091722294209597
0.7715,0.2413857304091416,0.2395577860383501,0.2404717582237458,0.0,0.2395577860383501,-0.0100082145714368,0.00855778603835
0.7715,0.2373720476082344,0.2429825138708244,0.2401772807395294,1.0,0.2373720476082344,0.03074469838876,0.0063720476082344
0.7715,0.2377465562841052,0.2426348567923435,0.2401907065382244,1.0,0.2377465562841052,0.0267860605005199,0.0067465562841052
0.7715,0.2420272811483633,0.2386721276725275,0.2403497044104454,0.0,0.2386721276725275,-0.0183764075790853,0.0076721276725274
0.7715,0.2415685836429514,0.2391559807164161,0.2403622821796837,0.0,0.2391559807164161,-0.0132134391375569,0.0081559807164161
0.755219,0.2274538161153723,0.2541258994285528,0.2407898577719626,0.867045110687877,0.231,0.1460175715391565,0.0
0.755219,0.2275230033612847,0.2538344681548489,0.2406787357580668,0.867852410878859,0.231,0.1440857698080706,0.0
0.755219,0.2273214253452399,0.2531585039071432,0.2402399646261915,0.8576242029087559,0.231,0.1416609749255986,0.0
0.755219,0.2256957496120465,0.2556515959240787,0.2406736727680626,0.8229310454893414,0.231,0.1640833869353393,2.775557561562892e-17
0.755219,0.2225213958968268,0.2588849988352111,0.240703197366019,0.7668381728416854,0.231,0.1992609991637919,0.0
0.755219,0.2241643637774009,0.2581270577249496,0.2411457107511753,0.798731036084597,0.2309999999999999,0.1858350829345847,-2.775557561562892e-17
0.755219,0.2252205996697014,0.2562363619221679,0.2407284807959346,0.8136624764126503,0.2309999999999999,0.1698749929047143,-2.775557561562892e-17
0.755219,0.2241525447983524,0.2575079558327129,0.2408302503155327,0.7947123123563439,0.231,0.1826675592403519,2.775557561562892e-17
0.755219,0.2264222887851769,0.2541812991121898,0.2403017939486833,0.8350909790768568,0.231,0.1521895878398345,2.775557561562892e-17
0.755219,0.22387766147028,0.2568674955874188,0.2403725785288494,0.7841050517432026,0.2309999999999999,0.1808964167126976,-2.775557561562892e-17
0.755219,0.2257025079004229,0.2553715632836169,0.2405370355920199,0.8214472273836592,0.231,0.1625726052602096,0.0
0.755219,0.2253330517612048,0.2561107576367818,0.2407219046989933,0.8158748978333676,0.231,0.1685714969589109,0.0
0.755219,0.225855076732839,0.2544712647605007,0.2401631707466698,0.8202093422720157,0.231,0.1569597978676351,0.0
0.755219,0.2266030806552394,0.2547627573070719,0.2406829189811556,0.8438576053580356,0.231,0.1542225866227216,0.0
0.755219,0.2254373067492271,0.2554538084014032,0.2404455575753152,0.8146788284913409,0.231,0.1645232121623765,0.0
0.755219,0.2245727296098091,0.2571182752698078,0.2408455024398084,0.8025145911721324,0.231,0.1782139248584169,0.0
0.755219,0.2257237574976105,0.2559283725535003,0.2408260650255554,0.825316677844545,0.231,0.1653770796589342,2.775557561562892e-17
0.755219,0.223278287340894,0.2581660696385338,0.2407221784897139,0.7786700056418222,0.231,0.1911408653336292,0.0
0.755219,0.2249351393887702,0.2565464005308878,0.240740769959829,0.8081424026721542,0.231,0.1731378169988973,0.0
0.755219,0.223376156583842,0.2583020153798833,0.2408390859818626,0.7817135017157506,0.231,0.1912863389591355,0.0
0.755219,0.2263383294613869,0.2550769155929882,0.2407076225271875,0.8377905399637232,0.231,0.1573879058188685,0.0
0.755219,0.2260024693337098,0.2544811307906697,0.2402418000621898,0.8245166587677232,0.231,0.1561690040334986,2.775557561562892e-17
0.755219,0.22767829180842,0.2543544871376649,0.2410163894730425,0.8754804367496,0.231,0.1459461612239458,0.0
0.755219,0.2250254747542955,0.2562793821844866,0.240652428469391,0.8088390944700524,0.231,0.171219276678227,0.0
0.755219,0.2267140863693982,0.2545449051177416,0.2406294957435699,0.8460011662122998,0.231,0.1524415307440756,0.0
0.755219,0.2263403981693651,0.2559376169388384,0.2411390075541017,0.8425662266807038,0.2309999999999999,0.1619007846684355,-2.775557561562892e-17
0.755219,0.2252964636898426,0.2560111138851673,0.2406537887875049,0.8143056725736181,0.2309999999999999,0.1682580315136284,-2.775557561562892e-17
0.755219,0.2275927327516067,0.2531748464723432,0.2403837896119749,0.8668105659450889,0.2309999999999999,0.1402034373037097,-2.775557561562892e-17
0.755219,0.2208489932561781,0.2608651651481422,0.2408570792021601,0.7463273905553084,0.231,0.2192489995401461,0.0
0.755219,0.2267052023317209,0.2546647957148742,0.2406849990232975,0.8463926992991647,0.231,0.1531239367871677,0.0
0.755219,0.2272930842561864,0.2535119785554356,0.240402531405811,0.8586166258002824,0.231,0.1436910242660214,0.0
0.755219,0.2269682680327527,0.2543549886458051,0.2406616283392789,0.8527851499925184,0.231,0.1499911323804512,0.0
0.755219,0.2267069449202073,0.2544020451275122,0.2405544950238597,0.8449886424797862,0.2309999999999999,0.1517292488121138,-2.775557561562892e-17
0.755219,0.2255042392474315,0.2552764663250045,0.240390352786218,0.8154064612550149,0.231,0.1632073139808871,0.0
0.755219,0.226887654010954,0.2540205260754488,0.2404540900432014,0.8484367604258419,0.231,0.1486863870350381,0.0
0.755219,0.2255384631803876,0.2557383132684961,0.2406383882244419,0.819153512230084,0.231,0.1654392892477296,2.775557561562892e-17
0.755219,0.2230926541633586,0.2590306588669582,0.2410616565151584,0.7799725972029439,0.231,0.1967211017863668,0.0
0.755219,0.2274215803933677,0.2540177536810428,0.2407196670372052,0.8654535910889645,0.231,0.1456303998108836,0.0
0.755219,0.2229224622922809,0.2589807816395297,0.2409516219659053,0.7759868498048735,0.231,0.1974434243597007,0.0
0.755219,0.2245983043270574,0.256435517429965,0.2405169108785112,0.7989241190097157,0.231,0.1744894679660218,2.775557561562892e-17
0.755219,0.2266949674451291,0.2542633368017234,0.2404791521234263,0.8438415961718431,0.231,0.1510661709301839,0.0
0.755219,0.2273378397763452,0.2540004301035836,0.2406691349399644,0.8626479956107832,0.231,0.1460156475287968,0.0
0.755219,0.2269555168145594,0.2548402202594777,0.2408978685370186,0.8549569231234693,0.231,0.1526206527056481,0.0
0.755219,0.224687016775259,0.2571742913591571,0.2409306540672081,0.8056782753986416,0.2309999999999999,0.1778509920944009,-2.775557561562892e-17
0.755219,0.2268505026943715,0.2543061626804555,0.2405783326874135,0.8488655050458936,0.231,0.1504050024535934,0.0
0.755219,0.2256770712680779,0.2555101473951514,0.2405936093316147,0.8215762695992485,0.231,0.1634468203859838,0.0
0.755219,0.2255967374560786,0.2557492491499923,0.2406729933030355,0.8208022403317053,0.231,0.1651631512499265,0.0
0.755219,0.2263844236191706,0.2549582221703278,0.2406713228947492,0.8384682256170511,0.231,0.1564999378504754,0.0
0.755219,0.2264409633024301,0.2553093142600328,0.2408751387812314,0.8420749178134396,0.231,0.1580245898620427,0.0
0.755219,0.2269187768611283,0.2539766100950544,0.2404476934780914,0.849166668166376,0.231,0.1482771990783258,0.0
0.755219,0.2273540029794085,0.2528314801204491,0.2400927415499288,0.8568933258027216,0.231,0.1397451216509178,0.0
0.755219,0.2243593378427541,0.2570626258872781,0.2407109818650161,0.7969420644124556,0.231,0.1791483777953619,0.0
0.755219,0.2261881472872704,0.2549231200279386,0.2405556336576045,0.8325436827048243,0.231,0.1574361986067507,0.0
0.755219,0.2250886734251638,0.255411610636729,0.2402501420309464,0.8050542883233099,0.231,0.1662990117722886,0.0
0.755219,0.2274331240384793,0.2534560065365304,0.2404445652875048,0.8629330950640145,0.231,0.1425980564645499,0.0
0.755219,0.226702559610002,0.2547017974492593,0.2407021785296306,0.8465158082277282,0.231,0.1533339423512147,0.0
0.755219,0.2233104229476477,0.2583504258810417,0.2408304244143447,0.7805486184756024,0.231,0.1919179648312503,0.0
0.755219,0.227662106978015,0.2533005832339232,0.240481345105969,0.869809227792318,0.231,0.1404737393308119,0.0
0.755219,0.226111169877087,0.2553062109945597,0.2407086904358234,0.8325458730048827,0.231,0.1598919922562542,2.775557561562892e-17
0.755219,0.2269059154609157,0.2545647662001423,0.240735340830529,0.851979224383394,0.231,0.1514523259173239,2.775557561562892e-17
0.755219,0.2221964257428983,0.2590884373511654,0.2406424315470318,0.7613690912119053,0.231,0.2022004165918518,2.775557561562892e-17
0.755219,0.2225672913668684,0.2587809216450806,0.2406741065059745,0.7671399258139245,0.231,0.1984532104153946,2.775557561562892e-17
0.755219,0.2275804721863068,0.2535698033450655,0.2405751377656861,0.8684257092726,0.231,0.1423609708676187,0.0
0.755219,0.2271327529226045,0.254078456037245,0.2406056044799248,0.8564800086699449,0.2309999999999999,0.147595311009526,-2.775557561562892e-17
0.815,0.240136519844178,0.240946028239314,0.240541274041746,1.0,0.240136519844178,0.004431266757936,0.009136519844178
0.815,0.2401853039382498,0.2406752830179462,0.240430293478098,1.0,0.2401853039382498,0.00268300099168,0.0091853039382498
0.815,0.2399957242677885,0.2399597950581188,0.2399777596629536,0.0,0.2399597950581188,-0.0001969928072189,0.0089597950581188
0.815,0.2385163972040261,0.2422215554326021,0.2403689763183141,1.0,0.2385163972040261,0.0202923522025126,0.007516397204026
0.815,0.2357432049892825,0.2447619080976658,0.2402525565434742,1.0,0.2357432049892825,0.0494136349738238,0.0047432049892825
0.815,0.2372104890921906,0.2443156102456667,0.2407630496689286,1.0,0.2372104890921906,0.0388712951863114,0.0062104890921906
0.815,0.238088566406818,0.2426876053672432,0.2403880858870306,1.0,0.238088566406818,0.0251867866439241,0.007088566406818
0.815,0.2371279180991956,0.2438161925534577,0.2404720553263267,1.0,0.2371279180991956,0.0366207854147295,0.0061279180991956
0.815,0.239153940554957,0.2409139636415227,0.2400339520982398,1.0,0.239153940554957,0.009648349434072,0.0081539405549569
0.815,0.2369268634290999,0.2430776893203821,0.240002276374741,1.0,0.2369268634290999,0.0337228613767963,0.0059268634290998
0.815,0.2385100727445037,0.2419165360178977,0.2402133043812007,1.0,0.2385100727445037,0.0186646853819216,0.0075100727445037
0.815,0.2382080890680984,0.2425626623354941,0.2403853757017962,1.0,0.2382080890680984,0.0238480871120481,0.0072080890680984
0.815,0.2386541001364842,0.2410529667118153,0.2398535334241497,1.0,0.2386541001364842,0.0131572622085183,0.0076541001364842
0.815,0.2393620529929777,0.241414278569181,0.2403881657810793,1.0,0.2393620529929777,0.011238862478311,0.0083620529929777
0.815,0.2382973038731311,0.241988895565569,0.2401430997193501,1.0,0.2382973038731311,0.0202310507788658,0.0072973038731311
0.815,0.2375287150674112,0.243380838939326,0.2404547770033686,1.0,0.2375287150674112,0.0320437447947148,0.0065287150674112
0.815,0.2385437106370395,0.2424986647070752,0.2405211876720574,1.0,0.2385437106370395,0.0216511071901801,0.0075437106370395
0.815,0.236401355472928,0.2442746536252708,0.2403380045490994,1.0,0.236401355472928,0.0431265075493008,0.0054013554729279
0.815,0.2378417807390807,0.242997091933082,0.2404194363360813,1.0,0.2378417807390807,0.0282308860836753,0.0068417807390806
0.815,0.2364928927372303,0.244380256034747,0.2404365743859887,1.0,0.2364928927372303,0.0431914508893718,0.0054928927372303
0.815,0.2391057587182963,0.241756075866256,0.2404309172922762,1.0,0.2391057587182963,0.014512549044815,0.0081057587182963
0.815,0.2388028342630729,0.2410829173637596,0.2399428758134163,1.0,0.2388028342630729,0.0125025656583541,0.0078028342630729
0.815,0.2403690220992087,0.2411955034536836,0.2407822627764461,1.0,0.2403690220992087,0.0045210838021934,0.0093690220992087
0.815,0.2378974451704381,0.2427459211747016,0.2403216831725698,1.0,0.2378974451704381,0.026557923056182,0.006897445170438
0.815,0.2394455335659334,0.2412450568599665,0.24034529521295,1.0,0.2394455335659334,0.0098561477612384,0.0084455335659333
0.815,0.2390961028372714,0.2425763895187249,0.2408362461779981,1.0,0.2390961028372714,0.0190354709669706,0.0080961028372714
0.815,0.2381537819848949,0.242514454633213,0.240334118309054,1.0,0.2381537819848949,0.0238849740449003,0.0071537819848949
0.815,0.2402800933105163,0.2400869851099093,0.2401835392102128,0.0,0.2400869851099093,-0.0010581538037022,0.0090869851099093
0.815,0.2344533024354369,0.2462082395578186,0.2403307709966277,1.0,0.2344533024354369,0.0643953146546039,0.0034533024354369
0.815,0.2394396666567768,0.2413939237148438,0.2404167951858103,1.0,0.2394396666567768,0.0107014692052789,0.0084396666567768
0.815,0.2399835737312348,0.2403550032924904,0.2401692885118626,1.0,0.2399835737312348,0.0020353646075326,0.0089835737312348
0.815,0.2397009036057989,0.2411459405145048,0.2404234220601518,1.0,0.2397009036057989,0.0079128261761993,0.0087009036057988
0.815,0.2394319053025077,0.2410916172258901,0.2402617612641989,1.0,0.2394319053025077,0.0090925442975384,0.0084319053025077
0.815,0.2383384713145546,0.2417979725377137,0.2400682219261342,1.0,0.2383384713145546,0.0189631333194593,0.0073384713145546
0.815,0.2395862912442325,0.2407459567225349,0.2401661239833837,1.0,0.2395862912442325,0.0063548161312831,0.0085862912442324
0.815,0.2383867455177948,0.2422890191420456,0.2403378823299202,1.0,0.2383867455177948,0.021373837151946,0.0073867455177948
0.815,0.2362523157229249,0.2450938360506488,0.2406730758867869,1.0,0.2362523157229249,0.0483847962510968,0.0052523157229249
0.815,0.2401134317550648,0.240820200571622,0.2404668161633434,1.0,0.2401134317550648,0.0038696859316267,0.0091134317550648
0.815,0.2360927436055754,0.244947309755687,0.2405200266806312,1.0,0.2360927436055754,0.0484772704126483,0.0050927436055753
0.815,0.2375350331873678,0.242777897642116,0.2401564654147419,1.0,0.2375350331873678,0.0287318569226506,0.0065350331873678
0.815,0.2394178032216764,0.2409605535637856,0.240189178392731,1.0,0.2394178032216764,0.0084535263443967,0.0084178032216764
0.815,0.2400211890592062,0.2408245061159074,0.2404228475875568,1.0,0.2400211890592062,0.0043988552922911,0.0090211890592061
0.815,0.239662854583499,0.2415671817906122,0.2406150181870556,1.0,0.239662854583499,0.0104221810630151,0.008662854583499
0.815,0.2375828596067724,0.2434965916077154,0.2405397256072439,1.0,0.2375828596067724,0.0323732952824027,0.0065828596067723
0.815,0.2395512751933629,0.2410693129230717,0.2403102940582173,1.0,0.2395512751933629,0.0083152456008008,0.0085512751933629
0.815,0.2384857820500468,0.2421200063242739,0.2403028941871604,1.0,0.2384857820500468,0.0199075923581304,0.0074857820500468
0.815,0.238420470916269,0.2423135217774804,0.2403669963468747,1.0,0.238420470916269,0.0213215540841591,0.0074204709162689
0.815,0.2391252038796534,0.2416138924349497,0.2403695481573015,1.0,0.2391252038796534,0.0136298720115859,0.0081252038796534
0.815,0.2391816397998724,0.241957930376256,0.2405697850880642,1.0,0.2391816397998724,0.0151963659530645,0.0081816397998724
0.815,0.2396420377136776,0.2407400094172664,0.240191023565472,1.0,0.2396420377136776,0.0060163147348748,0.0086420377136776
0.815,0.2400130483501855,0.2396577215889509,0.2398353849695682,0.0,0.2396577215889509,-0.0019489786031572,0.0086577215889509
0.815,0.2373330324322342,0.2434124242939433,0.2403727283630887,1.0,0.2373330324322342,0.0332960366307937,0.0063330324322342
0.815,0.2389844933818002,0.2415914146034131,0.2402879539926067,1.0,0.2389844933818002,0.0142807242725193,0.0079844933818002
0.815,0.2379272320290407,0.2418945058410606,0.2399108689350506,1.0,0.2379272320290407,0.0217563225340313,0.0069272320290407
0.815,0.2401155416876822,0.24032786343475,0.2402217025612161,1.0,0.2401155416876822,0.0011633097726277,0.0091155416876822
0.815,0.2394322777022867,0.2414661577508142,0.2404492177265504,1.0,0.2394322777022867,0.0111364605123644,0.0084322777022866
0.815,0.2364098327072459,0.2444182645199279,0.2404140486135869,1.0,0.2364098327072459,0.0438573302636529,0.0054098327072458
0.815,0.2403398958229058,0.2401567120182293,0.2402483039205676,0.0,0.2401567120182293,-0.0010035871288742,0.0091567120182293
0.815,0.2388876913605352,0.2419512655332022,0.2404194784468687,1.0,0.2388876913605352,0.0167760431651267,0.0078876913605352
0.815,0.239618455512608,0.2413222626178484,0.2404703590652282,1.0,0.239618455512608,0.009328580635066,0.0086184555126079
0.815,0.2355284599683834,0.2448640119019337,0.2401962359351586,1.0,0.2355284599683834,0.0511581957622582,0.0045284599683834
0.815,0.235903616276353,0.2445200947681262,0.2402118555222396,1.0,0.235903616276353,0.047214931260878,0.004903616276353
0.815,0.2402643922418577,0.2404241927447954,0.2403442924933266,1.0,0.2402643922418577,0.0008752407626719,0.0092643922418576
0.815,0.2398065419307067,0.2409115338724925,0.2403590379015996,1.0,0.2398065419307067,0.0060518879463489,0.0088065419307067
0.763,0.2326907256198995,0.248565277768002,0.2406280016939507,1.0,0.2326907256198995,0.0869008882645594,0.0016907256198995
0.763,0.2327512737973937,0.2482831070209908,0.2405171904091922,1.0,0.2327512737973937,0.0850505190155255,0.0017512737973936
0.763,0.2325548261612241,0.2475906200194098,0.240072723090317,1.0,0.2325548261612241,0.0824371258891396,0.0015548261612241
0.763,0.2309908599583067,0.2499829856771601,0.2404869228177334,0.999518745725015,0.231,0.1040216788140266,0.0
0.763,0.2279935114679223,0.2529070176783784,0.2404502645731503,0.8793229460887433,0.231,0.1365080351536698,0.0
0.763,0.229558485163757,0.2522877994598027,0.2409231423117798,0.9365790442479932,0.231,0.1243582639645215,0.0
0.763,0.2305360240326639,0.25051618670823,0.240526105370447,0.9767781686831072,0.231,0.1094258160258114,0.0
0.763,0.2295141286192565,0.2517240008569984,0.2406190647381275,0.9330986074643652,0.231,0.1216180873067487,0.0
0.763,0.2316794395952958,0.2485840598037901,0.2401317496995429,1.0,0.2316794395952958,0.0926740623562731,0.0006794395952958
0.763,0.229273770835506,0.2510376216761016,0.2401556962558038,0.9206836521194092,0.231,0.1193304917847324,0.0
0.763,0.2309921161841119,0.2496919758176864,0.2403420460008992,0.9995784024028764,0.231,0.1024618809744613,0.0
0.763,0.230652777893176,0.2503895336326202,0.2405211557628981,0.9824073362710748,0.231,0.10809308443501,0.0
0.763,0.2311410176566158,0.2488087891875481,0.2399749034220819,1.0,0.2311410176566158,0.0969040433420942,0.0001410176566158
0.763,0.2318725613552272,0.2491294906882308,0.240501026021729,1.0,0.2318725613552272,0.0945073305456143,0.0008725613552272
0.763,0.230749245216373,0.2497686622664354,0.2402589537414042,0.9868158533478232,0.231,0.1042389222656292,0.0
0.763,0.2299265661897789,0.2513139429356248,0.2406202545627019,0.9498099358805404,0.231,0.1171090784149184,0.0
0.763,0.2310185286013671,0.250259560471593,0.24063904453648,1.0,0.2310185286013671,0.1053405122510615,1.852860136711265e-05
0.763,0.2287053880097645,0.2522907061419356,0.2404980470758501,0.9027101530970848,0.231,0.129203517826927,0.0
0.763,0.2302671483036871,0.2508241257037397,0.2405456370037134,0.9643502212387008,0.2309999999999999,0.1125815905736313,-2.775557561562892e-17
0.763,0.2288011961315227,0.2524134598195658,0.2406073279755443,0.9068787348164894,0.231,0.1293110901558969,0.0
0.763,0.2316111646910556,0.2494552162101792,0.2405331904506173,1.0,0.2316111646910556,0.097716033379186,0.0006111646910555
0.763,0.2312888748249153,0.2488266473521828,0.2400577610885491,1.0,0.2312888748249153,0.096167783765656,0.0002888748249153
0.763,0.2329192753226318,0.2488024252818295,0.2408608503022306,1.0,0.2329192753226318,0.0868905168237854,0.0019192753226318
0.763,0.2303426670994649,0.250565091724076,0.2404538794117705,0.9674948522376928,0.231,0.1107766035117228,0.0
0.763,0.2319721126517766,0.2489327115358281,0.2404524120938024,1.0,0.2319721126517766,0.0928962626965279,0.0009721126517766
0.763,0.2316075997976693,0.2502998363785587,0.240953718088114,1.0,0.2316075997976693,0.1022421809193869,0.0006075997976693
0.763,0.2306072673993794,0.2503130566612731,0.2404601620303262,0.9800701917897796,0.231,0.1079420728350837,0.0
0.763,0.2328318757516505,0.2476531792150384,0.2402425274833444,1.0,0.2328318757516505,0.081221225727478,0.0018318757516505
0.763,0.2264959350086669,0.2546375366937168,0.2405667358511918,0.8399499416649828,0.231,0.1541744087948984,0.0
0.763,0.2319638350150799,0.2490653985910365,0.2405146168030582,1.0,0.2319638350150799,0.0936522868668205,0.0009638350150798
0.763,0.2325332902859232,0.2479613000656873,0.2402472951758053,1.0,0.2325332902859232,0.0845466053139161,0.0015332902859231
0.763,0.2322268447538921,0.2487808671074013,0.2405038559306467,1.0,0.2322268447538921,0.0906547055533,0.0012268447538921
0.763,0.2319611262938564,0.2487860902955602,0.2403736082947083,1.0,0.2319611262938564,0.0921735578844453,0.0009611262938564
0.763,0.2308050658844173,0.2495868558965768,0.2401959608904971,0.9896211109028248,0.231,0.1029540049174317,0.0
0.763,0.2321308930631387,0.2484208759054859,0.2402758844843123,1.0,0.2321308930631387,0.0892657742886262,0.0011308930631387
0.763,0.2308454331152417,0.2500605207606309,0.2404529769379363,0.991955962543041,0.231,0.1052540433908983,0.0
0.763,0.2285356613906048,0.2531343271424877,0.2408349942665462,0.8998182001311796,0.231,0.1346331201089148,0.0
0.763,0.23266243318174,0.2484491905477305,0.2405558118647353,1.0,0.23266243318174,0.086437741714912,0.00166243318174
0.763,0.2283706923257792,0.2530433109914798,0.2407070016586295,0.8934321601672557,0.231,0.1350875712855723,2.775557561562892e-17
0.763,0.2299435259846819,0.2506675837535034,0.2403055548690927,0.9490218553189206,0.231,0.113575110850584,0.0
0.763,0.2319484571214228,0.2486512913102957,0.2402998742158593,1.0,0.2319484571214228,0.0915232732308812,0.0009484571214228
0.763,0.2325747572331989,0.2484426368790542,0.2405086970561266,1.0,0.2325747572331989,0.0868938049262117,0.0015747572331989
0.763,0.2322021608397854,0.2492400920514059,0.2407211264455956,1.0,0.2322021608397854,0.0932488459009051,0.0012021608397854
0.763,0.2300144697393075,0.2513981524061271,0.2407063110727173,0.9539120423713674,0.231,0.117060187324018,0.0
0.763,0.2320944709956613,0.2487223359079614,0.2404084034518113,1.0,0.2320944709956613,0.0910840732929745,0.0010944709956613
0.763,0.2309670749809831,0.2498589443002763,0.2404130096406297,0.9982571857522172,0.231,0.1034938888620804,0.0
0.763,0.230893120194268,0.2500778700982299,0.240485495146249,0.9944289184760294,0.231,0.105078000394801,0.0
0.763,0.2316452222218736,0.2493273131705381,0.2404862676962059,1.0,0.2316452222218736,0.0968414137125575,0.0006452222218736
0.763,0.2317023489117123,0.2496755659498777,0.240688957430795,1.0,0.2317023489117123,0.0983803026131149,0.0007023489117123
0.763,0.232172736706907,0.2483912481981606,0.2402819924525338,1.0,0.232172736706907,0.0888723459111411,0.0011727367069069
0.763,0.232580577843062,0.247274846569632,0.239927712206347,1.0,0.232580577843062,0.0805970482337237,0.001580577843062
0.763,0.2297214908802306,0.2512945662446808,0.2405080285624556,0.9407358896137624,0.231,0.1181646785764125,0.0
0.763,0.2314726454845811,0.2492972929612693,0.2403849692229252,1.0,0.2314726454845811,0.0976508738590704,0.0004726454845811
0.763,0.2303915908981079,0.2497061064091265,0.2400488486536172,0.968499903528775,0.231,0.1059210596359152,0.0
0.763,0.2326697557067165,0.2479184654680082,0.2402941105873624,1.0,0.2326697557067165,0.0835523664234536,0.0016697557067165
0.763,0.2319589314000106,0.249117186986471,0.2405380591932407,1.0,0.2319589314000106,0.0939566881811375,0.0009589314000105
0.763,0.2287272107886366,0.2524589134520196,0.2405930621203281,0.9042298294563508,0.231,0.129971296405676,0.0
0.763,0.2328975668999192,0.2477558383243741,0.2403267026121466,1.0,0.2328975668999192,0.0814043969012499,0.0018975668999192
0.763,0.231387667060049,0.249669822036378,0.2405287445482135,1.0,0.231387667060049,0.1001181938635797,0.000387667060049
0.763,0.2321550647754743,0.2489765305792557,0.240565797677365,1.0,0.2321550647754743,0.0921040096026131,0.0011550647754743
0.763,0.227717649733098,0.2530621210156554,0.2403898853743767,0.8704904817185543,0.231,0.138896713867803,2.775557561562892e-17
0.763,0.2280925190564377,0.2527370670305119,0.2404147930434748,0.8820233608414754,0.231,0.1350459466630678,0.0
0.763,0.2328184791896636,0.2480232136425982,0.2404208464161309,1.0,0.2328184791896636,0.0832812369888744,0.0018184791896636
0.763,0.2323656607573824,0.2485239808567292,0.2404448208070558,1.0,0.2323656607573824,0.0885012894402259,0.0013656607573824
0.74475,0.2303170607530085,0.251064430423977,0.2406907455884928,0.9670830925643996,0.231,0.1135784214119219,0.0
0.74475,0.230381484709975,0.2507781956928417,0.2405798402014083,0.9696757339678678,0.231,0.1116921856563293,0.0
0.74475,0.2301827435618045,0.2500931565370304,0.2401379500494174,0.9589533155734932,0.231,0.1091641112115158,0.0
0.74475,0.228591031425299,0.252530232676749,0.240560632051024,0.8993713888196204,0.231,0.1311212696132639,0.0
0.74475,0.2255156172217084,0.2555900307903003,0.2405528240060043,0.8176395770516642,0.231,0.1647908844950762,0.0
0.74475,0.2271148999603437,0.2549098827771233,0.2410123913687335,0.8602229738630797,0.231,0.1520792473305758,0.0
0.74475,0.2281271325312238,0.2530863287351138,0.2406067306331688,0.884897436387458,0.231,0.1366978242606442,0.0
0.74475,0.2270846452773426,0.2543221729790261,0.2407034091281843,0.8562514643201119,0.2309999999999999,0.149154926810578,-2.775557561562892e-17
0.74475,0.2292965966543672,0.25109973090479,0.2401981637795786,0.9218734643346156,0.231,0.1195316331842177,0.0
0.74475,0.2268294223971997,0.2536555184064324,0.2402424704018161,0.8445328160547527,0.2309999999999999,0.1470912565948572,-2.775557561562892e-17
0.74475,0.2285947630061817,0.2522440748381848,0.2404194189221832,0.8982956878024901,0.231,0.1295835408316501,0.0
0.74475,0.2282422075214508,0.2529598747468177,0.2406010411341342,0.8884282868037419,0.231,0.1353753611184192,0.0
0.74475,0.2287453025615482,0.2513534865968991,0.2400493945792236,0.9002707411207249,0.231,0.1240028313181553,0.0
0.74475,0.2294843285813961,0.2516610095686695,0.2405726690750328,0.931654722387284,0.231,0.1214521624340858,0.0
0.74475,0.2283418960252699,0.2523230056170835,0.2403324508211767,0.8891584242775199,0.231,0.1314365077478645,0.0
0.74475,0.227500650382805,0.25392105379661,0.2407108520897075,0.8675512420311295,0.231,0.1446700559072924,0.0
0.74475,0.2286188441852277,0.2528068371433883,0.240712840664308,0.9015562879114808,0.231,0.1324284070027692,0.0
0.74475,0.2262470727076619,0.2549285814885018,0.2405878270980818,0.8342860088478612,0.2309999999999999,0.1571283188353343,-2.775557561562892e-17
0.74475,0.2278508526646456,0.2533948723629223,0.240622862513784,0.876716845173479,0.231,0.1398990653665037,0.0
0.74475,0.2263439274380629,0.2550571739042155,0.2407005506711392,0.8378423503094389,0.231,0.1572520382912943,2.775557561562892e-17
0.74475,0.2292213837272705,0.2519815280573241,0.2406014558922973,0.9218539106370716,0.231,0.1246410268608964,0.0
0.74475,0.2288929308485789,0.2513676714647062,0.2401303011566425,0.9062472316183648,0.231,0.1232416050860785,0.0
0.74475,0.2305439070207865,0.2512976760133798,0.2409207915170831,0.9780236072119612,0.231,0.1135392855959303,0.0
0.74475,0.2279329936142899,0.2531324893486711,0.2405327414814805,0.8782909619288322,0.231,0.138044861473888,0.0
0.74475,0.2295890572376448,0.2514548593900304,0.2405219583138376,0.9354726274150792,0.231,0.1197650389554216,0.0
0.74475,0.2292202236217683,0.2528335585531855,0.2410268910874769,0.9246283346507016,0.231,0.1291629097749329,0.0
0.74475,0.2282004270065452,0.2528732902547043,0.2405368586306248,0.8865323020965687,0.231,0.135154325885658,0.0
0.74475,0.2304572568981406,0.2501348485343022,0.2402960527162214,0.9724182149983224,0.231,0.1078378637964483,0.0
0.74475,0.2239421546515651,0.2574278609059688,0.240685007778767,0.7892281173700295,0.231,0.1834587860826919,0.0
0.74475,0.2295803851179995,0.2515819103176691,0.2405811477178343,0.9354765240538048,0.231,0.1204889490946237,2.775557561562892e-17
0.74475,0.2301581457739119,0.2504560361594503,0.2403070909666811,0.9585250383119684,0.231,0.1112368740561944,0.0
0.74475,0.2298435519478672,0.2512858653708429,0.2405647086593551,0.9460670110859574,0.231,0.117428753920648,0.0
0.74475,0.2295795915554267,0.2513100734588114,0.240444832507119,0.9346352073143848,0.231,0.119049191895046,0.0
0.74475,0.2284026663446474,0.2521434353378772,0.2402730508412623,0.8905960604690915,0.231,0.1301395860145751,0.0
0.74475,0.2297543089370917,0.2509377378277166,0.2403460233824041,0.9411950223290084,0.231,0.1160817720697129,0.0
0.74475,0.2284403129669139,0.2526116985408028,0.2405260057538583,0.8941025939426815,0.231,0.1324077266574359,0.0
0.74475,0.2260702889852546,0.2557812843281072,0.2409257866566809,0.8340778907654045,0.2309999999999999,0.1626228496022501,-2.775557561562892e-17
0.74475,0.2302870118516273,0.2509518226078892,0.2406194172297582,0.9654974750660796,0.231,0.1131489692835128,0.0
0.74475,0.2259031159674287,0.2557086681452741,0.2408058920563514,0.828995483721996,0.231,0.1631970701063156,0.0
0.74475,0.2275213858024178,0.2532588449995425,0.2403901154009802,0.8648423618299205,0.231,0.141053543115095,0.0
0.74475,0.2295672722316617,0.2511736362898268,0.2403704542607443,0.9336895479275784,0.231,0.1183935748891786,0.0
0.74475,0.2302010397762123,0.2509407331349023,0.2405708864555573,0.9614767581193332,0.231,0.113575056927446,0.0
0.74475,0.2298239968373277,0.2517569737511089,0.2407904852942183,0.9463819632284683,0.231,0.1200416851259764,0.0
0.74475,0.2276002175402033,0.2539931590951004,0.2407966883176518,0.8711859209506766,0.231,0.144484174544027,0.0
0.74475,0.2297175274526701,0.2512320776403728,0.2404748025465214,0.940390455011098,0.231,0.1178549209481836,0.0
0.74475,0.2285695286406119,0.2523984749616726,0.2404840018011422,0.8980034061665592,0.231,0.1305450724352499,0.0
0.74475,0.2284927148490677,0.252626294761014,0.2405595048050408,0.8961080303842046,0.231,0.132187753422766,0.0
0.74475,0.2292607046987753,0.2518578992039217,0.2405593019513485,0.9230304761580684,0.2309999999999999,0.1237624756707074,-2.775557561562892e-17
0.74475,0.2293176829969459,0.2522074445755293,0.2407625637862376,0.926503515675405,0.231,0.12529427870076,0.0
0.74475,0.2297913955897725,0.25090137559699,0.2403463855933812,0.942747249887764,0.231,0.1156787576887141,0.0
0.74475,0.2302114900483947,0.249772464788916,0.2399919774186554,0.9596896390867574,0.231,0.1072912281361262,0.0
0.74475,0.2272919997713615,0.2538852665048854,0.2405886331381235,0.8605662002418044,0.2309999999999999,0.1456687666975609,-2.775557561562892e-17
0.74475,0.2290775224134727,0.2518255522034046,0.2404515373084387,0.9154881717546316,0.2309999999999999,0.1246277734102394,-2.775557561562892e-17
0.74475,0.2279882982941088,0.2522698974286734,0.2401290978613911,0.8759677363422056,0.231,0.1331628516915974,0.0
0.74475,0.2302961865715955,0.250407476876194,0.2403518317238948,0.9650040639986426,0.231,0.1101992769214734,0.0
0.74475,0.229576449099778,0.2516270463412509,0.2406017477205144,0.9354416170848856,0.231,0.120750905712198,0.0
0.74475,0.2262734657571798,0.2551042412572407,0.2406888535072103,0.8360594135662367,0.231,0.1579021664037376,0.0
0.74475,0.2305246674008767,0.2502479715896297,0.2403863194952532,0.9758999509121624,0.231,0.1080608122814723,0.0
0.74475,0.2289962083019455,0.2522026830736319,0.2405994456877887,0.9136537661248209,0.231,0.1270889332318392,0.0
0.74475,0.2297758346190853,0.2514878826700895,0.2406318586445874,0.9436181525557168,0.231,0.1188848103758541,2.775557561562892e-17
0.74475,0.225218198675251,0.2557657656808928,0.2404919821780719,0.8107279272460192,0.231,0.1674179703290292,0.0
0.74475,0.2255917130311214,0.2554481167321388,0.2405199148816301,0.8188567175391501,0.231,0.1636092360801271,0.0
0.74475,0.2304444273421972,0.2505159773637283,0.2404802023529628,0.9723203909410704,0.231,0.1099411330404733,0.0
0.74475,0.2299937493202001,0.251020500507116,0.240507124913658,0.9521442627605724,0.231,0.1151694993800953,0.0
0.83625,0.250960406271615,0.230431429898588,0.2406959180851015,0.0276959791409304,0.231,-0.1123800637540799,0.0
0.83625,0.2509930083473748,0.2301741503263248,0.2405835793368498,0.0396683464981672,0.2309999999999999,-0.1140048877009483,-2.775557561562892e-17
0.83625,0.2508125971632207,0.2294258782118944,0.2401192376875575,0.0736027714998331,0.231,-0.1172727222935139,0.0
0.83625,0.2494499412273405,0.2315217531207524,0.2404858471740464,0.0,0.2315217531207524,-0.0981903308400011,0.0005217531207523
0.83625,0.2469556375778154,0.2335980477418893,0.2402768426598523,0.0,0.2335980477418893,-0.0731894555583634,0.0025980477418893
0.83625,0.2483032836001491,0.2333634348312452,0.2408333592156971,0.0,0.2333634348312452,-0.0817337819916754,0.0023634348312451
0.83625,0.2490580191503461,0.2319010412128472,0.2404795301815966,0.0,0.2319010412128472,-0.0939653282991102,0.0009010412128472
0.83625,0.2481781649248968,0.2329351052112576,0.2405566350680772,0.0,0.2329351052112576,-0.0834590307654234,0.0019351052112576
0.83625,0.2500188795927565,0.2303284291252606,0.2401736543590085,0.03410642513476,0.231,-0.1079460493978345,0.0
0.83625,0.2480183193273955,0.2321405210358675,0.2400794201816315,0.0,0.2321405210358675,-0.0870545127271154,0.0011405210358674
0.83625,0.2494330338170388,0.2311991843560119,0.2403161090865253,0.0,0.2311991843560119,-0.0999139114462905,0.0001991843560119
0.83625,0.2491762864567577,0.2317827684591382,0.2404795274579479,0.0,0.2317827684591382,-0.0952616916694393,0.0007827684591382
0.83625,0.2495707028715421,0.2303552245174187,0.2399629636944804,0.0335550055376559,0.231,-0.1054033203011031,0.0
0.83625,0.2502444549838547,0.2307734132079621,0.2405089340959084,0.0116371170400545,0.231,-0.1066402900251324,0.0
0.83625,0.2492610028690869,0.2312716534612091,0.240266328165148,0.0,0.2312716534612091,-0.0985871438780441,0.0002716534612091
0.83625,0.2485613495256648,0.2324687876294424,0.2405150685775536,0.0,0.2324687876294424,-0.0881233016384721,0.0014687876294424
0.83625,0.2494769740679291,0.2318011873570709,0.2406390807125,0.0,0.2318011873570709,-0.0967648082845997,0.0008011873570709
0.83625,0.2475524146556137,0.2332721606247788,0.2404122876401962,0.0,0.2332721606247788,-0.078217053107273,0.0022721606247787
0.83625,0.248840582962928,0.2322209918889863,0.2405307874259571,0.0,0.2322209918889863,-0.0910070324712644,0.0012209918889863
0.83625,0.2476358213019097,0.2333548489934977,0.2404953351477037,0.0,0.2333548489934977,-0.0782025143717042,0.0023548489934977
0.83625,0.2499960442148511,0.231138313460039,0.2405671788374451,0.0,0.231138313460039,-0.1032614146678883,0.000138313460039
0.83625,0.2497209989943783,0.230404375045945,0.2400626870201616,0.0308348371664255,0.231,-0.1059284488959146,0.0
0.83625,0.2511954837945172,0.2306985354398553,0.2409470096171863,0.0147077777105349,0.231,-0.1121245968970627,0.0
0.83625,0.2488695316714353,0.2319750864924027,0.240422309081919,0.0,0.2319750864924027,-0.0925416191349004,0.0009750864924027
0.83625,0.2503050868437267,0.2306397032342302,0.2404723950389785,0.0183213698204073,0.231,-0.1077167994160046,0.0
0.83625,0.2499809035721443,0.2319212951189325,0.2409510993455384,0.0,0.2319212951189325,-0.0987800004014529,0.0009212951189325
0.83625,0.2491153505240365,0.2317690568241187,0.2404422036740776,0.0,0.2317690568241187,-0.0950129642949244,0.0007690568241186
0.83625,0.2511061955730814,0.2296449894773751,0.2403755925252282,0.0631376688049209,0.231,-0.1175956180346944,2.775557561562892e-17
0.83625,0.2459043578837526,0.2347390977017518,0.2403217277927521,0.0,0.2347390977017518,-0.0611656145658572,0.0037390977017517
0.83625,0.2503054583972266,0.2308090064225726,0.2405572324098996,0.0097963248736595,0.231,-0.1067649082403865,0.0
0.83625,0.2508135900537596,0.2298570631249463,0.2403353265893529,0.0545384680837665,0.231,-0.1148406419885348,0.0
0.83625,0.2505611881223138,0.2306146826091157,0.2405879353657148,0.0193175386349923,0.231,-0.1092221088401612,2.775557561562892e-17
0.83625,0.2502923719970462,0.2304746820558331,0.2403835270264397,0.0265075266453921,0.231,-0.108579258717,2.775557561562892e-17
0.83625,0.2492829962030953,0.2310624832728894,0.2401727397379924,0.0,0.2310624832728894,-0.0998815763966167,6.248327288946309e-05
0.83625,0.2504249838936718,0.2301503848987302,0.240287684396201,0.0419053960811639,0.231,-0.111115257513134,0.0
0.83625,0.2493412917767363,0.2315798334094411,0.2404605625930887,0.0,0.2315798334094411,-0.0972835176297963,0.0005798334094411
0.83625,0.2474302120227674,0.2340650044256463,0.2407476082242068,0.0,0.2340650044256463,-0.0731332672962803,0.0030650044256463
0.83625,0.2509441640839198,0.2302941633889094,0.2406191637364146,0.0341809485391981,0.231,-0.1130678810011796,0.0
0.83625,0.2472752083811544,0.2338422641995494,0.2405587362903519,0.0,0.2338422641995494,-0.0735435084277364,0.0028422641995494
0.83625,0.2485547717406228,0.2319143996743091,0.2402345857074659,0.0,0.2319143996743091,-0.091197756387068,0.0009143996743091
0.83625,0.2502754866756254,0.2303454197492057,0.2403104532124155,0.0328438561300848,0.231,-0.1092182441938152,0.0
0.83625,0.2508470713538341,0.2303064684331532,0.2405767698934937,0.0337639342683786,0.231,-0.1124818674472631,0.0
0.83625,0.250509965405248,0.2309799200886302,0.2407449427469391,0.001028154878508,0.231,-0.1068919805700714,0.0
0.83625,0.2485728023635352,0.2326160178348199,0.2405944100991776,0.0,0.2326160178348199,-0.0873596441781705,0.0016160178348199
0.83625,0.2503926449703795,0.2305048348848649,0.2404487399276222,0.024897920535539,0.231,-0.1089435551097151,0.0
0.83625,0.2494102076827579,0.2314488648459204,0.2404295362643391,0.0,0.2314488648459204,-0.0983878108693367,0.0004488648459203
0.83625,0.2493566768636309,0.2316113574279421,0.2404840171457865,0.0,0.2316113574279421,-0.0971885723543839,0.0006113574279421
0.83625,0.2499987326684492,0.2309737139506629,0.2404862233095561,0.0013816569500914,0.231,-0.1042021916335154,0.0
0.83625,0.2500514466746636,0.2313108682394389,0.2406811574570513,0.0,0.2313108682394389,-0.102586156800503,0.0003108682394389
0.83625,0.2504985013939736,0.2301849430305362,0.2403417222122549,0.0401237909617435,0.231,-0.1113118353367514,0.0
0.83625,0.2508198955016824,0.2291398618222107,0.2399798786619465,0.0857995981597848,0.231,-0.1189301057420113,0.0
0.83625,0.2483753366235433,0.2325725380909027,0.240473937357223,0.0,0.2325725380909027,-0.0865457693434179,0.0015725380909027
0.83625,0.2499008213547424,0.230962826700283,0.2404318240275127,0.001962895248163,0.231,-0.1037412225198792,0.0
0.83625,0.2488735622598114,0.2311256765082403,0.2399996193840258,0.0,0.2311256765082403,-0.0973368995768826,0.0001256765082403
0.83625,0.2509400761425682,0.2298474279625335,0.2403937520525509,0.0546433064084105,0.231,-0.1155680932963409,0.0
0.83625,0.2502956934525157,0.2309102317963921,0.2406029626244539,0.0046306972307539,0.231,-0.1061427902179223,2.775557561562892e-17
0.83625,0.2475437103937804,0.2333774330345782,0.2404605717141793,0.0,0.2333774330345782,-0.0775818290415568,0.0023774330345782
0.83625,0.2511562651580242,0.2296663078575916,0.2404112865078079,0.0620611815911585,0.231,-0.1177413530846909,0.0
0.83625,0.2497862268248169,0.231308131566487,0.2405471791956519,0.0,0.231308131566487,-0.1011867359589366,0.0003081315664869
0.83625,0.2504681144876735,0.2307648799757451,0.2406164972317093,0.0119330673404176,0.231,-0.1078800798906907,0.0
0.83625,0.2468157126421171,0.2336480225138627,0.2402318675779899,0.0,0.2336480225138627,-0.0721577792887491,0.0026480225138627
0.83625,0.2471837792237342,0.2332838225935741,0.2402338009086542,0.0,0.2332838225935741,-0.0761718255203833,0.0022838225935741
0.83625,0.2510858547783492,0.2299390706972118,0.2405124627377805,0.0501697704349536,0.2309999999999999,-0.11582585734623,-2.775557561562892e-17
0.83625,0.2506246325968194,0.2304035860104845,0.2405141093036519,0.0294947141815341,0.231,-0.1107500628321507,0.0
0.7075,0.2183091723661606,0.2642618028553499,0.2412854876107553,0.7238280486070331,0.231,0.2516129655558345,0.0
0.7075,0.2183942847515022,0.2639514006876738,0.241172842719588,0.7232986551176948,0.231,0.2495171878083977,0.0
0.7075,0.2181831016096816,0.2633052383433685,0.2407441699765251,0.7159509872955625,0.231,0.2474262601040315,0.0
0.7075,0.2164453116385318,0.2659934310818539,0.2412193713601929,0.706251447582845,0.231,0.2714565812783931,0.0
0.7075,0.2129146353546062,0.2698655762165315,0.2413901057855688,0.6824395809501927,0.231,0.3121407083561056,0.0
0.7075,0.2147167240775296,0.2688217757237919,0.2417692499006608,0.6990433346422049,0.231,0.2961162941388171,2.775557561562892e-17
0.7075,0.2159316392944876,0.2666783924396018,0.2413050158670447,0.7030674915807278,0.231,0.2779933873035529,0.0
0.7075,0.2147761961917845,0.2680798258171604,0.2414280110044724,0.6956341637100837,0.231,0.2919855768566277,2.775557561562892e-17
0.7075,0.2172426113223697,0.2643823774640845,0.2408124943932271,0.7081574686587996,0.2309999999999999,0.2584940515888052,-2.775557561562892e-17
0.7075,0.2144234963659304,0.2675449288749049,0.2409842126204177,0.6879507413270706,0.231,0.2913503413073153,0.0
0.7075,0.2164620624606465,0.2657351829747927,0.2410986227177196,0.7049519618880302,0.231,0.2700346907426179,2.775557561562892e-17
0.7075,0.216030454425242,0.2665613883756875,0.2412959214004648,0.7037548209689085,0.231,0.2768114499875866,2.775557561562892e-17
0.7075,0.2166214925105861,0.2647977380671349,0.2407096152888605,0.7015436275013066,0.2309999999999999,0.2642850638890435,-2.775557561562892e-17
0.7075,0.2173975965168161,0.2650372522121902,0.2412174243645031,0.7144730942187583,0.231,0.2609474377232366,2.775557561562892e-17
0.7075,0.2161552644358611,0.2658329454773262,0.2409941049565936,0.7011789750864531,0.231,0.2723454826076379,0.0
0.7075,0.215208493145039,0.2677324495559939,0.2414704713505164,0.6993465851771334,0.231,0.2876529983975715,0.0
0.7075,0.216474112175848,0.2662718261342184,0.2413729691550332,0.70830211530804,0.231,0.2727122015228644,0.0
0.7075,0.2137686547525036,0.2689358625350441,0.2413522586437738,0.6876523945997169,0.231,0.3023284304774778,2.775557561562892e-17
0.7075,0.2156148813898893,0.266999379902103,0.2413071306459961,0.700588328083931,0.231,0.2815060507346008,0.0
0.7075,0.2138674585700097,0.2690983734441078,0.2414829160070588,0.6898015999002582,0.2309999999999999,0.3025670717058301,-2.775557561562892e-17
0.7075,0.2171276262501638,0.2653302611655451,0.2412289437078544,0.7122071485471938,0.231,0.2640386214362973,0.0
0.7075,0.2167685038244736,0.2647945790837937,0.2407815414541337,0.7036714722433091,0.2309999999999999,0.2634027313983644,-2.775557561562892e-17
0.7075,0.2185234849812601,0.2644761853963077,0.2414998351887839,0.7284922342745638,0.231,0.2514598993625112,0.0
0.7075,0.2157330728664251,0.2667126731626982,0.2412228730145617,0.700528700796994,0.2309999999999999,0.2793418968672578,-2.775557561562892e-17
0.7075,0.2175288545295831,0.2647789207491043,0.2411538876393437,0.7148967917244675,0.231,0.2588495150936329,0.0
0.7075,0.2171426973630426,0.2662161846674364,0.2416794410152395,0.7176214001054565,0.2309999999999999,0.2684899533296718,-2.775557561562892e-17
0.7075,0.2160165264771575,0.2664119516300038,0.2412142390535807,0.7026818708762059,0.231,0.2761291962916921,2.775557561562892e-17
0.7075,0.2184429495630601,0.2632392469108458,0.240841098236953,0.7196855280370495,0.2309999999999999,0.2455633542746453,-2.775557561562892e-17
0.7075,0.2108588294680075,0.2724191144774204,0.2416389719727139,0.6728220064459934,0.231,0.337372940018347,2.775557561562892e-17
0.7075,0.2175214447194585,0.2648727609628171,0.2411971028411378,0.7153499342812479,0.231,0.2593750393686429,0.0
0.7075,0.2181423947688883,0.2636286376808042,0.2408855162248462,0.7173298032987592,0.231,0.2493314744515524,0.0
0.7075,0.2177817967984399,0.264520305519473,0.2411510511589564,0.7171881696000348,0.2309999999999999,0.2560351903627964,-2.775557561562892e-17
0.7075,0.2175332284547547,0.2646393813886954,0.2410863049217251,0.714118629807652,0.231,0.2581069014880055,0.0
0.7075,0.2162434017113697,0.2656589154159522,0.2409511585636609,0.7013772157292807,0.231,0.2709334772736589,0.0
0.7075,0.2177331160038319,0.2642240007726578,0.2409785583882448,0.7146347276001059,0.231,0.2547973995511774,2.775557561562892e-17
0.7075,0.2162655411246749,0.2661011102830949,0.2411833257038849,0.7043385051249972,0.231,0.2730683365685995,2.775557561562892e-17
0.7075,0.2135518864903356,0.2698462679575964,0.241699077223966,0.6900558625053602,0.231,0.3082442328386239,2.775557561562892e-17
0.7075,0.2182694043634691,0.2641700788318225,0.2412197415976457,0.7226490507169314,0.231,0.2513742017393243,2.775557561562892e-17
0.7075,0.2133688868654671,0.2698739948799586,0.2416214408727129,0.6879731097936997,0.231,0.3094749176169191,0.0
0.7075,0.2152519995745196,0.2669722094572911,0.2411121045159054,0.6955155352003669,0.231,0.2835141688266855,0.0
0.7075,0.2175216455585804,0.2644912059759499,0.2410064257672651,0.7130406518253196,0.231,0.2574134011122397,0.0
0.7075,0.2181942349289122,0.2641265683973036,0.2411604016631079,0.7212036902087692,0.231,0.2515909534183915,0.0
0.7075,0.2177958470787924,0.2650484151916436,0.241422131135218,0.7205622160117797,0.231,0.2586655109647964,2.775557561562892e-17
0.7075,0.2153752642862645,0.2677244515741393,0.2415498579302019,0.7015285905430954,0.231,0.2866250482743315,0.0
0.7075,0.2176953137350357,0.2644807657889348,0.2410880397619852,0.715623432479895,0.2309999999999999,0.2563396858994029,-2.775557561562892e-17
0.7075,0.2164362164422362,0.2658179280870467,0.2411270722646414,0.705077384467408,0.231,0.270611116530784,0.0
0.7075,0.2163440745045149,0.2660975209071673,0.2412207977058411,0.7054289389949926,0.231,0.2725866796798382,0.0
0.7075,0.2171987900991427,0.2652252909490241,0.2412120405240834,0.7126334491035197,0.2309999999999999,0.2630814489346749,-2.775557561562892e-17
0.7075,0.2172518096116009,0.2655814545807664,0.2414166320961837,0.7155329736609805,0.231,0.2645964536805454,2.775557561562892e-17
0.7075,0.2177433838894238,0.2641605777856132,0.2409519808375185,0.7144028969044496,0.231,0.2544108578527411,0.0
0.7075,0.2182297061115456,0.2629546282772282,0.2405921671943869,0.7144702937403216,0.231,0.2453447979925573,0.0
0.7075,0.2149762575936531,0.2676133647723865,0.2412948111830198,0.6955808693677453,0.231,0.2884210755787288,0.0
0.7075,0.2169583659468091,0.2651817806365529,0.241070073291681,0.7088212408115249,0.231,0.2642728013787312,0.0
0.7075,0.2158230861216065,0.2658216915011416,0.240822388811374,0.6964532557821002,0.2309999999999999,0.2742494490846743,-2.775557561562892e-17
0.7075,0.2182896114146567,0.263544865379468,0.2409172383970623,0.7191400451486499,0.231,0.2480369545685332,2.775557561562892e-17
0.7075,0.2175239825229676,0.264882744596761,0.2412033635598643,0.715448274259485,0.231,0.2594114016258328,0.0
0.7075,0.2138210853571387,0.2691453842971461,0.2414832348271424,0.6894869890445462,0.2309999999999999,0.3030819175275961,-2.775557561562892e-17
0.7075,0.2185177087621108,0.2634053449803777,0.2409615268712442,0.7219213955220588,0.231,0.245981765084144,0.0
0.7075,0.2168944728092658,0.2655873902825822,0.241240931545924,0.7103166554260392,0.231,0.2667294558587747,0.0
0.7075,0.217740334907749,0.2647553000531051,0.2412478174804271,0.7179692667801401,0.231,0.2574861438794036,0.0
0.7075,0.2124880008211552,0.2701826605223836,0.2413353306717694,0.6791384285008507,0.231,0.3162970553663193,0.0
0.7075,0.212840709220636,0.2699198913137776,0.2413803002672068,0.6818579013670572,0.231,0.3128575386405463,0.0
0.7075,0.2184315972356127,0.2636820170044772,0.2410568071200449,0.7222478193885126,0.231,0.2479115927607362,2.775557561562892e-17
0.7075,0.2179963833901715,0.2642002909171972,0.2410983371536844,0.7185602407713596,0.231,0.2531304385745245,2.775557561562892e-17
0.8325,0.246695640188339,0.2344980314921033,0.2405968358402211,0.0,0.2344980314921033,-0.0667706016890807,0.0034980314921032
0.8325,0.2467345012712031,0.2342358531310569,0.24048517720113,0.0,0.2342358531310569,-0.0684408042255924,0.0032358531310568
0.8325,0.2465505867648352,0.2335004354826454,0.2400255111237403,0.0,0.2335004354826454,-0.071555500514306,0.0025004354826454
0.8325,0.2451428491592936,0.2356584722908163,0.2404006607250549,0.0,0.2356584722908163,-0.0519436807593423,0.0046584722908162
0.8325,0.2425445506714978,0.2379060435024012,0.2402252970869495,0.0,0.2379060435024012,-0.0254147147756758,0.0069060435024011
0.8325,0.2439365385556782,0.2375928595017685,0.2407646990287233,0.0,0.2375928595017685,-0.0347049708894047,0.0065928595017685
0.8325,0.2447372082089034,0.2360705629390108,0.2404038855739571,0.0,0.2360705629390108,-0.0474639272301329,0.0050705629390107
0.8325,0.2438266139442242,0.2371392000040154,0.2404829069741197,0.0,0.2371392000040154,-0.0366149439739891,0.0061392000040153
0.8325,0.2457380725223761,0.2344225349163314,0.2400803037193538,0.0,0.2344225349163314,-0.0620317448180567,0.0034225349163314
0.8325,0.2436524658798216,0.2363644599380772,0.2400084629089494,0.0,0.2363644599380772,-0.0399576160374841,0.0053644599380772
0.8325,0.2451300553278406,0.2353424600259879,0.2402362576769143,0.0,0.2353424600259879,-0.0536297754533121,0.0043424600259879
0.8325,0.2448565960880446,0.2359492370728533,0.240402916580449,0.0,0.2359492370728533,-0.0487825927593146,0.0049492370728533
0.8325,0.2452701260066593,0.2344919610070095,0.2398810435068344,0.0,0.2344919610070095,-0.059118666654873,0.0034919610070095
0.8325,0.2459573051303979,0.234888054266266,0.2404226796983319,0.0,0.234888054266266,-0.0606220951800622,0.0038880542662659
0.8325,0.2449423676379258,0.2354140619325245,0.2401782147852252,0.0,0.2354140619325245,-0.0522173686436153,0.0044140619325244
0.8325,0.2442167936045486,0.2366843934428286,0.2404505935236886,0.0,0.2366843934428286,-0.0412457624900752,0.0056843934428286
0.8325,0.2451699614618771,0.2359367848717214,0.2405533731667992,0.0,0.2359367848717214,-0.0505457005233005,0.0049367848717213
0.8325,0.2431634727537301,0.237519675829753,0.2403415742917416,0.0,0.237519675829753,-0.0309129007203448,0.006519675829753
0.8325,0.2445085715352377,0.2363853240378449,0.2404469477865413,0.0,0.2363853240378449,-0.0444820381263859,0.0053853240378449
0.8325,0.2432502952836896,0.237611193545965,0.2404307444148273,0.0,0.237611193545965,-0.030879350257676,0.006611193545965
0.8325,0.2457057393964546,0.2352438513505838,0.2404747953735192,0.0,0.2352438513505838,-0.0572864623079292,0.0042438513505838
0.8325,0.24541977832275,0.2345333107523219,0.239976544537536,0.0,0.2345333107523219,-0.0596965996552205,0.0035333107523219
0.8325,0.2469300988507788,0.2347582743519301,0.2408441866013544,0.0,0.2347582743519301,-0.0665826424502613,0.0037582743519301
0.8325,0.244547772332231,0.2361381320833369,0.2403429522077839,0.0,0.2361381320833369,-0.0460641631385727,0.0051381320833369
0.8325,0.2460268625892571,0.2347409570814592,0.2403839098353582,0.0,0.2347409570814592,-0.0618157857317847,0.0037409570814592
0.8325,0.2456923314216642,0.2360417530337331,0.2408670422276986,0.0,0.2360417530337331,-0.0527841626976046,0.005041753033733
0.8325,0.244797540691412,0.2359226520415435,0.2403600963664777,0.0,0.2359226520415435,-0.0486106521735183,0.0049226520415434
0.8325,0.2468407206185642,0.2336835958847415,0.2402621582516528,0.0,0.2336835958847415,-0.0720936396134361,0.0026835958847414
0.8325,0.2414067238978864,0.2391547584879303,0.2402807411929083,0.0,0.2391547584879303,-0.0123365041239167,0.0081547584879303
0.8325,0.2460244277489659,0.2349025622786583,0.2404634950138121,0.0,0.2349025622786583,-0.060903256582516,0.0039025622786583
0.8325,0.2465464633694472,0.2339173851304295,0.2402319242499383,0.0,0.2339173851304295,-0.0692051335368777,0.0029173851304294
0.8325,0.2462826952803735,0.2346870729266721,0.2404848841035228,0.0,0.2346870729266721,-0.0634944566538733,0.0036870729266721
0.8325,0.2460132026779657,0.2345806380357238,0.2402969203568448,0.0,0.2345806380357238,-0.0626348144486899,0.0035806380357238
0.8325,0.2449716352416367,0.23521272866565,0.2400921819536434,0.0,0.23521272866565,-0.0534944969911106,0.00421272866565
0.8325,0.2461542958995158,0.2342488785303381,0.240201587214927,0.0,0.2342488785303381,-0.0652439244537308,0.0032488785303381
0.8325,0.2450261716113322,0.2357195790391026,0.2403728753252174,0.0,0.2357195790391026,-0.0509738343291386,0.0047195790391026
0.8325,0.2430310965118686,0.2383217448181452,0.2406764206650068,0.0,0.2383217448181452,-0.0257698298816706,0.0073217448181451
0.8325,0.2466767928719051,0.2343649267023966,0.2405208597871508,0.0,0.2343649267023966,-0.0674108214371174,0.0033649267023966
0.8325,0.2428746901245006,0.2381285177260708,0.2405016039252857,0.0,0.2381285177260708,-0.0259842219067334,0.0071285177260707
0.8325,0.2442149893628167,0.2361127257971366,0.2401638575799767,0.0,0.2361127257971366,-0.0444028717787834,0.0051127257971366
0.8325,0.2459974953460679,0.2344511628539381,0.240224329100003,0.0,0.2344511628539381,-0.0632713698611153,0.0034511628539381
0.8325,0.2465813859044053,0.2343750671579055,0.2404782265311554,0.0,0.2343750671579055,-0.0668408259396216,0.0033750671579055
0.8325,0.2462358755785949,0.2350743972283838,0.2406551364034893,0.0,0.2350743972283838,-0.0610869634431214,0.0040743972283837
0.8325,0.2442442712829468,0.2368210044561402,0.2405326378695435,0.0,0.2368210044561402,-0.0406386203913538,0.0058210044561402
0.8325,0.246120822847865,0.2345911425627219,0.2403559827052935,0.0,0.2345911425627219,-0.0631564176855503,0.0035911425627219
0.8325,0.2451066006354454,0.2355748100675993,0.2403407053515223,0.0,0.2355748100675993,-0.0522123120061592,0.0045748100675993
0.8325,0.2450485308826432,0.2357487607534144,0.2403986458180288,0.0,0.2357487607534144,-0.0509327256985359,0.0047487607534143
0.8325,0.2457144520142616,0.2350882614096367,0.2404013567119491,0.0,0.2350882614096367,-0.058198519063374,0.0040882614096366
0.8325,0.2457689820583102,0.2354282595423438,0.240598620800327,0.0,0.2354282595423438,-0.0566029104788536,0.0044282595423437
0.8325,0.2462211285333295,0.2342666871850062,0.2402439078591678,0.0,0.2342666871850062,-0.0655047758620808,0.0032666871850062
0.8325,0.2465615548861177,0.2332085688943104,0.239885061890214,0.0,0.2332085688943104,-0.0732459926969189,0.0022085688943104
0.8325,0.2440274565421945,0.2367600149523443,0.2403937357472694,0.0,0.2367600149523443,-0.0398011655272867,0.0057600149523443
0.8325,0.245600151803968,0.235072721707292,0.24033643675563,0.0,0.235072721707292,-0.0576681321786307,0.004072721707292
0.8325,0.2445616868310398,0.2352891084223447,0.2399253976266922,0.0,0.2352891084223447,-0.0508522832067808,0.0042891084223447
0.8325,0.2466749729020677,0.2339015336744521,0.2402882532882599,0.0,0.2339015336744521,-0.0699852703902803,0.0029015336744521
0.8325,0.2460154457947629,0.2349924338825408,0.2405039398386518,0.0,0.2349924338825408,-0.0603548458315972,0.0039924338825407
0.8325,0.2431612625367709,0.2376403623641465,0.2404008124504587,0.0,0.2376403623641465,-0.0302346141954648,0.0066403623641465
0.8325,0.2468947762154934,0.2337240835949886,0.240309429905241,0.0,0.2337240835949886,-0.0721583005431161,0.0027240835949886
0.8325,0.2454926291435117,0.2354232812406224,0.240457955192067,0.0,0.2354232812406224,-0.0551391567551631,0.0044232812406224
0.8325,0.2461931819533658,0.2348472520746094,0.2405202170139876,0.0,0.2348472520746094,-0.0621205673007285,0.0038472520746093
0.8325,0.2423768439212618,0.2379735711409305,0.2401752075310961,0.0,0.2379735711409305,-0.0241292315519416,0.0069735711409305
0.8325,0.2427485166151098,0.2376167028125139,0.2401826097138119,0.0,0.2376167028125139,-0.0281211484343446,0.0066167028125138
0.8325,0.2468223788764585,0.2339940841211782,0.2404082314988183,0.0,0.2339940841211782,-0.0702619387568614,0.0029940841211782
0.8325,0.2463619809276616,0.2344679655804009,0.2404149732540312,0.0,0.2344679655804009,-0.0651418403519783,0.0034679655804009
0.825,0.2483397334655922,0.2329188485156406,0.2406292909906164,0.0,0.2329188485156406,-0.0844157493446364,0.0019188485156406
0.825,0.2483761647671577,0.2326586182228745,0.2405173914950161,0.0,0.2326586182228745,-0.0860679787959237,0.0016586182228744
0.825,0.248193617102185,0.2319182378858683,0.2400559274940267,0.0,0.2319182378858683,-0.0892416363620438,0.0009182378858683
0.825,0.2468033943448082,0.234051834558733,0.2404276144517706,0.0,0.234051834558733,-0.06983764743104,0.003051834558733
0.825,0.2442460347816326,0.2362317274613871,0.2402388811215098,0.0,0.2362317274613871,-0.0439113918108509,0.005231727461387
0.825,0.2456205263144701,0.2359495177096748,0.2407850220120724,0.0,0.2359495177096748,-0.0529082359705974,0.0049495177096748
0.825,0.2464031046473433,0.234451079098131,0.2404270918727372,0.0,0.234451079098131,-0.065457400084653,0.003451079098131
0.825,0.2455045233683414,0.2355059972992167,0.2405052603337791,0.0,0.2355059972992167,-0.0547438904205221,0.0045059972992167
0.825,0.2473883734577456,0.2328326788203755,0.2401105261390605,0.0,0.2328326788203755,-0.0797949861956917,0.0018326788203754
0.825,0.2453361622729776,0.2347233005621275,0.2400297314175525,0.0,0.2347233005621275,-0.0581870499908312,0.0037233005621275
0.825,0.2467890065184563,0.2337332428820785,0.2402611247002674,0.0,0.2337332428820785,-0.0715382331845884,0.0027332428820785
0.825,0.2465221475548859,0.2343308771450825,0.2404265123499842,0.0,0.2343308771450825,-0.0667682132473912,0.0033308771450825
0.825,0.2469281353454141,0.2328854415904767,0.2399067884679454,0.0,0.2328854415904767,-0.0770261668647551,0.0018854415904767
0.825,0.2476101279656132,0.2332901015093531,0.2404501147374831,0.0,0.2332901015093531,-0.0784265590946222,0.0022901015093531
0.825,0.2466074126260634,0.2338050588186276,0.2402062357223455,0.0,0.2338050588186276,-0.0701601368646083,0.0028050588186275
0.825,0.2458920117567631,0.2350466573022254,0.2404693345294942,0.0,0.2350466573022254,-0.0593876906008423,0.0040466573022253
0.825,0.246830471408001,0.2343305490107516,0.2405805102093763,0.0,0.2343305490107516,-0.0684292396735093,0.0033305490107516
0.825,0.2448561313618169,0.23586910655956,0.2403626189606885,0.0,0.23586910655956,-0.0492246165963503,0.00486910655956
0.825,0.2461788395769117,0.2347676843444079,0.2404732619606598,0.0,0.2347676843444079,-0.0624861302452943,0.0037676843444079
0.825,0.2449416652603585,0.2359571960942905,0.2404494306773245,0.0,0.2359571960942905,-0.0491984679538712,0.0049571960942904
0.825,0.2473597723813393,0.2336494049758981,0.2405045886786186,0.0,0.2336494049758981,-0.0750745553373033,0.002649404975898
0.825,0.2470780324804991,0.2329297617698744,0.2400038971251867,0.0,0.2329297617698744,-0.0775840300245918,0.0019297617698743
0.825,0.248574487252533,0.2331817531683169,0.2408781202104249,0.0,0.2331817531683169,-0.0842020629055189,0.0021817531683169
0.825,0.246214048298626,0.2345211029350883,0.2403675756168571,0.0,0.2345211029350883,-0.0640489007845046,0.0035211029350883
0.825,0.2476762323170636,0.2331482550515792,0.2404122436843214,0.0,0.2331482550515792,-0.0795745565370273,0.0021482550515792
0.825,0.2473456343987508,0.2344415817613875,0.2408936080800691,0.0,0.2344415817613875,-0.0705796628868153,0.0034415817613875
0.825,0.2464622654822195,0.2343093493513499,0.2403858074167847,0.0,0.2343093493513499,-0.0665657945460118,0.0033093493513499
0.825,0.2484851107287029,0.232115296901791,0.2403002038152469,0.0,0.232115296901791,-0.0896972835051179,0.0011152969017909
0.825,0.2431426135682356,0.2374371876967897,0.2402899006325127,0.0,0.2374371876967897,-0.0312550819412369,0.0064371876967897
0.825,0.2476748288646882,0.2333128758952071,0.2404938523799477,0.0,0.2333128758952071,-0.078646501690001,0.0023128758952071
0.825,0.2481914749795397,0.2323406648146845,0.2402660698971121,0.0,0.2323406648146845,-0.0868602375464602,0.0013406648146845
0.825,0.2479321708717109,0.2331055464077276,0.2405188586397193,0.0,0.2331055464077276,-0.0811865286444619,0.0021055464077276
0.825,0.2476628537786829,0.2329861372602586,0.2403244955194708,0.0,0.2329861372602586,-0.0804097245919399,0.0019861372602586
0.825,0.2466338343982431,0.2336007992805656,0.2401173168394044,0.0,0.2336007992805656,-0.0714429108018868,0.0026007992805656
0.825,0.2478006611200781,0.232657397810383,0.2402290294652305,0.0,0.232657397810383,-0.0829896740692879,0.0016573978103829
0.825,0.2466898476018771,0.234111677178652,0.2404007623902646,0.0,0.234111677178652,-0.0688929499484896,0.003111677178652
0.825,0.2447277343126878,0.2366674532718296,0.2406975937922587,0.0,0.2366674532718296,-0.0441057753863671,0.0056674532718296
0.825,0.2483219038451159,0.2327840894111512,0.2405529966281336,0.0,0.2327840894111512,-0.0850746279883767,0.0017840894111512
0.825,0.2445719248365659,0.2364627779701381,0.240517351403352,0.0,0.2364627779701381,-0.0443959280051846,0.0054627779701381
0.825,0.245888324362901,0.2344819194902208,0.2401851219265609,0.0,0.2344819194902208,-0.0625113503970278,0.0034819194902207
0.825,0.2476467034271625,0.2328568191860729,0.2402517613066177,0.0,0.2328568191860729,-0.081046830249591,0.0018568191860728
0.825,0.248225814622622,0.2327952071256875,0.2405105108741548,0.0,0.2327952071256875,-0.0844975243344872,0.0017952071256875
0.825,0.2478835404971951,0.2334843523738762,0.2406839464355356,0.0,0.2334843523738762,-0.0788079137952388,0.0024843523738762
0.825,0.2459131976306703,0.2351876170238152,0.2405504073272427,0.0,0.2351876170238152,-0.0587181214226988,0.0041876170238152
0.825,0.2477676138941636,0.2330043665236529,0.2403859902089083,0.0,0.2330043665236529,-0.0808698803555343,0.0020043665236529
0.825,0.2467657863013542,0.2339724013735219,0.240369093837438,0.0,0.2339724013735219,-0.0700784660434712,0.0029724013735218
0.825,0.2467094814426719,0.2341418229269783,0.2404256521848251,0.0,0.2341418229269783,-0.0688304801996115,0.0031418229269783
0.825,0.247366078186428,0.2334903647478116,0.2404282214671198,0.0,0.2334903647478116,-0.0759968442413412,0.0024903647478116
0.825,0.2474199591732904,0.2338292885693538,0.2406246238713221,0.0,0.2338292885693538,-0.0743934676092177,0.0028292885693538
0.825,0.2478701173476796,0.2326815474962477,0.2402758324219637,0.0,0.2326815474962477,-0.0832270010162743,0.0016815474962477
0.825,0.2482031301460689,0.2316286944199537,0.2399159122830113,0.0,0.2316286944199537,-0.0909187691285851,0.0006286944199537
0.825,0.2457040249499437,0.2351331716080722,0.240418598279008,0.0,0.2351331716080722,-0.0578925269251662,0.0041331716080722
0.825,0.2472581670620492,0.2334766056673472,0.2403673863646982,0.0,0.2334766056673472,-0.0754940204840322,0.0024766056673471
0.825,0.2462241140199716,0.2336721037295188,0.2399481088747452,0.0,0.2336721037295188,-0.0688383380294381,0.0026721037295187
0.825,0.2483191845173166,0.2323273088542907,0.2403232466858036,0.0,0.2323273088542907,-0.0876194341115184,0.0013273088542906
0.825,0.2476655232584789,0.2334071324395413,0.2405363278490101,0.0,0.2334071324395413,-0.0780697020122767,0.0024071324395413
0.825,0.2448513781840369,0.2359838939928526,0.2404176360884447,0.0,0.2359838939928526,-0.0485621400573719,0.0049838939928525
0.825,0.248537651736357,0.2321484110049596,0.2403430313706583,0.0,0.2321484110049596,-0.0897928455003116,0.0011484110049596
0.825,0.2471479256781039,0.2338250718321292,0.2404864987551166,0.0,0.2338250718321292,-0.0729555165909368,0.0028250718321292
0.825,0.247841193894529,0.233261827406837,0.240551510650683,0.0,0.233261827406837,-0.0798245459307718,0.002261827406837
0.825,0.2440892779375074,0.2362920689059884,0.2401906734217479,0.0,0.2362920689059884,-0.0427275818277119,0.0052920689059884
0.825,0.2444596672543424,0.2359322973688886,0.2401959823116155,0.0,0.2359322973688886,-0.0467286823504664,0.0049322973688886
0.825,0.2484660237298756,0.2324193752058333,0.2404426994678545,0.0,0.2324193752058333,-0.087889822270309,0.0014193752058333
0.825,0.2480052347837556,0.2328896957676343,0.240447465275695,0.0,0.2328896957676343,-0.08278616200013,0.0018896957676342
0.90990625,0.2600099575563405,0.2221133681313748,0.2410616628438576,0.2344968769873203,0.231,-0.2074760760088148,0.0
0.90990625,0.2600297095243532,0.2218649288436694,0.2409473191840113,0.2393586703081477,0.2309999999999999,-0.2090172088509596,-2.775557561562892e-17
0.90990625,0.2598562964655945,0.2210894903272258,0.2404728933964101,0.2556442136966624,0.231,-0.2126130186465862,2.775557561562892e-17
0.90990625,0.2585855643189957,0.2230661708324979,0.2408258675757468,0.2233661216799211,0.231,-0.1945536081394767,2.775557561562892e-17
0.90990625,0.2562902110001831,0.2248207368039298,0.2405554739020564,0.196357370241854,0.231,-0.1724504995516371,2.775557561562892e-17
0.90990625,0.2575540612990854,0.2247357063144357,0.2411448838067605,0.1908777477876125,0.231,-0.17955850881992,0.0
0.90990625,0.2582211343301918,0.2233810212562501,0.240801077793221,0.2186840992042698,0.231,-0.1908360798855861,2.775557561562892e-17
0.90990625,0.257402181093836,0.2243519190493154,0.2408770500715757,0.2011506275420506,0.231,-0.1809681912352028,0.0
0.90990625,0.2591016995193362,0.221953992455142,0.2405278459872391,0.2435145601106897,0.231,-0.2036728161925758,2.775557561562892e-17
0.90990625,0.2572658630009148,0.2235225009657998,0.2403941819833573,0.2215991111501785,0.231,-0.1850274598747714,2.775557561562892e-17
0.90990625,0.2585601390090093,0.2227310198448644,0.2406455794269368,0.2307893788081335,0.231,-0.1963558730770558,0.0
0.90990625,0.2583349027686236,0.2232703239685709,0.2408026133685972,0.2204411487588564,0.231,-0.1920681561747879,0.0
0.90990625,0.258693160531482,0.2218962057952198,0.2402946831633509,0.2474061853767673,0.231,-0.2018782188448333,0.0
0.90990625,0.2593388061576533,0.2223599320631197,0.2408493691103865,0.2336487561733925,0.231,-0.2025584412275005,0.0
0.90990625,0.2584198080270453,0.2228084579490462,0.2406141329880458,0.2300261583178378,0.231,-0.1951764868320828,0.0
0.90990625,0.2577704747571138,0.2238635138499238,0.2408169943035188,0.2104725979308535,0.231,-0.1857028636471129,0.0
0.90990625,0.258612550962335,0.2233487973913987,0.2409806741768669,0.2169707371964856,0.231,-0.1930643211079026,2.775557561562892e-17
0.90990625,0.2568472314708349,0.2246126376472396,0.2407299345590373,0.1981524069363295,0.231,-0.1765652628926568,0.0
0.90990625,0.258026043470563,0.2237160828924594,0.2408710631815112,0.2122974490442604,0.231,-0.187886944979821,2.775557561562892e-17
0.90990625,0.2569227448457516,0.2246770826963593,0.2407999137710554,0.196085826191039,0.231,-0.1765908460926095,0.0
0.90990625,0.2590972118358286,0.2227443276792161,0.2409207697575224,0.2270981384920503,0.231,-0.1990786457100986,0.0
0.90990625,0.2588448822014219,0.2219629561544234,0.2404039191779226,0.2450263533976153,0.2309999999999999,-0.202282666175483,-2.775557561562892e-17
0.90990625,0.2602449272990311,0.2223944790393854,0.2413197031692083,0.2273558532671152,0.231,-0.2070706826006754,2.775557561562892e-17
0.90990625,0.2580342656024147,0.2234699421490244,0.2407521038757195,0.2178563645583805,0.231,-0.1893477597329129,0.0
0.90990625,0.2593808523249086,0.2222522386953081,0.2408165455101083,0.2356070008958756,0.2309999999999999,-0.2034002416270102,-2.775557561562892e-17
0.90990625,0.2590799919453646,0.2234950837109902,0.2412875378281774,0.2109016620073834,0.2309999999999999,-0.1946577520200429,-2.775557561562892e-17
0.90990625,0.2582724550712674,0.2232818074199523,0.2407771312456098,0.220578728835206,0.2309999999999999,-0.191675983526615,-2.775557561562892e-17
0.90990625,0.2601566549841629,0.2213838618919842,0.2407702584380736,0.2480125196334006,0.231,-0.2124655364923493,0.0
0.90990625,0.2553969793170442,0.2257760855898973,0.2405865324534707,0.1763591084800744,0.231,-0.1622852884970593,0.0
0.90990625,0.2593884788248624,0.2224367565013575,0.2409126176631099,0.2317413901217642,0.231,-0.2023727933944967,0.0
0.90990625,0.2598679222338512,0.2215512232406353,0.2407095727372432,0.2465968365656348,0.231,-0.2099942296358183,0.0
0.90990625,0.2596374834598015,0.2222872057495549,0.2409623446046782,0.2332725426578235,0.231,-0.2045334418686633,0.0
0.90990625,0.259372208291726,0.2220770890367231,0.2407246486642246,0.2392514393711158,0.231,-0.2043687975976218,0.0
0.90990625,0.2584274689497086,0.2225801711529913,0.2405038200513499,0.2348804335198663,0.231,-0.1965352650116469,0.0
0.90990625,0.2594873180869928,0.2217647655521165,0.2406260418195547,0.2448199771037506,0.2309999999999999,-0.206776702057535,-2.775557561562892e-17
0.90990625,0.2584930213983162,0.2231203471251596,0.2408066842617379,0.2227610164273055,0.231,-0.193758276430527,0.0
0.90990625,0.2567451700037151,0.2253901493357314,0.2410676596697232,0.1789139520484108,0.231,-0.1715716627168353,0.0
0.90990625,0.2599988980791795,0.2219685523603535,0.2409837252197665,0.2374800299324035,0.2309999999999999,-0.2082569462587067,-2.775557561562892e-17
0.90990625,0.2565917375716775,0.225106481212301,0.2408491093919892,0.1871834461320442,0.231,-0.1723929645530295,0.0
0.90990625,0.2577548164898622,0.2233388609720389,0.2405468387309506,0.2226042808543711,0.231,-0.1886431515154027,0.0
0.90990625,0.2593525624199209,0.2219462383663717,0.2406494003931463,0.2420382612487477,0.231,-0.2050241027029924,0.0
0.90990625,0.2598990511315012,0.221981782202441,0.2409404166669711,0.2378393289461658,0.231,-0.2076613202009312,0.0
0.90990625,0.2595797994506013,0.2226059008103763,0.2410928501304888,0.22702770057609,0.231,-0.2023907849224058,2.775557561562892e-17
0.90990625,0.2577508223004421,0.2240268174219746,0.2408888198612084,0.2067720783209146,0.231,-0.1846605031291497,2.775557561562892e-17
0.90990625,0.259457675622081,0.2221449913087903,0.2408013334654357,0.2373189936392625,0.231,-0.2044206609915864,0.0
0.90990625,0.2585388631646314,0.2230141830360643,0.2407765231003478,0.2247963087924873,0.2309999999999999,-0.1946100011759017,-2.775557561562892e-17
0.90990625,0.2584945673093411,0.2231552810945876,0.2408249242019643,0.2219829471863348,0.231,-0.1935648158546097,0.0
0.90990625,0.2590893171462211,0.2225601091052778,0.2408247131257494,0.2310450006269634,0.231,-0.200101885941105,0.0
0.90990625,0.2591368469377499,0.2228905632085765,0.2410137050731632,0.2237315376113017,0.231,-0.1984406418865889,0.0
0.90990625,0.2595738022049175,0.2218379148891565,0.240705858547037,0.242795009275342,0.231,-0.2068029363584147,2.775557561562892e-17
0.90990625,0.2598568337113697,0.2208141824192585,0.2403355080653141,0.2608894950430672,0.231,-0.2142152109374138,2.775557561562892e-17
0.90990625,0.2575897951740084,0.2240255489710336,0.240807672072521,0.2077940611801451,0.231,-0.1838259437877258,0.0
0.90990625,0.2590242696655709,0.2225594459835888,0.2407918578245798,0.2314711320154231,0.2309999999999999,-0.1997668347990819,-2.775557561562892e-17
0.90990625,0.2580183181723051,0.222615136762689,0.240316727467497,0.236839258604977,0.231,-0.1941971386273924,0.0
0.90990625,0.2599906334245793,0.2215522133455698,0.2407714233850746,0.2457901920789253,0.231,-0.2106263934118388,0.0
0.90990625,0.2593775987327336,0.2225619396171897,0.2409697691749616,0.2291975910665585,0.2309999999999999,-0.201592527275213,-2.775557561562892e-17
0.90990625,0.2568257492973316,0.2246841366644078,0.2407549429808697,0.1965011341441718,0.231,-0.1760422293244801,0.0
0.90990625,0.2601976942040714,0.22136399796273,0.2407808460834007,0.2481350726282842,0.231,-0.2127939855686715,0.0
0.90990625,0.2588945244055037,0.222895297317078,0.2408949108612909,0.2251354636868797,0.231,-0.1971507310101974,0.0
0.90990625,0.2595392123969243,0.2224176818763648,0.2409784471366445,0.2311951582621821,0.231,-0.2032675701263933,0.0
0.90990625,0.2562032415446659,0.2248438828538644,0.2405235621992651,0.1963087704322647,0.231,-0.1718613615387929,0.0
0.90990625,0.2565612467093972,0.2244655282671755,0.2405133874882863,0.2035932532430374,0.231,-0.1759113145357937,0.0
0.90990625,0.2601313951094935,0.2216453197526378,0.2408883574310656,0.2430666198260661,0.231,-0.2108181217115272,2.775557561562892e-17
0.90990625,0.25967031391613,0.2220888230603156,0.2408795684882228,0.2371161105309293,0.231,-0.2058521377515898,0.0
0.7875,0.2407371617284792,0.2403455157528889,0.240541338740684,0.0,0.2403455157528889,-0.0021438770751798,0.0093455157528889
0.7875,0.2407850209882949,0.2400756104511505,0.2404303157197227,0.0,0.2400756104511505,-0.0038845528290993,0.0090756104511505
0.7875,0.2405959746279828,0.2393582867560972,0.23997713069204,0.0,0.2393582867560972,-0.0067860237166019,0.0083582867560972
0.7875,0.2391233181630041,0.2416101220100343,0.2403667200865192,1.0,0.2391233181630041,0.013619659371314,0.0081233181630041
0.7875,0.2363669606171967,0.244122037647896,0.2402444991325464,1.0,0.2363669606171967,0.0424901604359178,0.0053669606171967
0.7875,0.2378269599961583,0.2436886151823677,0.240757787589263,1.0,0.2378269599961583,0.0320683330844218,0.0068269599961582
0.7875,0.238697578265822,0.242071040243504,0.240384309254663,1.0,0.238697578265822,0.0184748687695004,0.007697578265822
0.7875,0.2377416599805824,0.2431937736549045,0.2404677168177434,1.0,0.2377416599805824,0.0298522083743679,0.0067416599805824
0.7875,0.2397568866604208,0.2403094187551657,0.2400331527077932,1.0,0.2397568866604208,0.0030289477635105,0.0087568866604207
0.7875,0.2375433441811734,0.2424516185611522,0.2399974813711628,1.0,0.2375433441811734,0.0269103275536601,0.0065433441811734
0.7875,0.2391163935753133,0.2413040465231826,0.2402102200492479,1.0,0.2391163935753133,0.011986595512617,0.0081163935753132
0.7875,0.2388171791089521,0.241946360029686,0.2403817695693191,1.0,0.2388171791089521,0.0171371490100524,0.0078171791089521
0.7875,0.2392600454354578,0.2404418325150555,0.2398509389752566,1.0,0.2392600454354578,0.0064818613949306,0.0082600454354578
0.7875,0.239966092857159,0.2408063691708152,0.2403862310139871,1.0,0.239966092857159,0.0046017185356093,0.008966092857159
0.7875,0.2389059749061986,0.2413762240582643,0.2401410994822315,1.0,0.2389059749061986,0.0135376820875627,0.0079059749061986
0.7875,0.238141495376823,0.2427565390572851,0.240449017217054,1.0,0.238141495376823,0.0252700631893816,0.007141495376823
0.7875,0.2391506089998982,0.2418873139636144,0.2405189614817563,1.0,0.2391506089998982,0.0149818483254768,0.0081506089998982
0.7875,0.2370212299795766,0.243644470502108,0.2403328502408423,1.0,0.2370212299795766,0.0362790233048806,0.0060212299795765
0.7875,0.2384525035209359,0.2423808648884815,0.2404166842047087,1.0,0.2384525035209359,0.0215119105791745,0.0074525035209359
0.7875,0.2371123677185211,0.2437487504707297,0.2404305590946254,1.0,0.2371123677185211,0.0363409173197173,0.0061123677185211
0.7875,0.2397102238315694,0.2411494516595586,0.240429837745564,1.0,0.2397102238315694,0.007880872553714,0.0087102238315693
0.7875,0.2394088589323244,0.2404727974134268,0.2399408281728756,1.0,0.2394088589323244,0.0058339878081423,0.0084088589323244
0.7875,0.2409698985191085,0.2405959840710025,0.2407829412950555,0.0,0.2405959840710025,-0.002045411258758,0.0095959840710025
0.7875,0.2385066226156442,0.2421301667309484,0.2403183946732963,1.0,0.2385066226156442,0.0198482113992632,0.0075066226156442
0.7875,0.2400482889687018,0.2406392543762602,0.240343771672481,1.0,0.2400482889687018,0.0032367731017104,0.0090482889687018
0.7875,0.2397001652732743,0.2419677461356663,0.2408339557044703,1.0,0.2397001652732743,0.0124025447483502,0.0087001652732743
0.7875,0.238762331533736,0.2419002425803027,0.2403312870570194,1.0,0.238762331533736,0.0171874287538913,0.007762331533736
0.7875,0.24088089605941,0.2394906383214065,0.2401857671904083,0.0,0.2394906383214065,-0.0076180106996333,0.0084906383214065
0.7875,0.2350920648232534,0.2455484370169847,0.2403202509201191,1.0,0.2350920648232534,0.0572814263695398,0.0040920648232533
0.7875,0.2400426883578928,0.2407893402245939,0.2404160142912434,1.0,0.2400426883578928,0.0040886434149709,0.0090426883578928
0.7875,0.2405845678985322,0.2397554795982656,0.2401700237483989,0.0,0.2397554795982656,-0.0045432423149078,0.0087554795982656
0.7875,0.2403037046115058,0.2405443252187731,0.2404240149151394,1.0,0.2403037046115058,0.0013176005762187,0.0093037046115058
0.7875,0.2400345751725088,0.2404852108653,0.2402598930189044,1.0,0.2400345751725088,0.0024687627395862,0.0090345751725088
0.7875,0.2389460149337852,0.2411844357630135,0.2400652253483993,1.0,0.2389460149337852,0.0122698324357053,0.0079460149337852
0.7875,0.240187732638265,0.240140949561678,0.2401643410999715,0.0,0.240140949561678,-0.0002563660924035,0.009140949561678
0.7875,0.2389948884832128,0.2416769113410695,0.2403358999121412,1.0,0.2389948884832128,0.0146901339571583,0.0079948884832128
0.7875,0.2368737723782758,0.2444619255240011,0.2406678489511385,1.0,0.2368737723782758,0.0415254564125704,0.0058737723782758
0.7875,0.2407144746466236,0.240218973994359,0.2404667243204913,0.0,0.240218973994359,-0.0027129548003819,0.009218973994359
0.7875,0.2367145466468193,0.2443110466807452,0.2405127966637822,1.0,0.2367145466468193,0.0415894511874659,0.0057145466468193
0.7875,0.2381470254295837,0.2421567167290807,0.2401518710793322,1.0,0.2381470254295837,0.0219738458522786,0.0071470254295837
0.7875,0.2400203380607335,0.2403543577811069,0.2401873479209202,1.0,0.2400203380607335,0.0018302714916549,0.0090203380607335
0.7875,0.2406219108867626,0.2402239502760265,0.2404229305813945,0.0,0.2402239502760265,-0.0021791766376213,0.0092239502760264
0.7875,0.2402647429878395,0.2409624709759169,0.2406136069818782,1.0,0.2402647429878395,0.0038185931409231,0.0092647429878395
0.7875,0.2381930867148162,0.2428744517459886,0.2405337692304024,1.0,0.2381930867148162,0.0256270563830716,0.0071930867148162
0.7875,0.2401528468352605,0.2404660490217308,0.2403094479284956,1.0,0.2401528468352605,0.0017156048383315,0.0091528468352604
0.7875,0.2390921727368757,0.2415102818899292,0.2403012273134025,1.0,0.2390921727368757,0.0132458965675892,0.0080921727368757
0.7875,0.2390275386135542,0.2417019014227976,0.2403647200181759,1.0,0.2390275386135542,0.0146469765128893,0.0080275386135542
0.7875,0.2397286072069369,0.2410060681145474,0.2403673376607421,1.0,0.2397286072069369,0.0069963147094598,0.0087286072069369
0.7875,0.2397849163894523,0.2413497509279384,0.2405673336586953,1.0,0.2397849163894523,0.0085653220022536,0.0087849163894522
0.7875,0.2402445373817891,0.2401370704410439,0.2401908039114165,0.0,0.2401370704410439,-0.0005888625975847,0.0091370704410438
0.7875,0.2406126777148475,0.2390572150210477,0.2398349463679476,0.0,0.2390572150210477,-0.0085317953233512,0.0080572150210476
0.7875,0.2379464627111305,0.242792193501197,0.2403693281061637,1.0,0.2379464627111305,0.0265392880749766,0.0069464627111305
0.7875,0.2395903780812495,0.2409842144073405,0.240287296244295,1.0,0.2395903780812495,0.0076354130166622,0.0085903780812495
0.7875,0.2385349197147455,0.2412791294502144,0.2399070245824799,1.0,0.2385349197147455,0.0150491277838362,0.0075349197147454
0.7875,0.2407162005343055,0.2397294668256839,0.2402228336799947,0.0,0.2397294668256839,-0.0054062972468136,0.0087294668256839
0.7875,0.2400351319903358,0.2408632012090017,0.2404491665996687,1.0,0.2400351319903358,0.0045340557600321,0.0090351319903358
0.7875,0.2370286899393295,0.2437860264324784,0.2404073581859039,1.0,0.2370286899393295,0.0370057704319783,0.0060286899393295
0.7875,0.2409401929632357,0.2395576982096077,0.2402489455864217,0.0,0.2395576982096077,-0.0075741103705193,0.0085576982096076
0.7875,0.2394926043004678,0.2413431471587577,0.2404178757296127,1.0,0.2394926043004678,0.0101334968522175,0.0084926043004678
0.7875,0.2402205236442459,0.2407191316284615,0.2404698276363537,1.0,0.2402205236442459,0.0027299439319674,0.0092205236442458
0.7875,0.2361567647072949,0.2442205474163287,0.2401886560618118,1.0,0.2361567647072949,0.04418883262545,0.0051567647072948
0.7875,0.2365317268747487,0.2438753311012179,0.2402035289879833,1.0,0.2365317268747487,0.0402401067274886,0.0055317268747486
0.7875,0.2408649760642335,0.2398253185696695,0.2403451473169515,0.0,0.2398253185696695,-0.0056942842796265,0.0088253185696695
0.7875,0.2404068231555669,0.2403114831317374,0.2403591531436521,0.0,0.2403114831317374,-0.0005221632299856,0.0093114831317373
0.725,0.2265566753882969,0.2550958837654424,0.2408262795768697,0.8443080637351766,0.231,0.156241242085569,0.0
0.725,0.2266273757875911,0.2548027553120078,0.2407150655497995,0.8448069099257551,0.231,0.1542946254679633,0.0
0.725,0.2264248926954057,0.2541296568877246,0.2402772747915652,0.8348620737994691,0.231,0.1519022902000673,0.0
0.725,0.2247884634971095,0.2566407811537237,0.2407146223254166,0.8049894965303831,0.231,0.1744741144019352,0.0
0.725,0.2215819706995867,0.2599309395119404,0.2407564551057635,0.7544124498758521,0.2309999999999999,0.2101435723423887,-2.775557561562892e-17
0.725,0.2232391767149185,0.2591475862813073,0.2411933814981129,0.783871706410918,0.231,0.1964850411403218,0.0
0.725,0.2243097133779734,0.257234778527612,0.2407722459527927,0.7968026307124871,0.231,0.1803347749236299,2.775557561562892e-17
0.725,0.2232334785310958,0.2585180281966001,0.240875753363848,0.7798888878409852,0.231,0.1932361903157622,0.0
0.725,0.2255216863753074,0.255157616876612,0.2403396516259597,0.8151462251387244,0.231,0.1624821643724141,0.0
0.725,0.2229520176546894,0.2578863667356961,0.2404191921951927,0.7696255245332122,0.231,0.1915621938485707,0.0
0.725,0.2247961796684058,0.256362731848977,0.2405794557586914,0.8034685480978002,0.231,0.1729718549764443,2.775557561562892e-17
0.725,0.2244211985426217,0.2571095943592307,0.2407653964509262,0.7987419910635201,0.231,0.1790388542076657,0.0
0.725,0.224949396214218,0.2554592097504851,0.2402043029823515,0.8016833574354829,0.231,0.1673479599998955,0.0
0.725,0.2257001996891925,0.2557456516165378,0.2407229256528651,0.8236072360095206,0.231,0.1645521286115008,0.0
0.725,0.2245270494063286,0.256446158058301,0.2404866037323148,0.7972076644041441,0.231,0.1749544671199185,0.0
0.725,0.2236549412009743,0.2581320909426939,0.2408935160718341,0.7869586420556767,0.231,0.1887928887827048,0.0
0.725,0.2248165374785217,0.2569176432921556,0.2408670903853387,0.8073754045303932,0.2309999999999999,0.1757637439273764,-2.775557561562892e-17
0.725,0.2223472716688405,0.2591932590859145,0.2407702653773775,0.7651649762234392,0.231,0.2018737881987748,0.0
0.725,0.2240213186375359,0.2575454648492923,0.2407833917434141,0.7918311977765816,0.231,0.1836184578775206,0.0
0.725,0.2224453972257228,0.2593315880183908,0.2408884926220568,0.7680811547508007,0.231,0.2020266720156951,0.0
0.725,0.2254348975466885,0.2560577961255348,0.2407463468361116,0.8182698989456283,0.231,0.1677101353981984,0.0
0.725,0.2250967249894134,0.2554677471646544,0.2402822360770339,0.8056280431878564,0.231,0.1665480112852677,0.0
0.725,0.2267803337297775,0.2553230268062081,0.2410516802679928,0.8521629946087002,0.231,0.1561603097204174,0.0
0.725,0.2241142701450462,0.2572768536920712,0.2406955619185587,0.7923644927968382,0.2309999999999999,0.1816785951641915,-2.775557561562892e-17
0.725,0.2258131790035713,0.2555240408374898,0.2406686099205306,0.8254234082665589,0.231,0.1627411375867851,0.0
0.725,0.225438055315684,0.2569211478687587,0.2411796015922213,0.823335503812417,0.231,0.1722192693513073,0.0
0.725,0.2243864054242476,0.2570056431287161,0.2406960242764819,0.7972486470814617,0.231,0.1786944538313841,0.0
0.725,0.2266951607569824,0.2541380156861899,0.2404165882215861,0.8431344240924463,0.231,0.1504040315086054,0.0
0.725,0.2198767491170102,0.2619588847295002,0.2409178169232552,0.7356776047342902,0.231,0.2305727912113326,0.0
0.725,0.2258042906775082,0.255641599969736,0.2407229453236221,0.8258653529510714,0.231,0.1634098665312271,2.775557561562892e-17
0.725,0.2263953669338272,0.2544801847581352,0.2404377758459812,0.8360454714366232,0.231,0.1539193108533953,0.0
0.725,0.2260672560182015,0.2553275137918843,0.2406973849050429,0.8314183005511627,0.2309999999999999,0.1602550107154827,-2.775557561562892e-17
0.725,0.2258068823219048,0.2553817108187325,0.2405942965703187,0.8244075133469595,0.2309999999999999,0.1620288250589909,-2.775557561562892e-17
0.725,0.2245959573109493,0.256269404061103,0.2404326806860261,0.7978103633757627,0.231,0.1736315799943986,0.0
0.725,0.2259894720248183,0.2549971783719535,0.2404933251983859,0.8272690741135923,0.231,0.1589615354026978,0.0
0.725,0.2246290756178413,0.2567292642781738,0.2406791699480075,0.8015300019083211,0.231,0.1758527609603053,2.775557561562892e-17
0.725,0.2221587850472441,0.260061794659315,0.2411102898532796,0.7667410835381212,0.2309999999999999,0.2074826334200863,-2.775557561562892e-17
0.725,0.2265237385264024,0.2549891986078869,0.2407564685671446,0.8427476155037034,0.231,0.1558677035720641,0.0
0.725,0.2219875599706168,0.2600191762923164,0.2410033681314666,0.7630276885118611,0.231,0.2082522809840497,0.0
0.725,0.2236821010361708,0.2574425558568533,0.240562328446512,0.7832405101560996,0.231,0.1850326254936043,0.0
0.725,0.2257949925649955,0.255242223742526,0.2405186081537607,0.8232428915430224,0.231,0.1613631893021936,2.775557561562892e-17
0.725,0.2264407386608466,0.2549697415362119,0.2407052400985292,0.8401885492082762,0.2309999999999999,0.156239054918559,-2.775557561562892e-17
0.725,0.2260567824277081,0.2558171149005136,0.2409369486641108,0.8338991146416488,0.231,0.1628882675207179,0.0
0.725,0.2237739955924792,0.2581827099809193,0.2409783527866992,0.7899949319249073,0.231,0.1883716658206566,0.0
0.725,0.2259522199501128,0.2552800593271594,0.2406161396386361,0.82788435298654,0.2309999999999999,0.1606630274700164,-2.775557561562892e-17
0.725,0.2247706867125895,0.2564962063108548,0.2406334465117222,0.8036497631467928,0.231,0.1738181672983174,0.0
0.725,0.224689233373916,0.2567389726381623,0.2407141030060392,0.8030946032336665,0.231,0.1755582753254574,0.0
0.725,0.2254832134932571,0.2559405944217645,0.2407119039575108,0.8188686506009037,0.231,0.1668181053719579,0.0
0.725,0.2255395546437482,0.2562921709623921,0.2409158628030702,0.8224396487221376,0.231,0.1683408668966095,0.0
0.725,0.2260186735199615,0.2549510292597514,0.2404848513898564,0.8278285209528303,0.231,0.1585516610912964,0.0
0.725,0.2264587223174513,0.2538005538432575,0.2401296380803544,0.8339073343253363,0.231,0.1499721654237367,2.775557561562892e-17
0.725,0.2234399607197806,0.2580702086056652,0.2407550846627229,0.7816926028040105,0.2309999999999999,0.1897082704993129,-2.775557561562892e-17
0.725,0.2252827651068425,0.2559046407886611,0.2405937029477518,0.8132957316996748,0.2309999999999999,0.1677774381535308,-2.775557561562892e-17
0.725,0.2241799885532016,0.2564072653210659,0.2402936269371338,0.7883776685221192,0.231,0.1767448749365117,0.0
0.725,0.2265360561388006,0.254421770862233,0.2404789135005168,0.8399200484738409,0.231,0.1528082754164619,0.0
0.725,0.2258020831360284,0.2556760254233783,0.2407390542797033,0.8260049907717525,0.2309999999999999,0.1636033977752964,-2.775557561562892e-17
0.725,0.222381261534996,0.259380268789311,0.2408807651621535,0.7670548724250204,0.231,0.202650941399511,0.0
0.725,0.2267651244679702,0.2542677044743801,0.2405164144711751,0.8460189723639454,0.2309999999999999,0.1506890479262388,-2.775557561562892e-17
0.725,0.2252071258418069,0.2562896972273558,0.2407484115345813,0.8136295068275354,0.231,0.170232049887576,0.0
0.725,0.2260066933046047,0.2555397412480837,0.2407732172763442,0.8309247760355927,0.231,0.1617170803229184,0.0
0.725,0.2212479920100382,0.2601437451912738,0.240695868600656,0.7492783352331007,0.231,0.2131868676815418,0.0
0.725,0.221617773247343,0.2598397155250659,0.2407287443862045,0.7545329673598183,0.2309999999999999,0.2094617404969774,-2.775557561562892e-17
0.725,0.2266830517710334,0.2545374103061678,0.2406102310386006,0.845017137137754,0.231,0.1525790630667125,0.0
0.725,0.2262363480832676,0.2550472589514315,0.2406418035173496,0.8346580592841927,0.231,0.1578143025563712,0.0
0.855,0.2593549105623766,0.222701759845743,0.2410283352040598,0.226399095084919,0.2309999999999999,-0.2006665214331893,-2.775557561562892e-17
0.855,0.2593755749779515,0.2224527464467164,0.240914160712334,0.2314896743637329,0.231,-0.2022131747331734,0.0
0.855,0.2592016742977571,0.2216792737095223,0.2404404740036397,0.2484043170041795,0.231,-0.2057850603013002,0.0
0.855,0.2579244559661569,0.2236640311891604,0.2407942435776587,0.2141236969065584,0.2309999999999999,-0.187655997172303,-2.775557561562892e-17
0.855,0.2556156020798057,0.2254401826022147,0.2405278923410102,0.1842498793401731,0.231,-0.1653572286720335,0.0
0.855,0.2568850911511585,0.225345016698995,0.2411150539250767,0.1792951792039001,0.2309999999999999,-0.1725632928643514,-2.775557561562892e-17
0.855,0.2575581037245871,0.2239833305132321,0.2407707171189096,0.208986355398369,0.231,-0.1839030962573262,0.0
0.855,0.256734929462697,0.2249583692876031,0.2408466493751501,0.1901285311911204,0.2309999999999999,-0.1739927968153676,-2.775557561562892e-17
0.855,0.2584442842616324,0.2225463734853805,0.2404953288735065,0.2354907662262041,0.231,-0.1968183358335784,2.775557561562892e-17
0.855,0.2565971827905595,0.2241311981520857,0.2403641904713226,0.2115691830819873,0.231,-0.1780212753183447,0.0
0.855,0.2578996384649119,0.2233297358392217,0.2406146871520668,0.2218769385563208,0.2309999999999999,-0.1894525933328112,-2.775557561562892e-17
0.855,0.2576722806030235,0.2238720516042411,0.2407721661036323,0.2108846184449116,0.231,-0.1851404293496124,2.775557561562892e-17
0.855,0.2580329759076671,0.2224944656246171,0.2402637207661421,0.2393328900857046,0.231,-0.1949711245900702,0.0
0.855,0.2586806340699527,0.2229549558307179,0.2408177949503353,0.2251894034147913,0.231,-0.1956912634718819,0.0
0.855,0.2577570776579734,0.223406682364097,0.2405818800110352,0.221054738116991,0.231,-0.1882640180499604,0.0
0.855,0.2571042987012275,0.2244714715985125,0.2407878851498699,0.2000601535667854,0.231,-0.1787223195529466,0.0
0.855,0.257951440661015,0.2239463915782592,0.2409489161196371,0.2074282676250474,0.2309999999999999,-0.1861715687492533,-2.775557561562892e-17
0.855,0.2561752074615041,0.2252239717750472,0.2406995896182756,0.1866170476508696,0.231,-0.1695347558716775,0.0
0.855,0.2573614564408641,0.2243171241193529,0.2408392902801085,0.2022397007639546,0.231,-0.1809550863781435,0.0
0.855,0.2562513152890464,0.2252897230512535,0.24077051917015,0.1844309848437399,0.231,-0.169557366246936,0.0
0.855,0.2584385430412972,0.2233379277780334,0.2408882354096653,0.2182888295404242,0.231,-0.1922192277123113,0.0
0.855,0.2581845932893153,0.2225598934152767,0.240372243352296,0.236917268484105,0.231,-0.1953847312387908,2.775557561562892e-17
0.855,0.2595899454091991,0.2229818869273631,0.2412859161682811,0.2190259031796298,0.231,-0.2002722104624823,0.0
0.855,0.2573711359828566,0.224071124725625,0.2407211303542408,0.208074262223269,0.2309999999999999,-0.1824200800614865,-2.775557561562892e-17
0.855,0.2587240088885626,0.2228454824599783,0.2407847456742704,0.2272812835904268,0.2309999999999999,-0.196549444548387,-2.775557561562892e-17
0.855,0.2584214071248037,0.2240910340347562,0.24125622057978,0.2012493702623556,0.231,-0.1877932958501531,0.0
0.855,0.2576098457051784,0.2238817852511993,0.2407458154781888,0.2110472601445103,0.2309999999999999,-0.1847579740561014,-2.775557561562892e-17
0.855,0.259501566510295,0.221968240641942,0.2407349035761185,0.2406330680562813,0.231,-0.2056722546825002,2.775557561562892e-17
0.855,0.2547119436163005,0.2264072918173073,0.2405596177168039,0.1622598368391173,0.231,-0.1550724420392708,0.0
0.855,0.2587310561162499,0.2230289399424675,0.2408799980293587,0.2232657587783537,0.231,-0.1955271875278985,2.775557561562892e-17
0.855,0.2592125393913845,0.2221387775070353,0.2406756584492099,0.2390160059992582,0.231,-0.203180404764657,0.0
0.855,0.2589806023318237,0.22287616020908,0.2409283812704518,0.2250094258014434,0.231,-0.1977097995987466,0.0
0.855,0.2587149877412134,0.2226710623214494,0.2406930250313314,0.2310774307058,0.2309999999999999,-0.1975098174346754,-2.775557561562892e-17
0.855,0.2577657284243291,0.2231798851353937,0.2404728067798614,0.2261073931109869,0.231,-0.1896169249074384,0.0
0.855,0.2588313400730351,0.2223580413305355,0.2405946907017853,0.2369393218440834,0.231,-0.1999257717052329,0.0
0.855,0.2578307860104259,0.2237183846580635,0.2407745853342447,0.2134594767082317,0.2309999999999999,-0.186853544365988,-2.775557561562892e-17
0.855,0.2560717471262691,0.2260024177050448,0.241037082415657,0.1662019869132043,0.231,-0.1645361244618526,0.0
0.855,0.2593434902896096,0.2225574373806353,0.2409504638351224,0.2295044439873853,0.231,-0.2014409852659329,0.0
0.855,0.255918257777111,0.2257230946748819,0.2408206762259965,0.1747599543427699,0.231,-0.1653277557378969,0.0
0.855,0.2570892567561409,0.2239449564011872,0.2405171065786641,0.2128584258306228,0.231,-0.1816705787085675,0.0
0.855,0.2586955513247185,0.2225404168769172,0.2406179841008178,0.2339801317927958,0.231,-0.1981634155334501,0.0
0.855,0.2592438090170514,0.2225707527007857,0.2409072808589186,0.2298485085759161,0.231,-0.2008450212543293,2.775557561562892e-17
0.855,0.2589232678486782,0.2231981998180471,0.2410607338333626,0.2183844737612121,0.231,-0.1955526518405965,0.0
0.855,0.2570867789345645,0.2246338761339715,0.240860327534268,0.1961650057976368,0.231,-0.1776979225882806,0.0
0.855,0.258801490499744,0.2227363998811921,0.2407689451904681,0.2291301637422494,0.231,-0.1975833759685263,0.0
0.855,0.2578782406250056,0.2236106128666563,0.2407444267458309,0.2156375453081445,0.231,-0.1877221901580592,0.0
0.855,0.257833293148443,0.2237531362691781,0.2407932147088106,0.2126417362600523,0.2309999999999999,-0.1866665543048626,-2.775557561562892e-17
0.855,0.2584313215243114,0.2231551460144094,0.2407932337693604,0.2223839141345855,0.231,-0.1932356053121631,0.0
0.855,0.2584792828976689,0.2234861175425473,0.2409827002201081,0.2147242863341874,0.231,-0.1915776690229091,0.0
0.855,0.258916937316325,0.2224282669000218,0.2406726021081734,0.2349149202254383,0.231,-0.1999658378655973,0.0
0.855,0.2592026589199848,0.2214032597279198,0.2403029593239523,0.2538860531437954,0.2309999999999999,-0.2073906336306756,-2.775557561562892e-17
0.855,0.2569233024403787,0.2246293527157324,0.2407763275780555,0.1972706138018672,0.231,-0.1768677869880206,0.0
0.855,0.2583639789233625,0.2231537272164386,0.2407588530699005,0.222840576343237,0.231,-0.1928923665501409,0.0
0.855,0.2573565930201821,0.223216906128859,0.2402867495745205,0.2279778925892595,0.2309999999999999,-0.1872638328999973,-2.775557561562892e-17
0.855,0.2593355019873571,0.2221391060347496,0.2407373040110534,0.2382191537196274,0.231,-0.2038187636060591,2.775557561562892e-17
0.855,0.2587202347578907,0.2231523910001312,0.2409363128790109,0.2206377494603326,0.231,-0.1947584961693116,0.0
0.855,0.2561546090990069,0.2252979578562098,0.2407262834776083,0.1847913468938477,0.231,-0.1690027090549055,0.0
0.855,0.2595432834515612,0.2219513830284935,0.2407473332400273,0.2407065583189818,0.231,-0.2059869533128786,0.0
0.855,0.2582353339571581,0.2234901942905377,0.2408627641238478,0.2161397473580158,0.231,-0.190281016020491,2.775557561562892e-17
0.855,0.258882608818954,0.2230079949641616,0.2409453018915577,0.2227760574145047,0.231,-0.1964381138642688,0.0
0.855,0.2555250413663811,0.2254648533746913,0.2404949473705362,0.1841354627202883,0.231,-0.1647399503505642,0.0
0.855,0.2558838596401314,0.2250874910364287,0.24048567533828,0.191987212507271,0.231,-0.1687874986210733,0.0
0.855,0.2594766920990591,0.2222319684048515,0.2408543302519553,0.2354167443189299,0.2309999999999999,-0.2040163517133635,-2.775557561562892e-17
0.855,0.2590155218376909,0.2226770330508004,0.2408462774442456,0.2290399856199364,0.231,-0.1990417953342378,2.775557561562892e-17
0.8175,0.2402729189041422,0.240809477547593,0.2405411982258676,1.0,0.2402729189041422,0.0029371332290832,0.0092729189041422
0.8175,0.2403214926792297,0.2405389240829303,0.24043020838108,1.0,0.2403214926792297,0.0011905991704104,0.0093214926792297
0.8175,0.2401320343810651,0.239823019028096,0.2399775267045806,0.0,0.239823019028096,-0.0016942718571926,0.008823019028096
0.8175,0.2386542241813192,0.2420825177664398,0.2403683709738795,1.0,0.2386542241813192,0.0187760146920759,0.0076542241813191
0.8175,0.2358848702172747,0.244616382152184,0.2402506261847294,1.0,0.2358848702172747,0.047840096281738,0.0048848702172747
0.8175,0.2373504927595592,0.2441730211110376,0.2407617569352984,1.0,0.2373504927595592,0.0373252340772194,0.0063504927595592
0.8175,0.238226869292458,0.2425473988186224,0.2403871340555402,1.0,0.238226869292458,0.0236615182669317,0.007226869292458
0.8175,0.2372672977855021,0.2436746499755444,0.2404709738805233,1.0,0.2372672977855021,0.0350825937994099,0.0062672977855021
0.8175,0.2392908630817421,0.2407764962868499,0.240033679684296,1.0,0.2392908630817421,0.0081441573459879,0.008290863081742
0.8175,0.2370668702833016,0.2429353109800543,0.2400010906316779,1.0,0.2370668702833016,0.0321746254533126,0.0060668702833016
0.8175,0.2386477632972236,0.2417772576129759,0.2402125104550998,1.0,0.2386477632972236,0.0171471213532929,0.0076477632972236
0.8175,0.2383464114375579,0.2424225140820615,0.2403844627598097,1.0,0.2383464114375579,0.0223230244158934,0.0073464114375579
0.8175,0.2387917051774458,0.2409139989592338,0.2398528520683398,1.0,0.2387917051774458,0.0116403266015252,0.0077917051774458
0.8175,0.2394992253133304,0.2412760438245493,0.2403876345689399,1.0,0.2394992253133304,0.0097306190373669,0.0084992253133304
0.8175,0.2384355291102879,0.241849573749325,0.2401425514298065,1.0,0.2384355291102879,0.0187099955185581,0.0074355291102879
0.8175,0.2376678766253017,0.2432388673087443,0.240453371967023,1.0,0.2376678766253017,0.030504390030313,0.0066678766253017
0.8175,0.238681532406684,0.2423596453156098,0.2405205888611469,1.0,0.238681532406684,0.0201355466986128,0.0076815324066839
0.8175,0.2365421338829238,0.2441313361509086,0.2403367350169162,1.0,0.2365421338829238,0.0415702973162865,0.0055421338829238
0.8175,0.2379804730508604,0.2428569594938223,0.2404187162723414,1.0,0.2379804730508604,0.0267039902755157,0.0069804730508604
0.8175,0.236633581052762,0.2442366375791931,0.2404351093159775,1.0,0.236633581052762,0.0416345442638825,0.0056335810527619
0.8175,0.2392430274525623,0.2416181330698354,0.2404305802611989,1.0,0.2392430274525623,0.0130055438651899,0.0082430274525623
0.8175,0.2389404572318566,0.2409441794181034,0.23994231832498,1.0,0.2389404572318566,0.0109871760213939,0.0079404572318566
0.8175,0.240505475454701,0.2410591783643837,0.2407823269095423,1.0,0.240505475454701,0.0030289077013359,0.009505475454701
0.8175,0.2380357858555673,0.2426058980615772,0.2403208419585722,1.0,0.2380357858555673,0.0250331483155532,0.0070357858555673
0.8175,0.2395824140366871,0.2411073020436218,0.2403448580401544,1.0,0.2395824140366871,0.0083519478408853,0.008582414036687
0.8175,0.2392332790318359,0.2424379888528507,0.2408356339423433,1.0,0.2392332790318359,0.017528194004905,0.0082332790318359
0.8175,0.2382919795971628,0.2423747832302117,0.2403333814136873,1.0,0.2382919795971628,0.0223629729571228,0.0072919795971628
0.8175,0.2404165293273065,0.2399513818615941,0.2401839555944503,0.0,0.2399513818615941,-0.0025488149898593,0.0089513818615941
0.8175,0.2345983962147965,0.246058151986853,0.2403282741008248,1.0,0.2345983962147965,0.0627782262074634,0.0035983962147965
0.8175,0.2395766067114042,0.2412564467337642,0.2404165267225842,1.0,0.2395766067114042,0.0091987641337458,0.0085766067114042
0.8175,0.2401200529180368,0.2402186778480035,0.2401693653830201,1.0,0.2401200529180368,0.0005404459949402,0.0091200529180368
0.8175,0.2398377944983405,0.2410091373915366,0.2404234659449386,1.0,0.2398377944983405,0.006414108868664,0.0088377944983405
0.8175,0.2395687647957834,0.2409537258407863,0.2402612453182848,1.0,0.2395687647957834,0.0075873566045032,0.0085687647957834
0.8175,0.2384764398401865,0.2416584558489069,0.2400674478445467,1.0,0.2384764398401865,0.0174421099925208,0.0074764398401865
0.8175,0.2397228715820233,0.2406083853593781,0.2401656284707007,1.0,0.2397228715820233,0.0048525042002198,0.0087228715820233
0.8175,0.2385248506264629,0.2421498266230857,0.2403373386247743,1.0,0.2385248506264629,0.0198549848264713,0.0075248506264628
0.8175,0.2363934544760093,0.2449501233115303,0.2406717888937699,1.0,0.2363934544760093,0.0468258695291863,0.0053934544760093
0.8175,0.2402499221133585,0.2406834868323282,0.2404667044728433,1.0,0.2402499221133585,0.0023738444543697,0.0092499221133585
0.8175,0.2362339620886097,0.24480260713233,0.2405182846104699,1.0,0.2362339620886097,0.0469118684843938,0.0052339620886097
0.8175,0.2376740149410466,0.2426366390289999,0.2401553269850233,1.0,0.2376740149410466,0.0271960884970143,0.0066740149410466
0.8175,0.2395546322813316,0.2408227111677457,0.2401886717245386,1.0,0.2395546322813316,0.0069484634517147,0.0085546322813316
0.8175,0.2401576059244764,0.2406879472273548,0.2404227765759156,1.0,0.2401576059244764,0.0029040764649999,0.0091576059244764
0.8175,0.2397995361959232,0.2414296759898969,0.24061460609291,1.0,0.2397995361959232,0.0089215830851663,0.0087995361959231
0.8175,0.2377214392807353,0.2433551151802007,0.240538277230468,1.0,0.2377214392807353,0.0308402102272804,0.0067214392807353
0.8175,0.2396878849026257,0.2409321376842586,0.2403100112934422,1.0,0.2396878849026257,0.0068155532238207,0.0086878849026257
0.8175,0.2386234883463752,0.2419813580616149,0.240302423203995,1.0,0.2386234883463752,0.0183937588649374,0.0076234883463751
0.8175,0.2385583312086129,0.2421744410518755,0.2403663861302442,1.0,0.2385583312086129,0.0198047847050919,0.0075583312086129
0.8175,0.2392622300377775,0.2414756776543613,0.2403689538460694,1.0,0.2392622300377775,0.0121224548202429,0.0082622300377775
0.8175,0.2393186380596938,0.2418196351859304,0.2405691366228121,1.0,0.2393186380596938,0.0136895163630259,0.0083186380596938
0.8175,0.2397788591651249,0.2406029057440468,0.2401908824545858,1.0,0.2397788591651249,0.004515346429659,0.0087788591651249
0.8175,0.2401492167170221,0.2395211743010194,0.2398351955090207,0.0,0.2395211743010194,-0.0034448355681071,0.0085211743010194
0.8175,0.2374723428918822,0.2432713773180149,0.2403718601049486,1.0,0.2374723428918822,0.0317605143701293,0.0064723428918822
0.8175,0.2391220841696124,0.2414533413527463,0.2402877127611793,1.0,0.2391220841696124,0.0127706247318097,0.0081220841696124
0.8175,0.2380652337359199,0.2417545714951056,0.2399099026155128,1.0,0.2380652337359199,0.0202321426245928,0.0070652337359199
0.8175,0.2402519443838912,0.240191795664718,0.2402218700243046,0.0,0.240191795664718,-0.0003295543539545,0.009191795664718
0.8175,0.2395691793353586,0.2413290504765958,0.2404491149059772,1.0,0.2395691793353586,0.009636122936983,0.0085691793353586
0.8175,0.2365503793825913,0.244274481230478,0.2404124303065347,1.0,0.2365503793825913,0.0423002080803196,0.0055503793825913
0.8175,0.2404762174026557,0.2400205032843848,0.2402483603435202,0.0,0.2400205032843848,-0.0024966663456862,0.0090205032843847
0.8175,0.2390250616745118,0.2418129825063649,0.2404190220904384,1.0,0.2390250616745118,0.0152665654636292,0.0080250616745118
0.8175,0.2397551783903986,0.2411851146677257,0.2404701465290621,1.0,0.2397551783903986,0.0078290969402841,0.0087551783903985
0.8175,0.2356711628262887,0.2447176616529881,0.2401944122396384,1.0,0.2356711628262887,0.0495741633796553,0.0046711628262887
0.8175,0.2360462775207656,0.2443734471151833,0.2402098623179744,1.0,0.2360462775207656,0.0456296374056133,0.0050462775207656
0.8175,0.2404007789599833,0.2402880140614039,0.2403443965106936,0.0,0.2402880140614039,-0.0006176226193921,0.0092880140614039
0.8175,0.2399428586500292,0.2407750890956815,0.2403589738728553,1.0,0.2399428586500292,0.0045580090866146,0.0089428586500291
0.733,0.2267790096775782,0.2548550145894391,0.2408170121335086,0.8496584419445452,0.231,0.1537048791454773,0.0
0.733,0.226849334137439,0.2545623098788802,0.2407058220081596,0.8502266266428317,0.231,0.1517619584723435,0.0
0.733,0.2266470760765292,0.253888500184556,0.2402677881305426,0.8402093845678159,0.2309999999999999,0.1493615740327334,-2.775557561562892e-17
0.733,0.2250133168319209,0.2563951339055702,0.2407042253687455,0.8092308308971058,0.231,0.1718962063694971,0.0
0.733,0.221814841298533,0.2596711178765172,0.2407429795875251,0.7573676142568986,0.231,0.2074428796987433,2.775557561562892e-17
0.733,0.2234684933726194,0.2588941104743857,0.2411813019235026,0.7873994232550704,0.231,0.1938424043827125,0.0
0.733,0.2245354623424677,0.2569868321671232,0.2407611472547954,0.8007930730671126,0.231,0.1777396768652031,0.0
0.733,0.2234612623424714,0.2582671725530736,0.2408642174477725,0.7834063924226237,0.231,0.190613946821335,0.0
0.733,0.2257448782659407,0.2549151766203693,0.240330027443155,0.8198468294630421,0.231,0.159928709852579,0.0
0.733,0.2231814508799073,0.257633302830685,0.2404073768552961,0.7730586694943631,0.231,0.1889156188249772,0.0
0.733,0.2250207951828732,0.2561165901527713,0.2405686926678222,0.8077166117504037,0.231,0.1703918312589314,0.0
0.733,0.2246471938772131,0.2568615365783581,0.2407543652277856,0.8027957241989268,0.231,0.1764418020668234,2.775557561562892e-17
0.733,0.2251738506838684,0.2552138751249517,0.24019386290441,0.8060537757697825,0.231,0.1647707303162455,0.0
0.733,0.2259239610326957,0.255501569853646,0.2407127654431708,0.8283823753964569,0.231,0.1619894336188969,2.775557561562892e-17
0.733,0.2247526415799046,0.2561997171548718,0.2404761793673882,0.8013373801579026,0.231,0.1723664475860118,0.0
0.733,0.2238824098473887,0.2578803002144289,0.2408813550309088,0.7906461231632316,0.2309999999999999,0.1861680584086995,-2.775557561562892e-17
0.733,0.2250413742081217,0.2566719734256659,0.2408566738168938,0.8116183082433261,0.231,0.173186836211646,0.0
0.733,0.222578037784784,0.2589381190580511,0.2407580784214175,0.7683733941098738,0.231,0.1992104758881987,0.0
0.733,0.2242477974638727,0.2572973498081882,0.2407725736360305,0.7956945841268368,0.231,0.1810181196949805,0.0
0.733,0.2226761027173176,0.2590758535938926,0.2408759781556051,0.7713199381252033,0.231,0.1993614945905581,0.0
0.733,0.2256587947269399,0.2558142144428711,0.2407365045849055,0.822877435519882,0.231,0.1651492502937686,0.0
0.733,0.2253211948060322,0.2552227407266224,0.2402719677663273,0.8100832241567372,0.231,0.1639730459126416,0.0
0.733,0.2270028739892007,0.2550825148953456,0.2410426944422732,0.8576503871912216,0.231,0.1536262791093949,0.0
0.733,0.2243400984070146,0.2570291398071332,0.2406846191070739,0.7962650078517995,0.231,0.1790835942069708,0.0
0.733,0.2260364509453452,0.2552808947032617,0.2406586728243035,0.8302737745418358,0.231,0.160185883944149,0.0
0.733,0.2256616790626087,0.2566769124719104,0.2411692957672596,0.8278806782801694,0.231,0.1696593548914093,0.0
0.733,0.2246119481250761,0.256758663003763,0.2406853055644195,0.80128445786667,0.231,0.1761051609037947,2.775557561562892e-17
0.733,0.2269176033120982,0.2538988394109707,0.2404082213615344,0.84869497183369,0.231,0.1478733883448515,0.0
0.733,0.2201178381832552,0.2616870729927693,0.2409024555880122,0.7382159698967055,0.231,0.2277614595851929,2.775557561562892e-17
0.733,0.2260275608474158,0.2553990357171308,0.2407132982822733,0.8307051595249906,0.231,0.1608580336763687,0.0
0.733,0.2266178444460024,0.2542397583609189,0.2404288014034606,0.8413522115992438,0.231,0.1513818077389968,0.0
0.733,0.2262905542010826,0.2550860084194106,0.2406882813102466,0.8364517620312507,0.2309999999999999,0.1577086105190144,-2.775557561562892e-17
0.733,0.2260299395600227,0.2551384368485069,0.2405841882042648,0.8292574023756459,0.231,0.1594736324217323,2.775557561562892e-17
0.733,0.2248210579047996,0.2560228224340495,0.2404219401694245,0.8019681839016513,0.231,0.1710453397324989,0.0
0.733,0.2262120630901142,0.2547546573064706,0.2404833601982924,0.8322529173910186,0.2309999999999999,0.1564124317463751,-2.775557561562892e-17
0.733,0.2248544517300494,0.2564831739233534,0.2406688128267013,0.8056972320161683,0.231,0.1732691714251886,0.0
0.733,0.222390262037942,0.2598056664172842,0.2410979642276131,0.769887881612431,0.231,0.204812150567637,0.0
0.733,0.2267462473014703,0.2547479646053858,0.2407471059534281,0.8480895777797582,0.231,0.1533279443707531,0.0
0.733,0.2222192970700032,0.2597612428353124,0.2409902699526578,0.7661095409148815,0.231,0.2055700260286694,0.0
0.733,0.2239091736619587,0.2571924602138742,0.2405508169379164,0.7869553438786464,0.231,0.1824167598173585,0.0
0.733,0.2260180289631357,0.2549991457699689,0.2405085873665523,0.8280959608951446,0.231,0.1588086400554784,0.0
0.733,0.2266630619590294,0.2547290445081116,0.2406960532335705,0.8454735004061927,0.231,0.1537027897572191,0.0
0.733,0.2262795094914618,0.2555745293581664,0.2409270194248141,0.8388637205225696,0.231,0.1603410088475423,2.775557561562892e-17
0.733,0.2240002756739069,0.2579322731693306,0.2409662744216188,0.7937131662514987,0.231,0.1857614107027998,2.775557561562892e-17
0.733,0.2261748352923759,0.2550382225351269,0.2406065289137514,0.8328274964042595,0.231,0.1581181695756737,0.0
0.733,0.2249953158680003,0.2562513379395839,0.2406233269037921,0.8078871291347463,0.231,0.1712450834718746,2.775557561562892e-17
0.733,0.2249141407291607,0.2564931901949751,0.2407036654620679,0.8072817461644164,0.231,0.172979267087971,0.0
0.733,0.2257065555211139,0.2556966456252766,0.2407016005731952,0.8234935453511245,0.231,0.1642582779899526,0.0
0.733,0.2257629486623397,0.2560481020423448,0.2409055253523422,0.827075290920669,0.231,0.1657814914810491,2.775557561562892e-17
0.733,0.2262417431417965,0.2547090555289193,0.2404753993353579,0.8328519112202575,0.231,0.1560026710761519,0.0
0.733,0.2266805930675919,0.2535599168131822,0.240120254940387,0.8393037349715067,0.231,0.1474350231646941,0.0
0.733,0.2236678278623172,0.2578199628318092,0.2407438953470632,0.7853085277323786,0.231,0.1870881169695888,0.0
0.733,0.2255071441987116,0.2556609024848412,0.2405840233417764,0.81783843495837,0.231,0.1652118550353531,0.0
0.733,0.2244051902477168,0.2561600105102646,0.2402826003789907,0.792320986302,0.231,0.1741532750718453,0.0
0.733,0.2267583716578706,0.2541819550630631,0.2404701633604668,0.8453291723602294,0.231,0.1502752826054387,0.0
0.733,0.2260252440834119,0.2554341009414343,0.2407296725124231,0.8308415746791942,0.231,0.161055657144578,2.775557561562892e-17
0.733,0.2226115655858213,0.2591244744921723,0.2408680200389968,0.7702611305033661,0.231,0.199987660071234,0.0
0.733,0.2269874221079972,0.2540275487512825,0.2405074854296398,0.851606542197936,0.2309999999999999,0.1481547631408406,-2.775557561562892e-17
0.733,0.2254311742779747,0.2560454673115198,0.2407383207947472,0.8180971967595884,0.231,0.1676667365205715,0.0
0.733,0.2262295429526065,0.2552976279981868,0.2407635854753967,0.8358867796102459,0.231,0.1591704971575243,0.0
0.733,0.221483112619529,0.2598815701251548,0.2406823413723419,0.7521544353942693,0.2309999999999999,0.2104601516199362,-2.775557561562892e-17
0.733,0.2218531746423043,0.2595766615517609,0.2407149180970326,0.7575296955011145,0.231,0.2067294179387129,0.0
0.733,0.2269054579706511,0.2542971294464162,0.2406012937085336,0.8505187230734866,0.231,0.1500440607211552,2.775557561562892e-17
0.733,0.2264584985629751,0.2548066862681638,0.2406325924155694,0.8397957046053551,0.231,0.1552791221849729,0.0
1.02,0.2790015175237653,0.2059173872579793,0.2424594523908723,0.3432019051304628,0.231,-0.4002926349088412,0.0
1.02,0.2789957493521191,0.2056817811939182,0.2423387652730186,0.345339632298292,0.231,-0.40170545101551,2.775557561562892e-17
1.02,0.2788353186265443,0.2048488023748482,0.2418420605006963,0.3534589672554323,0.2309999999999999,-0.406013958270201,-2.775557561562892e-17
1.02,0.2777417311530581,0.2066247711807058,0.242183251166882,0.3427484643433909,0.231,-0.3897007065492982,0.0
1.02,0.2757874757894527,0.2078454789345061,0.2418164773619794,0.3407983594436862,0.2309999999999999,-0.3725072240652862,-2.775557561562892e-17
1.02,0.2769117762151802,0.2080177877427713,0.2424647819789758,0.3335880643117754,0.231,-0.3770830569772091,0.0
1.02,0.2774292241816395,0.2068226904927087,0.2421259573371741,0.3424231192797047,0.231,-0.3869354092967954,2.775557561562892e-17
1.02,0.276721277452385,0.2076984993957398,0.2422098884240624,0.3375914627072415,0.2309999999999999,-0.3780706207544059,-2.775557561562892e-17
1.02,0.2781586615116067,0.2056484161046744,0.2419035388081405,0.3496276112851472,0.231,-0.3977444851602715,0.0
1.02,0.2766119790643724,0.2068162792985299,0.2417141291814512,0.3464929900066049,0.2309999999999999,-0.3828939798762688,-2.775557561562892e-17
1.02,0.2776991579126538,0.206267838057494,0.2419834979850739,0.346236944699538,0.231,-0.3916671988316178,2.775557561562892e-17
1.02,0.2775271276633074,0.2067293949671477,0.2421282613152276,0.3428161341975965,0.231,-0.387992551644391,0.0
1.02,0.2778244060447201,0.2054335332959955,0.2416289696703578,0.3531725165511967,0.2309999999999999,-0.3973950652866455,-2.775557561562892e-17
1.02,0.2784137004321275,0.2059873998891744,0.2422005501606509,0.3453524468779358,0.231,-0.3969404851360547,0.0
1.02,0.2776197044720382,0.2063671136594172,0.2419934090657277,0.3457121496867669,0.2309999999999999,-0.3906647889975078,-2.775557561562892e-17
1.02,0.2770590170288475,0.2071708146385603,0.2421149158337039,0.3409614862944505,0.231,-0.382967101396112,0.0
1.02,0.2777690976944951,0.2069172333081748,0.2423431655013349,0.3399030766574288,0.231,-0.388054001267349,2.775557561562892e-17
1.02,0.2762851849587948,0.2078519221707167,0.2420685535647557,0.3382576964212199,0.231,-0.3749586259430828,0.0
1.02,0.2772756153803571,0.2072047281076752,0.2422401717440162,0.3395885626469249,0.231,-0.3838417641681166,2.775557561562892e-17
1.02,0.2763425781436802,0.2078786673858331,0.2421106227647566,0.337715627959754,0.2309999999999999,-0.375083213223998,-2.775557561562892e-17
1.02,0.2781864559629953,0.2064144088291365,0.2423004323960659,0.3425510648318279,0.2309999999999999,-0.3932002956166149,-2.775557561562892e-17
1.02,0.2779790261509292,0.2055420464575233,0.2417605363042262,0.3514496828861319,0.231,-0.3975009212470741,0.0
1.02,0.2792316883870491,0.206224532936164,0.2427281106616066,0.3393566960775976,0.231,-0.3995592122738846,0.0
1.02,0.2772439758616591,0.2069474178076859,0.2420956968346725,0.3421587465754254,0.2309999999999999,-0.385250968554839,-2.775557561562892e-17
1.02,0.2784184086746094,0.2059251096677631,0.2421717591711862,0.3458925262853445,0.231,-0.3973448116048377,2.775557561562892e-17
1.02,0.2781705337696722,0.207096751708417,0.2426336427390446,0.3363159747286539,0.231,-0.3889605651748941,0.0
1.02,0.2774689617917616,0.2067890573162181,0.2421290095539899,0.3425435116732406,0.2309999999999999,-0.3873386642755257,-2.775557561562892e-17
1.02,0.2791481517079125,0.205297512617445,0.2422228321626788,0.3480333778976409,0.231,-0.4048166220882985,0.0
1.02,0.2751447251112816,0.2085448406330799,0.2418447828721807,0.3371651398925433,0.231,-0.365044362165883,0.0
1.02,0.2784458567762122,0.2061387809342996,0.2422923188552559,0.3438283013968828,0.231,-0.3961752354299993,0.0
1.02,0.2788685534990404,0.2053767053678919,0.2421226294334661,0.3486549227389477,0.231,-0.4029413834719941,0.0
1.02,0.2786762382291125,0.2060814671811496,0.2423788527051311,0.3432552022567419,0.2309999999999999,-0.3976718797085805,-2.775557561562892e-17
1.02,0.278424816527407,0.2057301573784514,0.2420774869529292,0.347616219917466,0.231,-0.3985693483478757,2.775557561562892e-17
1.02,0.2776015516501272,0.206089401048163,0.2418454763491451,0.3483407888330623,0.2309999999999999,-0.3922707627577108,-2.775557561562892e-17
1.02,0.2785057501763498,0.2054275290375579,0.2419666396069539,0.3499328604875893,0.231,-0.4008251803190882,0.0
1.02,0.277679682788768,0.2066797942470953,0.2421797385179316,0.3425386469252021,0.2309999999999999,-0.3890557586211766,-2.775557561562892e-17
1.02,0.2762205121410546,0.2086120880917193,0.2424163001163869,0.3311408633330036,0.231,-0.3700244975082271,2.775557561562892e-17
1.02,0.2790001300917387,0.205761204985774,0.2423806675387563,0.3446090310270066,0.2309999999999999,-0.4012411593661767,-2.775557561562892e-17
1.02,0.2760656898517246,0.2082055475548278,0.2421356187032762,0.3359033988676823,0.231,-0.3717142149250041,0.0
1.02,0.2770274507971155,0.2066836417127084,0.2418555462549119,0.3456787257299908,0.2309999999999999,-0.385778105431476,-2.775557561562892e-17
1.02,0.2783987196635648,0.2055876319352427,0.2419931757994037,0.3490178331022567,0.231,-0.3993118923506714,2.775557561562892e-17
1.02,0.2788972738632042,0.2057634577762234,0.2423303658197138,0.3450735046255728,0.231,-0.4007159987344383,2.775557561562892e-17
1.02,0.2786147565568747,0.206305831940655,0.2424602942487649,0.3415092699885869,0.231,-0.3959952333289254,0.0
1.02,0.2769839736736046,0.2073458216988143,0.2421648976862095,0.3396726884675041,0.231,-0.3815272574507491,2.775557561562892e-17
1.02,0.2784827666072806,0.2058626458596522,0.2421727062334664,0.3461486139317486,0.231,-0.3980471723480309,0.0
1.02,0.2776820773807933,0.2066095797210076,0.2421458285509005,0.3431766306531951,0.231,-0.3894959844052734,0.0
1.02,0.2776556973843643,0.206716451543812,0.2421860744640881,0.3423147253463801,0.231,-0.3887126159003684,2.775557561562892e-17
1.02,0.2781644166023399,0.2061880563049153,0.2421762364536276,0.3447235118941191,0.231,-0.3944729157842773,0.0
1.02,0.2781961329341973,0.2065011470193112,0.2423486399767542,0.3417094329270532,0.231,-0.3927190568469182,2.775557561562892e-17
1.02,0.2786149352023352,0.205593254593578,0.2421040948979566,0.3479342736926135,0.231,-0.4003534820283947,2.775557561562892e-17
1.02,0.27882512225169,0.2045903310485011,0.2417077266500956,0.3557586479796602,0.231,-0.4075508207840129,2.775557561562892e-17
1.02,0.2768838682773609,0.2074490187206137,0.2421664434989873,0.3391809938342089,0.2309999999999999,-0.3803995529347123,-2.775557561562892e-17
1.02,0.278160705963537,0.2062103020028849,0.2421855039832109,0.3445386909943131,0.231,-0.3943185266221083,2.775557561562892e-17
1.02,0.2771896491130746,0.2060638215323361,0.2416267353227054,0.3505924544689136,0.2309999999999999,-0.3903721907819841,-2.775557561562892e-17
1.02,0.2789852204578202,0.2053907803068873,0.2421880003823538,0.3479776412537603,0.231,-0.4034352076940185,2.775557561562892e-17
1.02,0.2784343969428518,0.2063144943018337,0.2423744456223427,0.3422842349225026,0.231,-0.39504479131932,2.775557561562892e-17
1.02,0.2762403192601707,0.2078491300318619,0.2420447246460163,0.3385066150970708,0.231,-0.3747511901364916,2.775557561562892e-17
1.02,0.2791681664236363,0.2051885258788057,0.242178346151221,0.3488996963367627,0.2309999999999999,-0.4055842298312609,-2.775557561562892e-17
1.02,0.2779991642966834,0.2065319106366406,0.242265537466662,0.3423678413578027,0.231,-0.3915502039074425,2.775557561562892e-17
1.02,0.2785754864315163,0.2061773598805066,0.2423764231560114,0.3428630173462303,0.2309999999999999,-0.3965846131017514,-2.775557561562892e-17
1.02,0.2757918031412875,0.2078462783844895,0.2418190407628885,0.340768898295894,0.2309999999999999,-0.3725240345348513,-2.775557561562892e-17
1.02,0.2761231313714172,0.207438254076408,0.2417806927239126,0.3430412465089176,0.231,-0.3766622783038972,0.0
1.02,0.2791099025012464,0.2054983275374605,0.2423041150193534,0.3464356315577454,0.2309999999999999,-0.4033961206449984,-2.775557561562892e-17
1.02,0.2786558228756364,0.2058951463480426,0.2422754846118395,0.3450332631587968,0.231,-0.3987094954954469,0.0
1.08,0.2905466518745612,0.1968237488921133,0.2436852003833373,0.3646520756435282,0.231,-0.5135349418359646,0.0
1.08,0.2905260037364431,0.1965928994349731,0.2435594515857081,0.3662936599497485,0.231,-0.5148957106518074,0.0
1.08,0.2903724949192509,0.1957238701607813,0.2430481825400161,0.3727062060250589,0.2309999999999999,-0.5196621874642802,-2.775557561562892e-17
1.08,0.2893768151907283,0.1974058714034661,0.2433913432970972,0.3652689340042047,0.231,-0.5041746595594715,0.0
1.08,0.2875909743857925,0.1983703313764063,0.2429806528810994,0.365718823839467,0.231,-0.4893981193537384,0.0
1.08,0.2886491189634377,0.1986727036072573,0.2436609112853475,0.3592863336994693,0.2309999999999999,-0.4926567257168431,-2.775557561562892e-17
1.08,0.2890929702580099,0.1975419246389832,0.2433174474484965,0.3654581456147053,0.231,-0.5019354440088052,0.0
1.08,0.2884429454720231,0.1983798576780148,0.2434114015750189,0.3621921379888036,0.231,-0.4934928921026139,2.775557561562892e-17
1.08,0.2897400540875692,0.1964935473667487,0.243116800727159,0.3700562503275685,0.2309999999999999,-0.5117087546177359,-2.775557561562892e-17
1.08,0.2883396822843923,0.1974726991055725,0.2429061906949824,0.3689712117816004,0.231,-0.4987040536149685,0.0
1.08,0.2893241506837972,0.1970379354136394,0.2431810430487183,0.3680079900008938,0.231,-0.5062424654804143,0.0
1.08,0.2891786239414693,0.1974586120914061,0.2433186180164377,0.3656932356640419,0.231,-0.5028778280789675,2.775557561562892e-17
1.08,0.2894459735161519,0.1961929572785658,0.2428194653973588,0.3732538005285989,0.231,-0.5121842677795734,0.0
1.08,0.2900032820819446,0.1967987373583787,0.2434010097201617,0.3669484438023739,0.231,-0.5110556452808989,0.0
1.08,0.2892787056368989,0.197156497608768,0.2432176016228334,0.3673761529999083,0.231,-0.5052722271721132,0.0
1.08,0.2887630208569448,0.1978311332639407,0.2432970770604427,0.3647660640733378,0.2309999999999999,-0.4985060146604606,-2.775557561562892e-17
1.08,0.2894046896867446,0.1977060746544473,0.243555382170596,0.3630799149346603,0.231,-0.5024165098254062,2.775557561562892e-17
1.08,0.2880641815554933,0.1984932539344292,0.2432787177449613,0.3629162600960522,0.231,-0.4909338176983601,0.0
1.08,0.2889615786092978,0.1979608060220274,0.2434611923156626,0.3630649832811885,0.2309999999999999,-0.4986556816711889,-2.775557561562892e-17
1.08,0.2881101986908725,0.198496759924383,0.2433034793076278,0.3627049750909837,0.231,-0.4911361526636009,2.775557561562892e-17
1.08,0.2897844909458135,0.1972532717759396,0.2435188813608765,0.3647064042472659,0.2309999999999999,-0.5071197649050184,-2.775557561562892e-17
1.08,0.2896020694302671,0.1963302257499654,0.2429661475901162,0.3717067539574818,0.231,-0.5120729171870188,0.0
1.08,0.290772007434655,0.1971441041954459,0.2439580558150504,0.3616004912344981,0.231,-0.5126027222993861,0.0
1.08,0.2889075141720779,0.1976911653662104,0.2432993397691441,0.3651629896377414,0.231,-0.5000916890901372,0.0
1.08,0.289986438106276,0.1967589255568836,0.2433726818315798,0.3672850804098765,0.231,-0.5112257205207005,0.0
1.08,0.2897722443824073,0.1978944276117013,0.2438333359970543,0.3603217136832745,0.2309999999999999,-0.5030160900480294,-2.775557561562892e-17
1.08,0.2891259986818217,0.1975468727573648,0.2433364357195933,0.3652920565132985,0.231,-0.5020649322129973,0.0
1.08,0.2906923810566621,0.1962647661607759,0.243478573608719,0.3678503780649589,0.231,-0.5177815970026067,2.775557561562892e-17
1.08,0.2870638996207078,0.1989734994460527,0.2430186995333802,0.3635640261645875,0.231,-0.4830354257419825,0.0
1.08,0.290028263888119,0.1969897453482222,0.2435090046181706,0.3655502601021479,0.231,-0.5099690299423997,2.775557561562892e-17
1.08,0.2904185996960329,0.196293777245763,0.2433561884708979,0.3687255056717241,0.231,-0.5162695175770861,2.775557561562892e-17
1.08,0.2902452273772075,0.1969868466599307,0.2436160370185691,0.3647195359651802,0.2309999999999999,-0.5110407933723897,-2.775557561562892e-17
1.08,0.2900046502472331,0.1965539178112965,0.2432792840292648,0.3686015217945703,0.231,-0.5126118324896355,0.0
1.08,0.2892472916451705,0.1968436156552945,0.2430454536502325,0.3696431335529093,0.2309999999999999,-0.5070973023524017,-2.775557561562892e-17
1.08,0.2900666933760793,0.1962481065032802,0.2431573999396797,0.3704158701925131,0.231,-0.5148507655599392,0.0
1.08,0.2893316392309682,0.1974660941053341,0.2433988666681512,0.3650324596540013,0.2309999999999999,-0.503574900606916,-2.775557561562892e-17
1.08,0.2880199276327706,0.1992503098351559,0.2436351187339632,0.3576639277329097,0.231,-0.4859662770213521,0.0
1.08,0.2905505664802202,0.1966628654502628,0.2436067159652415,0.3657255867707419,0.231,-0.5145719545107981,2.775557561562892e-17
1.08,0.2878619860586409,0.1987710951475117,0.2433165406030763,0.361753087469263,0.231,-0.4882022108508229,2.775557561562892e-17
1.08,0.2887229830045466,0.1973536972765637,0.2430383401405551,0.3682452199922553,0.231,-0.5013223326840365,2.775557561562892e-17
1.08,0.2899744967261164,0.19639925631367,0.2431868765198932,0.3697638770023163,0.231,-0.5134450363561668,0.0
1.08,0.2904471550824115,0.1966519326706851,0.2435495438765483,0.3662027387550676,0.231,-0.5141394257096952,0.0
1.08,0.2901859982792114,0.197156956749427,0.2436714775143191,0.3637900884933632,0.231,-0.5096782100657457,2.775557561562892e-17
1.08,0.2886590682464201,0.1980025011353669,0.2433307846908935,0.3639835470960591,0.231,-0.4969202986264387,0.0
1.08,0.2900482555558083,0.1967178839979775,0.2433830697768929,0.3673200420163342,0.231,-0.5117856437873456,0.0
1.08,0.2893102477585147,0.1974094093325525,0.2433598285455336,0.3655090774227151,0.231,-0.5038285954851498,0.0
1.08,0.2892939903392025,0.1975010853290191,0.2433975378341108,0.3649401298201049,0.231,-0.5031710057903217,0.0
1.08,0.2897581590760937,0.1970012887605856,0.2433797239183396,0.3665357738329179,0.2309999999999999,-0.5085839461515349,-2.775557561562892e-17
1.08,0.2897775455378953,0.1973015500483754,0.2435395477931353,0.3644021323938445,0.2309999999999999,-0.5067811519555787,-2.775557561562892e-17
1.08,0.2901872604050927,0.1964766975964545,0.2433319790007736,0.3684035328444652,0.2309999999999999,-0.5139876008253933,-2.775557561562892e-17
1.08,0.2903573560699254,0.1954730387336787,0.242915197401802,0.3744239539651476,0.2309999999999999,-0.5211829200771082,-2.775557561562892e-17
1.08,0.2885885982053871,0.1981762614419243,0.2433824298236557,0.3630449088374888,0.231,-0.4954832140100218,0.0
1.08,0.2897872505721729,0.1970383542597842,0.2434128024159786,0.3661676536379376,0.2309999999999999,-0.5084910104355622,-2.775557561562892e-17
1.08,0.2888316418159787,0.1967801921253041,0.2428059169706414,0.3717465394590363,0.231,-0.5054758516733477,2.775557561562892e-17
1.08,0.2905325608498573,0.196311063831159,0.2434218123405082,0.3681637128091579,0.231,-0.5167128901353374,0.0
1.08,0.290017202860086,0.19719681059618,0.243607006728133,0.3641784803894288,0.231,-0.5086068222406286,2.775557561562892e-17
1.08,0.2880067764353749,0.1984437458711212,0.243225261153248,0.3635010330018088,0.2309999999999999,-0.4909651070485564,-2.775557561562892e-17
1.08,0.2906985266400606,0.1960995896699457,0.2433990581550031,0.3689302591326139,0.231,-0.518858846836698,0.0
1.08,0.2896067448104439,0.197353902932697,0.2434803238715704,0.3647161039427993,0.231,-0.5056205653196769,2.775557561562892e-17
1.08,0.2901472701555137,0.1970662064571269,0.2436067383063203,0.3645617292560141,0.2309999999999999,-0.5100636124310544,-2.775557561562892e-17
1.08,0.287641410224881,0.198373434703326,0.2430074224641035,0.3654901447697313,0.231,-0.4896247609116441,0.0
1.08,0.2879554163996574,0.1979446025207491,0.2429500094602033,0.3672380690138006,0.231,-0.4938556104629493,0.0
1.08,0.2906446620075629,0.1964327423323472,0.2435387021699551,0.366909598985131,0.231,-0.5164856383885323,0.0
1.08,0.2901982298047457,0.1968008295964806,0.2434995297006131,0.3661683336715938,0.231,-0.5119890224064455,0.0
0.7065,0.2180710645674965,0.2645332806006347,0.2413021725840656,0.7217322690058051,0.2309999999999999,0.2544046449771526,-2.775557561562892e-17
0.7065,0.218156607327561,0.2642223320303851,0.241189469678973,0.721194168651565,0.231,0.2523041922267959,2.775557561562892e-17
0.7065,0.2179451624654558,0.2635769651396092,0.2407610638025325,0.713909230635356,0.231,0.2502220639035268,0.0
0.7065,0.2162043790871954,0.2662705843911869,0.2412374817391911,0.7044788830515771,0.231,0.2742968481954186,2.775557561562892e-17
0.7065,0.2126634961043127,0.2701613233040147,0.2414124097041637,0.6810922292419714,0.2309999999999999,0.3151404044748441,-2.775557561562892e-17
0.7065,0.2144701830165247,0.2691091969015021,0.2417896899590134,0.6974722673752353,0.231,0.2990408596695841,0.0
0.7065,0.2156896462007738,0.2669583478271134,0.2413239970139436,0.7013703621595048,0.231,0.2808543712014943,2.775557561562892e-17
0.7065,0.2145318037092094,0.2683635085222368,0.2414476561157231,0.6940799785555888,0.231,0.2948806142411297,2.775557561562892e-17
0.7065,0.2170036020797624,0.2646555660346302,0.2408295840571963,0.706278676499171,0.2309999999999999,0.2613043654532772,-2.775557561562892e-17
0.7065,0.2141767242709984,0.2678318949966126,0.2410043096338055,0.6864556481418406,0.231,0.2942798255220813,0.0
0.7065,0.2162213972140778,0.2660129529812235,0.2411171750976507,0.7031905800446268,0.231,0.2728773378869453,2.775557561562892e-17
0.7065,0.2157879815180807,0.2668417169906767,0.2413148492543787,0.7020390703813514,0.231,0.2796771020984034,0.0
0.7065,0.2163810134233912,0.2650744084712476,0.2407277109473194,0.6997747525667277,0.231,0.2671234261115456,0.0
0.7065,0.2171578331150145,0.2653125577376649,0.2412351954263397,0.7125481041900794,0.231,0.2637701040933604,0.0
0.7065,0.2159134678862346,0.2661112291625305,0.2410123485243825,0.6994580688424155,0.2309999999999999,0.2751985684366833,-2.775557561562892e-17
0.7065,0.2149643841241349,0.2680173706198916,0.2414908773720133,0.6977433894857623,0.2309999999999999,0.2905517389585352,-2.775557561562892e-17
0.7065,0.2162332039702547,0.2665490446144258,0.2413911242923402,0.7065179505958231,0.2309999999999999,0.2755515762387674,-2.775557561562892e-17
0.7065,0.2135204207021246,0.2692254637321049,0.2413729422171147,0.6862119056533542,0.231,0.305278486156347,0.0
0.7065,0.2153720302644418,0.2672797568166847,0.2413258935405633,0.6989278711748383,0.231,0.2843746946791459,0.0
0.7065,0.2136191918029221,0.2693887462007667,0.2415039690018444,0.6883459374072095,0.231,0.3055201833785048,2.775557561562892e-17
0.7065,0.21688774007903,0.2656049939614985,0.2412463670202642,0.7103231648685255,0.231,0.2668593451693819,2.775557561562892e-17
0.7065,0.2165280238211971,0.2650709248844881,0.2407994743528426,0.7018724496928169,0.2309999999999999,0.2662387474620806,-2.775557561562892e-17
0.7065,0.2182850546695637,0.2647473131217848,0.2415161838956743,0.7263381989166212,0.2309999999999999,0.2542499590806752,-2.775557561562892e-17
0.7065,0.2154909846438529,0.2669924279611022,0.2412417063024775,0.698862510306528,0.231,0.2822032561528382,0.0
0.7065,0.2172896220778669,0.2650531056497567,0.2411713638638118,0.7129527225229013,0.2309999999999999,0.2616635728023726,-2.775557561562892e-17
0.7065,0.2169032099603439,0.2664915138559519,0.2416973619081479,0.7157234885602812,0.231,0.2713083189741105,0.0
0.7065,0.2157747872272435,0.2666907836127248,0.2412327854199842,0.7009738814205371,0.231,0.2789834383348728,0.0
0.7065,0.2182046844913032,0.2635088008884204,0.2408567426898618,0.7175683684780793,0.2309999999999999,0.2483489006050689,-2.775557561562892e-17
0.7065,0.2105960530317641,0.2727327341884967,0.2416643936101304,0.6716279886791943,0.2309999999999999,0.3405345868743094,-2.775557561562892e-17
0.7065,0.2172822985110265,0.2651461924993329,0.2412142455051797,0.7134018913646093,0.2309999999999999,0.2621844392159249,-2.775557561562892e-17
0.7065,0.2179041244460377,0.263899579365515,0.2409018519057764,0.7152789209958076,0.231,0.2521242651997464,0.0
0.7065,0.2175425263846105,0.2647926607139406,0.2411675935492755,0.715186553299683,0.2309999999999999,0.2588397727393672,-2.775557561562892e-17
0.7065,0.2172943886194829,0.2649135807776248,0.2411039846985538,0.7121830346260145,0.2309999999999999,0.2609191793662766,-2.775557561562892e-17
0.7065,0.2160021905996359,0.2659372008082454,0.2409696957039407,0.6996534227647312,0.231,0.2737832882016431,0.0
0.7065,0.2174947743469711,0.2644972230978105,0.2409959987223908,0.712669743556973,0.231,0.257602213287694,0.0
0.7065,0.2160239895478437,0.2663789034328915,0.2412014464903676,0.7025908834568929,0.231,0.2759160228254753,0.0
0.7065,0.2133027751666478,0.2701372426098322,0.24172000888824,0.6886180933947604,0.2309999999999999,0.311204440629562,-2.775557561562892e-17
0.7065,0.2180310883813986,0.2644420326819912,0.2412365605316949,0.7205635047068889,0.231,0.2541700436728789,0.0
0.7065,0.2131193667633539,0.2701671123764146,0.2416432395698842,0.6865672246204865,0.231,0.312449263083849,2.775557561562892e-17
0.7065,0.2150084155592549,0.2672548448563641,0.2411316302078095,0.6939200505013292,0.231,0.2864005383782038,0.0
0.7065,0.2172827996919196,0.2647651130523414,0.2410239563721305,0.7111092670662899,0.231,0.260224771562745,0.0
0.7065,0.2179561743920028,0.2643976995076642,0.2411769369498335,0.7191344260225765,0.231,0.2543815613148719,0.0
0.7065,0.2175573880456835,0.2653218278919135,0.2414396079687985,0.7185644383647576,0.2309999999999999,0.2614689033335506,-2.775557561562892e-17
0.7065,0.2151326470162541,0.2680074146431036,0.2415700308296788,0.6999068989631164,0.231,0.2895041877535216,0.0
0.7065,0.2174569671349504,0.2647532099164641,0.2411050885257072,0.7136552066596072,0.2309999999999999,0.2591398333407757,-2.775557561562892e-17
0.7065,0.2161955455837071,0.266094125874695,0.2411448357292011,0.7033091055905925,0.231,0.2734455864363461,2.775557561562892e-17
0.7065,0.216103083870044,0.2663748713436378,0.2412389776068409,0.7036724397798496,0.231,0.2754284263768496,0.0
0.7065,0.2169596329165203,0.2655003310544207,0.2412299819854705,0.7107506150078006,0.2309999999999999,0.2658994789346525,-2.775557561562892e-17
0.7065,0.2170125134630233,0.2658566340293086,0.2414345737461659,0.713630087412577,0.231,0.2674145594656847,0.0
0.7065,0.2175044595294355,0.2644333947270555,0.2409689271282455,0.7124260242911096,0.231,0.2572171794710756,2.775557561562892e-17
0.7065,0.2179921721789326,0.2632256640460628,0.2406089181124977,0.7124292800724552,0.2309999999999999,0.248135645692376,-2.775557561562892e-17
0.7065,0.214731571274283,0.267896645080717,0.2413141081775,0.694001577333498,0.231,0.2913164185636363,2.775557561562892e-17
0.7065,0.216718009613869,0.2654566100069166,0.2410873098103928,0.7069675724999229,0.2309999999999999,0.2670980903334035,-2.775557561562892e-17
0.7065,0.2155817317487376,0.2661006948471447,0.2408412132979412,0.6948023612197115,0.231,0.2771052366558946,2.775557561562892e-17
0.7065,0.2180515453845716,0.2638149914917335,0.2409332684381525,0.7170568277330414,0.231,0.2508239522784734,2.775557561562892e-17
0.7065,0.2172849949544117,0.2651554468935562,0.2412202209239839,0.7134974814312692,0.231,0.2622160804242286,2.775557561562892e-17
0.7065,0.2135734249950904,0.2694355780864443,0.2415045015407674,0.6880432629152138,0.2309999999999999,0.3060305803016334,-2.775557561562892e-17
0.7065,0.2182795644000288,0.2636759541111536,0.2409777592555912,0.7197919111868515,0.2309999999999999,0.2487711317739276,-2.775557561562892e-17
0.7065,0.2166544385627578,0.2658628864018517,0.2412586624823047,0.7084736042853743,0.2309999999999999,0.2695551902606434,-2.775557561562892e-17
0.7065,0.2175016915500769,0.265028315113693,0.241265003331885,0.7159842749642188,0.231,0.2602898282037,2.775557561562892e-17
0.7065,0.2122338877208228,0.2704819741965013,0.241357930958662,0.6778243987978387,0.231,0.3193337032328516,0.0
0.7065,0.2125858775087469,0.2702207007675056,0.2414032891381262,0.6805035315441053,0.2309999999999999,0.3159051545069897,-2.775557561562892e-17
0.7065,0.2181933360533973,0.2639528975817418,0.2410731168175695,0.720131410379228,0.231,0.2507024992292523,0.0
0.7065,0.2177585155062801,0.2644713371654872,0.2411149263358836,0.7165342613999426,0.2309999999999999,0.255920144302006,-2.775557561562892e-17
1.08,0.2867392251564192,0.1997640908780995,0.2432516580172593,0.359136083905842,0.231,-0.4764955287705802,2.775557561562892e-17
1.08,0.2867234477070527,0.1995318926711843,0.2431276701891185,0.3609077429100846,0.231,-0.4778715419100092,2.775557561562892e-17
1.08,0.2865677292023965,0.1986748788762098,0.2426213040393031,0.3677787328983607,0.2309999999999999,-0.4824844477935398,-2.775557561562892e-17
1.08,0.2855405395738818,0.2003857562900853,0.2429631479319836,0.3595129073123959,0.231,-0.4667428823661176,0.0
1.08,0.2837019005382784,0.2014301128270231,0.2425660066826508,0.3594170978362186,0.231,-0.4512076208363318,0.0
1.08,0.2847805325993229,0.2016913212300505,0.2432359269146867,0.3527374768270849,0.2309999999999999,-0.4548863017890496,-2.775557561562892e-17
1.08,0.2852474404636105,0.2005415762606954,0.2428945083621529,0.3595786906363486,0.231,-0.4643335434722496,0.0
1.08,0.2845790370273728,0.2013905618567709,0.2429847994420718,0.3559319735396808,0.231,-0.455765792839807,0.0
1.08,0.2859209858450346,0.199453662318518,0.2426873240817763,0.3648353666435363,0.231,-0.4744343554943286,2.775557561562892e-17
1.08,0.2844744680239923,0.2004912751842701,0.2424828716041312,0.3632717902730167,0.2309999999999999,-0.4608529382960449,-2.775557561562892e-17
1.08,0.2854911829285005,0.2000213006444661,0.2427562417864833,0.3624516441076302,0.231,-0.4687770456234925,2.775557561562892e-17
1.08,0.2853372843343255,0.2004550754689721,0.2428961799016488,0.3598507265460132,0.2309999999999999,-0.4653137916258486,-2.775557561562892e-17
1.08,0.2856140275095702,0.1991806988805164,0.2423973631950433,0.3681369400459229,0.231,-0.4746408339130343,2.775557561562892e-17
1.08,0.2861816735342437,0.1997695507015667,0.2429756121179052,0.361412823509798,0.2309999999999999,-0.473733638161847,-2.775557561562892e-17
1.08,0.2854347365183718,0.2001330713789367,0.2427839039486543,0.3618561087946857,0.2309999999999999,-0.467801947080651,-2.775557561562892e-17
1.08,0.28490484603078,0.2008486155867175,0.2428767308087487,0.3587049318532972,0.231,-0.4607385617914843,0.0
1.08,0.2855682250745571,0.2006832750114701,0.2431257500430136,0.3571507666081949,0.231,-0.4650228110858314,0.0
1.08,0.2841824068106829,0.2015154734487564,0.2428489401297197,0.3566665092335831,0.231,-0.4530403526778251,0.0
1.08,0.2851089444028349,0.2009476985851213,0.2430283214939781,0.3570800446558203,0.231,-0.4611229410580615,2.775557561562892e-17
1.08,0.2842321804689193,0.2015266925135598,0.2428794364912396,0.3563645921821833,0.2309999999999999,-0.453215298160828,-2.775557561562892e-17
1.08,0.2859601302725195,0.2002148526737941,0.2430874914731568,0.3590302368636044,0.231,-0.4698656681719256,2.775557561562892e-17
1.08,0.2857696709796002,0.19930819177359,0.2425389313765951,0.3665425171699698,0.231,-0.4746044253056738,0.0
1.08,0.2869662738355407,0.2000803193342252,0.2435232965848829,0.3558651204701518,0.231,-0.4756284158762752,0.0
1.08,0.2850621532071709,0.2006825173174983,0.2428723352623346,0.3592985720173305,0.2309999999999999,-0.4625456999767623,-2.775557561562892e-17
1.08,0.2861718406060509,0.199722705475395,0.242947273040723,0.3617999703216658,0.2309999999999999,-0.4739785652944335,-2.775557561562892e-17
1.08,0.2859464685588825,0.200869522248989,0.2434079954039358,0.3541556092206278,0.231,-0.4657153664082654,0.0
1.08,0.2852826700722053,0.2005338705538977,0.2429082703130515,0.3594874454772768,0.231,-0.4645543955664768,2.775557561562892e-17
1.08,0.2868853046420918,0.1991854685926431,0.2430353866173674,0.3627661446187717,0.2309999999999999,-0.4808332102508805,-2.775557561562892e-17
1.08,0.2831390437429436,0.2020611898058441,0.2426001167743938,0.3569261985721367,0.2309999999999999,-0.4445175443589888,-2.775557561562892e-17
1.08,0.2862087621315979,0.1999478644605613,0.2430783132960796,0.359979276564669,0.231,-0.4727511865191256,2.775557561562892e-17
1.08,0.2866096016653279,0.1992307626891958,0.2429201821772619,0.3635804467427413,0.231,-0.4792012509105482,0.0
1.08,0.2864302857901948,0.1999271746953231,0.243178730242759,0.3592104944132928,0.231,-0.4739646178953504,2.775557561562892e-17
1.08,0.2861860135146024,0.1995208143925905,0.2428534139535965,0.3632275230002229,0.231,-0.4753115577163088,2.775557561562892e-17
1.08,0.285407510933212,0.1998321694182428,0.2426198401757274,0.3642150884820617,0.231,-0.4695492195986448,2.775557561562892e-17
1.08,0.2862541215940514,0.1992167555175067,0.242735438555779,0.3651678114264353,0.2309999999999999,-0.4775498156075597,-2.775557561562892e-17
1.08,0.2854899134875012,0.200443931606286,0.2429669225468936,0.3592887955176062,0.231,-0.4661316793887238,0.0
1.08,0.284131570606182,0.2022730405565488,0.2432023055813654,0.3509342206124783,0.231,-0.4480889276142322,0.0
1.08,0.2867414287185737,0.1996046079464191,0.2431730183324964,0.3602999486941759,0.231,-0.4775042533164355,0.0
1.08,0.283974814568028,0.2018176719449121,0.24289624325647,0.3552013510128706,0.231,-0.4501425885622795,0.0
1.08,0.2848675406682076,0.2003689065803165,0.242618223624262,0.3625040067253939,0.231,-0.4635468070020581,0.0
1.08,0.2861571958892633,0.1993705525109937,0.2427638742001285,0.3644506373076983,0.2309999999999999,-0.4761115815329143,-2.775557561562892e-17
1.08,0.2866381200000493,0.1995984762974669,0.2431182981487581,0.3607726590636472,0.2309999999999999,-0.4770374533032241,-2.775557561562892e-17
1.08,0.2863700202877383,0.2001148925680492,0.2432424564278937,0.3580669143789438,0.231,-0.4724965967256445,2.775557561562892e-17
1.08,0.2848101089551214,0.2010219174283573,0.2429160131917394,0.3577840985154442,0.231,-0.4591941547894329,2.775557561562892e-17
1.08,0.2862341499265934,0.1996749573073111,0.2429545536169522,0.3618915766747894,0.2309999999999999,-0.4745823319408065,-2.775557561562892e-17
1.08,0.2854761788438179,0.2003833729915324,0.2429297759176751,0.359802767129523,0.231,-0.4664422524632505,2.775557561562892e-17
1.08,0.2854566372536438,0.2004796601338767,0.2429681486937602,0.3591601031313188,0.231,-0.4657456256684933,2.775557561562892e-17
1.08,0.2859349006583241,0.1999713021662077,0.2429531014122659,0.3609515932099783,0.231,-0.4712637633360221,0.0
1.08,0.285958557597197,0.2002759831651375,0.2431172703811673,0.3585795249327451,0.231,-0.4694762516056227,2.775557561562892e-17
1.08,0.2863711104167609,0.199424108042875,0.242897609229818,0.3631625138879843,0.231,-0.4768230743141171,0.0
1.08,0.2865541212384913,0.1984216953367887,0.24248790828764,0.3696517408875949,0.231,-0.4840089668485831,0.0
1.08,0.2847303573449858,0.201171952701496,0.2429511550232409,0.3569724365342818,0.231,-0.457868707944726,2.775557561562892e-17
1.08,0.2859535211943907,0.2000034087944743,0.2429784649944325,0.3606346791182999,0.2309999999999999,-0.471154284010096,-2.775557561562892e-17
1.08,0.2849932641212959,0.1997813229599431,0.2423872935406195,0.3663650494822416,0.2309999999999999,-0.4678352353178387,-2.775557561562892e-17
1.08,0.2867243872882557,0.1992473237330916,0.2429858555106737,0.3629828777561188,0.231,-0.4796587768092973,0.0
1.08,0.286197525773342,0.2001445185753257,0.2431710221743339,0.3585636624374184,0.231,-0.4714673093136878,0.0
1.08,0.2841290234198586,0.2014814727823808,0.2428052481011197,0.3571615491316641,0.231,-0.4529892316381837,0.0
1.08,0.2868961024700844,0.199038998311578,0.2429675503908312,0.3637839192919435,0.231,-0.4818044911967242,2.775557561562892e-17
1.08,0.2857792239457068,0.2003207859268483,0.2430500049362775,0.3589957268629411,0.2309999999999999,-0.4683180973511567,-2.775557561562892e-17
1.08,0.2863311060873924,0.2000116221183676,0.24317136410288,0.3589963291804706,0.231,-0.472951458475697,2.775557561562892e-17
1.08,0.2837377585605206,0.2014313964583398,0.2425845775094302,0.35925052190925,0.2309999999999999,-0.4513760876243525,-2.775557561562892e-17
1.08,0.284057472656438,0.2010097514796984,0.2425336120680682,0.3611206676758443,0.231,-0.4555720109101504,2.775557561562892e-17
1.08,0.2868408322466113,0.1993639894491534,0.2431024108478823,0.3616501183529907,0.231,-0.47949701658036,0.0
1.08,0.2863916424371094,0.1997415266418819,0.2430665845394956,0.3607435843708328,0.2309999999999999,-0.4749365634488223,-2.775557561562892e-17
1.08,0.2794202545370647,0.2055781213674393,0.242499187952252,0.3442733510171379,0.231,-0.4044493862228963,0.0
1.08,0.279413940225558,0.2053427239478552,0.2423783320867066,0.3463865903855592,0.231,-0.4058600012558937,0.0
1.08,0.2792537724362295,0.2045084560737503,0.2418811142549899,0.3544241327145943,0.231,-0.4101847377818917,0.0
1.08,0.2781638608710986,0.2062806732938174,0.242222267082458,0.343881894213539,0.231,-0.3939043814034626,0.0
1.08,0.2762161669192977,0.207491316740574,0.2418537418299358,0.3420696181699929,0.231,-0.3768049686541765,0.0
1.08,0.2773378489431829,0.2076686341123105,0.2425032415277467,0.3348877397904977,0.231,-0.3813306003883113,0.0
1.08,0.2778524265692522,0.2064762429576924,0.2421643347634723,0.3435845936477865,0.231,-0.3911587392330984,0.0
1.08,0.2771466980306485,0.2073504417988171,0.2422485699147328,0.3388370591486997,0.231,-0.3823115495869776,0.0
1.08,0.2785787627239547,0.2053068615107174,0.2419428121173361,0.3506547266258301,0.2309999999999999,-0.401927928351832,-2.775557561562892e-17
1.08,0.2770377335183054,0.2064672527781837,0.2417524931482445,0.3476346903765474,0.231,-0.387149679223955,2.775557561562892e-17
1.08,0.2781209181249253,0.2059233161305579,0.2420221171277416,0.3473340274016089,0.2309999999999999,-0.3958745162393614,-2.775557561562892e-17
1.08,0.2779499119679849,0.2063833242399274,0.2421666181039561,0.3439688343618161,0.2309999999999999,-0.3922117458085857,-2.775557561562892e-17
1.08,0.278246024928593,0.2050887619843638,0.2416673934564784,0.3541854488923323,0.2309999999999999,-0.4016089654179733,-2.775557561562892e-17
1.08,0.2788341265853823,0.2056445441109983,0.2422393353481903,0.3464353126741223,0.231,-0.4011297797721966,0.0
1.08,0.2780427334930041,0.2060232203142907,0.2420329769036474,0.3468057278272687,0.231,-0.3948742036820312,2.775557561562892e-17
1.08,0.2774837829241156,0.2068219657599123,0.2421528743420139,0.3421654750811602,0.2309999999999999,-0.3872119753252703,-2.775557561562892e-17
1.08,0.2781912423773182,0.2065733947413018,0.24238231855931,0.3410686869960345,0.2309999999999999,-0.3922538432447793,-2.775557561562892e-17
1.08,0.2767128570840164,0.2075021306806238,0.2421074938823201,0.3395119592072991,0.231,-0.3792222626289754,2.775557561562892e-17
1.08,0.2776996598868509,0.2068595173915821,0.2422795886392165,0.3407740549086293,0.2309999999999999,-0.3880595899998428,-2.775557561562892e-17
1.08,0.2767698392999009,0.2075280401263927,0.2421489397131468,0.3389854127676631,0.231,-0.379349402605839,2.775557561562892e-17
1.08,0.2786071938655971,0.2060725275726908,0.2423398607191439,0.3436628815061778,0.2309999999999999,-0.3973830162708772,-2.775557561562892e-17
1.08,0.2784007035770217,0.2051982723619727,0.2417994879694972,0.3524709112765497,0.231,-0.4017074523282248,2.775557561562892e-17
1.08,0.2796502694740261,0.205885782195096,0.242768025834561,0.340464886713549,0.2309999999999999,-0.4037086963415802,-2.775557561562892e-17
1.08,0.2776671865530953,0.2066018247347757,0.2421345056439355,0.3433202145315019,0.231,-0.3894690520286376,0.0
1.08,0.2788380378680893,0.2055831311755802,0.2422105845218347,0.3469647286714635,0.231,-0.4015252201323009,2.775557561562892e-17
1.08,0.2785913714397246,0.2067533669069371,0.2426723691733308,0.337518187632794,0.231,-0.3931479277897226,2.775557561562892e-17
1.08,0.2778919183932491,0.2064440215977181,0.2421679699954836,0.3436907103445743,0.231,-0.391552219999716,0.0
1.08,0.2795668649008279,0.2049605267071725,0.2422636958040002,0.3490249477897835,0.231,-0.4089632441489762,0.0
1.08,0.275578010962625,0.2081865451789152,0.2418822780707701,0.3385214219008629,0.231,-0.3693879671601423,0.0
1.08,0.2788659805107004,0.2057974255146631,0.2423317030126817,0.3449168316891399,0.2309999999999999,-0.4003525564218571,-2.775557561562892e-17
1.08,0.2792874764167279,0.2050378564553284,0.2421626664360281,0.3496602886071157,0.231,-0.4071011616261523,2.775557561562892e-17
1.08,0.2790958981945834,0.2057421093298054,0.2424190037621944,0.3443297348519449,0.2309999999999999,-0.401834042444975,-2.775557561562892e-17
1.08,0.2788448478134299,0.2053877836511234,0.2421163157322766,0.3486692075289764,0.231,-0.4027556193490886,0.0
1.08,0.278024069736451,0.2057442942473084,0.2418841819918797,0.3494159407908693,0.2309999999999999,-0.3964872402355254,-2.775557561562892e-17
1.08,0.2789250704830693,0.2050851532127027,0.242005111847886,0.350959856745362,0.231,-0.4050098483968311,0.0
1.08,0.2781024435079707,0.2063358300856601,0.2422191367968154,0.343671921220576,0.231,-0.3932616347760539,0.0
1.08,0.2766489504191546,0.2082620983506221,0.2424555243848883,0.3324893742234479,0.231,-0.3742877554709038,0.0
1.08,0.2794190657701286,0.205421743543252,0.2424204046566903,0.3456646225430264,0.231,-0.4054012704474522,0.0
1.08,0.2764940409851745,0.2078529012061344,0.2421734710956545,0.3372190331975466,0.231,-0.3759969683255735,2.775557561562892e-17
1.08,0.2774518982599852,0.206335300094836,0.2418935991774106,0.3468205811516301,0.2309999999999999,-0.3900221477971926,-2.775557561562892e-17
1.08,0.2788186040089183,0.2052448818115292,0.2420317429102237,0.3500586543572315,0.231,-0.4035009385510741,2.775557561562892e-17
1.08,0.2793161756755047,0.2054235931816469,0.2423698844285758,0.3461295566504129,0.2309999999999999,-0.4048788646272556,-2.775557561562892e-17
1.08,0.2790344484121161,0.2059644619992404,0.2424994552056782,0.3426240954705861,0.2309999999999999,-0.4001684668171202,-2.775557561562892e-17
1.08,0.2774076376524186,0.2069969630260729,0.2422023003392457,0.340900539602923,0.231,-0.3857657210888117,0.0
1.08,0.2789022460462723,0.2055215057156442,0.2422118758809583,0.3472095562072353,0.231,-0.402221876891278,2.775557561562892e-17
1.08,0.2781039444732603,0.2062662034459242,0.2421850739595922,0.3443008674878007,0.2309999999999999,-0.3936943355933932,-2.775557561562892e-17
1.08,0.2780779405888214,0.2063724581341083,0.2422251993614649,0.343454098944884,0.231,-0.3929159290249768,2.775557561562892e-17
1.08,0.2785849474904002,0.2058452429476567,0.2422150952190284,0.3458187960821561,0.231,-0.3986621085815492,2.775557561562892e-17
1.08,0.2786162497438547,0.2061578983539436,0.2423870740488991,0.3428466307820981,0.231,-0.3969063481508713,2.775557561562892e-17
1.08,0.279034697112818,0.2052530772311993,0.2421438871720086,0.3489612021274565,0.231,-0.4045251109840699,0.0
1.08,0.2792433798318143,0.2042502901731445,0.2417468350024794,0.3566956628751587,0.231,-0.4117207562161956,0.0
1.08,0.2773086896618306,0.2071026427385651,0.2422056662001979,0.3403888740175673,0.231,-0.3846283627416543,0.0
1.08,0.2785824825353727,0.2058680147249171,0.2422252486301449,0.3456256510134173,0.2309999999999999,-0.3985105493484386,-2.775557561562892e-17
1.08,0.2776120579573681,0.2057173569948088,0.2416647074760884,0.3516621206666906,0.231,-0.3945985519188859,2.775557561562892e-17
1.08,0.2794040339890985,0.2050521030726291,0.2422280685308638,0.3489875327719733,0.2309999999999999,-0.4075927504361204,-2.775557561562892e-17
1.08,0.2788545274820003,0.2059742653249546,0.2424143964034774,0.3433815128315373,0.231,-0.3992139938717401,2.775557561562892e-17
1.08,0.2766675176142866,0.2074976612100182,0.2420825894121523,0.3397771805773404,0.231,-0.3790228949630917,2.775557561562892e-17
1.08,0.2795863894544154,0.204849529535095,0.2422179594947552,0.3499005777488484,0.231,-0.4097414847906483,2.775557561562892e-17
1.08,0.2784202463819771,0.2061893749335971,0.2423048106577871,0.3434905957646361,0.2309999999999999,-0.3957386221956001,-2.775557561562892e-17
1.08,0.278995197911159,0.2058373440811003,0.2424162709961296,0.3439501653144586,0.231,-0.4007508038346581,0.0
1.08,0.2762222717280039,0.2074920224349684,0.2418571470814861,0.342032479248023,0.2309999999999999,-0.376831213051822,-2.775557561562892e-17
1.08,0.2765529743027785,0.2070832918566909,0.2418181330797347,0.3442754781824401,0.231,-0.3809721613097674,0.0
1.08,0.2795282920565666,0.2051601035444334,0.2423441978005,0.347459000582632,0.2309999999999999,-0.4075474029188286,-2.775557561562892e-17
1.08,0.2790744507107108,0.2055558782060926,0.2423151644584017,0.34609107504514,0.2309999999999999,-0.4028674648756657,-2.775557561562892e-17
0.705,0.2321748064134929,0.2491055183738016,0.2406401623936472,1.0,0.2321748064134929,0.0926829680601137,0.0011748064134928
0.705,0.2322361915460743,0.2488224825529005,0.2405293370494874,1.0,0.2322361915460743,0.0908249461210197,0.0012361915460743
0.705,0.2320392498240595,0.2481316089511476,0.2400854293876036,1.0,0.2320392498240595,0.0882300775946467,0.0010392498240595
0.705,0.2304692845668208,0.2505335618841113,0.240501423225466,0.9735492375435892,0.231,0.1098946243120395,0.0
0.705,0.2274552600650125,0.2534865044286528,0.2404708822468326,0.8638274880190268,0.231,0.1426332522412523,0.0
0.705,0.2290275506481752,0.2528543031379408,0.240940926893058,0.917217029359246,0.231,0.1303635715983297,0.0
0.705,0.2300124985031734,0.2510716742861425,0.2405420863946579,0.953108255185125,0.231,0.115335801789999,0.0
0.705,0.2289861729489875,0.2522854607717695,0.2406358168603785,0.9135670125915434,0.231,0.1275846398780242,0.0
0.705,0.231161525647923,0.249127878937941,0.240144702292932,1.0,0.231161525647923,0.0984951653062171,0.000161525647923
0.705,0.2287426889256466,0.2516032257073884,0.2401729573165175,0.9012573022276412,0.231,0.125344373291701,2.775557561562892e-17
0.705,0.2304710762807081,0.2502435898052066,0.2403573330429573,0.9732495457071496,0.231,0.1083396035363701,0.0
0.705,0.2301289234735525,0.2509450289348107,0.2405369762041816,0.9581537224593408,0.231,0.114004912507696,0.0
0.705,0.2306203303600204,0.2493588433308498,0.2399895868454351,0.9797385395217506,0.231,0.1027770794916889,0.0
0.705,0.2313535028182076,0.2496766894474592,0.2405150961328334,1.0,0.2313535028182076,0.1003469605451696,0.0003535028182076
0.705,0.230226049857718,0.2503207265241547,0.2402733881909363,0.9614848173409672,0.231,0.1101327708039114,0.0
0.705,0.2293993930196677,0.2518773061507252,0.2406383495851964,0.928792011473664,0.231,0.1230807559787616,0.0
0.705,0.2304969832089274,0.2508101345996767,0.2406535589043021,0.9752368905544788,0.231,0.1112108731892462,0.0
0.705,0.2281712821153917,0.2528605639388396,0.2405159230271156,0.8854272916953867,0.231,0.1352524501333154,0.0
0.705,0.2297420289959306,0.2513796972421461,0.2405608631190383,0.9418619885583372,0.231,0.1185010376738409,0.0
0.705,0.2282673323880693,0.252984568729686,0.2406259505588776,0.889442833569153,0.231,0.1353634031293735,0.0
0.705,0.2310917660107688,0.250001287627017,0.2405465268188929,1.0,0.2310917660107688,0.1035513223411597,9.176601076879563e-05
0.705,0.2307681353938591,0.24937589580938,0.2400720156016196,0.9875393598711903,0.231,0.1020353553909787,0.0
0.705,0.2324030053054334,0.249341815465727,0.2408724103855802,1.0,0.2324030053054334,0.0926661993411503,0.0014030053054333
0.705,0.2298189743841236,0.2511199720623508,0.2404694732232372,0.944555384976941,0.231,0.1166856612034961,0.0
0.705,0.2314541773105256,0.2494778984222651,0.2404660378663953,1.0,0.2314541773105256,0.0987194996042435,0.0004541773105255
0.705,0.2310887035878086,0.2508475342824039,0.2409681189351062,1.0,0.2310887035878086,0.1080767781488054,8.870358780860288e-05
0.705,0.2300841818881112,0.2508664062879476,0.2404752940880294,0.9559326232712606,0.231,0.1138391527709832,0.0
0.705,0.2323157571287664,0.2481896438236722,0.2402527004762193,1.0,0.2323157571287664,0.0869900786527291,0.0013157571287664
0.705,0.2259416319037754,0.2552395801440954,0.2405906060239354,0.8273473604795561,0.231,0.1605106331990522,0.0
0.705,0.2314457976411765,0.249609382211263,0.2405275899262197,1.0,0.2314457976411765,0.0994687100177198,0.0004457976411764
0.705,0.2320170515042779,0.2485005930968964,0.2402588223005872,1.0,0.2320170515042779,0.0903314758593005,0.0010170515042779
0.705,0.2317088594028081,0.2493223411614752,0.2405156002821417,1.0,0.2317088594028081,0.0964573417851035,0.000708859402808
0.705,0.23144349148962,0.2493316926895677,0.2403875920895938,1.0,0.23144349148962,0.0979985676919039,0.00044349148962
0.705,0.2302829344045992,0.2501394352020543,0.2402111848033267,0.96388761530971,0.231,0.108845525096711,0.0
0.705,0.2316143327369143,0.2489649678828472,0.2402896503098807,1.0,0.2316143327369143,0.0950780458594537,0.0006143327369143
0.705,0.2303227190056198,0.2506119199065874,0.2404673194561036,0.966618646161277,0.231,0.111138486329978,0.0
0.705,0.2280000421450541,0.2537061019323748,0.2408530720387144,0.883297639554017,0.231,0.1406957118530456,0.0
0.705,0.2321461364234634,0.2489901710718259,0.2405681537476446,1.0,0.2321461364234634,0.0922270441126209,0.0011461364234633
0.705,0.2278346158012721,0.2536190526544324,0.2407268342278523,0.8772366363184747,0.231,0.1411759842252933,0.0
0.705,0.2294171562184544,0.2512275899568125,0.2403223730876334,0.9274272212770428,0.231,0.1195293615096768,0.0
0.705,0.2314309031955337,0.2491965563380669,0.2403137297668003,1.0,0.2314309031955337,0.0973471921328259,0.0004309031955337
0.705,0.232058819965533,0.2489826784957129,0.2405207492306229,1.0,0.232058819965533,0.0926768815380667,0.001058819965533
0.705,0.2316852522469609,0.2497841607874762,0.2407347065172185,1.0,0.2316852522469609,0.0990559351496529,0.0006852522469609
0.705,0.2294897918697673,0.2519589755586725,0.2407243837142199,0.9327875836015194,0.231,0.1230028116166994,0.0
0.705,0.2315778286422611,0.249264887003281,0.240421357822771,1.0,0.2315778286422611,0.0968865316345826,0.0005778286422611
0.705,0.2304459911569886,0.2504078670389615,0.240426929097975,0.972246654257994,0.231,0.1093564351814555,0.0
0.705,0.2303714194040829,0.2506286916507929,0.2405000555274379,0.9689701264680788,0.231,0.1109530904767928,0.0
0.705,0.2311269413168249,0.2498743266100325,0.2405006339634287,1.0,0.2311269413168249,0.1026761344465678,0.0001269413168249
0.705,0.2311840517827737,0.2502228616681815,0.2407034567254776,1.0,0.2311840517827737,0.1042134014498572,0.0001840517827737
0.705,0.2316551564533674,0.2489338411480101,0.2402944988006888,1.0,0.2316551564533674,0.0946821968491857,0.0006551564533674
0.705,0.2320656389602424,0.2478147908947066,0.2399402149274745,1.0,0.2320656389602424,0.0863830778208225,0.0010656389602424
0.705,0.2291935665973149,0.2518543679304936,0.2405239672639043,0.9202837809605536,0.231,0.1241237285210399,0.0
0.705,0.2309520783588741,0.2498437974123679,0.240397937885621,0.9974633520120572,0.231,0.103497505658382,0.0
0.705,0.229869272901052,0.2502602543024906,0.2400647636017713,0.9445476862203288,0.231,0.1118247602632469,0.0
0.705,0.2321538532149001,0.2484565455790819,0.240305199396991,1.0,0.2321538532149001,0.0893280033490953,0.0011538532149
0.705,0.2314410966053843,0.2496597311315911,0.2405504138684877,1.0,0.2314410966053843,0.0997639282444409,0.0004410966053843
0.705,0.2281940842476004,0.2530304086667993,0.2406122464571999,0.8870237115186603,0.231,0.1360217976817206,0.0
0.705,0.2323818288146103,0.2482945781778513,0.2403382034962308,1.0,0.2323818288146103,0.0871819395247568,0.0013818288146102
0.705,0.2308679013076636,0.2502173017793554,0.2405426015435095,0.9931729826704622,0.231,0.105963362043119,0.0
0.705,0.2316379337302197,0.249519378861108,0.2405786562956638,1.0,0.2316379337302197,0.097908293857603,0.0006379337302196
0.705,0.2271748063241165,0.2536459228204354,0.240410364572276,0.8554955671622169,0.231,0.1450722577953271,0.0
0.705,0.2275494406668005,0.2533224097361609,0.2404359252014807,0.8661171196879464,0.231,0.1412300077966626,0.0
0.705,0.2323024909775546,0.2485620621784234,0.240432276577989,1.0,0.2323024909775546,0.0890593644473507,0.0013024909775546
0.705,0.2318501144657823,0.2490636697690141,0.2404568921173982,1.0,0.2318501144657823,0.0942814704956342,0.0008501144657823
0.765,0.2468786680087681,0.2343215089127281,0.2406000884607481,0.0,0.2343215089127281,-0.0687388621849334,0.003321508912728
0.765,0.2469172575152256,0.2340595512081591,0.2404884043616924,0.0,0.2340595512081591,-0.07040703345269,0.003059551208159
0.765,0.2467334961988302,0.2333235805685941,0.2400285383837122,0.0,0.2333235805685941,-0.0735282897032334,0.0023235805685941
0.765,0.2453277168801741,0.2354788665307957,0.2404032917054849,0.0,0.2354788665307957,-0.0539398415210552,0.0044788665307957
0.765,0.2427340302690066,0.2377187972402827,0.2402264137546447,0.0,0.2377187972402827,-0.0274788486527679,0.0067187972402827
0.765,0.2441240445839392,0.2374091056668792,0.2407665751254092,0.0,0.2374091056668792,-0.0367360627951822,0.0064091056668792
0.765,0.2449226756453129,0.2358895142778085,0.2404060949615607,0.0,0.2358895142778085,-0.0494712487155579,0.0048895142778085
0.765,0.2440134289854586,0.2369565992355047,0.2404850141104816,0.0,0.2369565992355047,-0.0386375604165463,0.0059565992355046
0.765,0.2459217927918491,0.2342448198434011,0.2400833063176251,0.0,0.2342448198434011,-0.0640131876152754,0.0032448198434011
0.765,0.2438399428286609,0.2361809532099583,0.2400104480193096,0.0,0.2361809532099583,-0.0419916176796986,0.0051809532099583
0.765,0.2453147450755595,0.2351625637975633,0.2402386544365614,0.0,0.2351625637975633,-0.0556275521200531,0.0041625637975633
0.765,0.2450420307936076,0.2357683098853166,0.2404051703394621,0.0,0.2357683098853166,-0.0507890897902705,0.0047683098853166
0.765,0.245454709910578,0.2343123762563089,0.2398835430834434,0.0,0.2343123762563089,-0.0611162644508844,0.0033123762563088
0.765,0.2461413110924985,0.2347094262191844,0.2404253686558414,0.0,0.2347094262191844,-0.0626082029633157,0.0037094262191844
0.765,0.2451277394582411,0.2352341818688875,0.2401809606635643,0.0,0.2352341818688875,-0.0542190469472465,0.0042341818688875
0.765,0.2444033094656199,0.2365012817435278,0.2404522956045739,0.0,0.2365012817435278,-0.0432698310226247,0.0055012817435278
0.765,0.2453548249684305,0.2357572219206861,0.2405560234445583,0.0,0.2357572219206861,-0.0525407122514904,0.0047572219206861
0.765,0.2433519512232402,0.2373351012566153,0.2403435262399278,0.0,0.2373351012566153,-0.032956211976584,0.0063351012566153
0.765,0.2446945290414129,0.2362044707326938,0.2404494998870533,0.0,0.2362044707326938,-0.0464906378321738,0.0052044707326938
0.765,0.2434386321763279,0.2374262356413632,0.2404324339088456,0.0,0.2374262356413632,-0.0329234916713792,0.0064262356413632
0.765,0.2458898796573178,0.235065613551168,0.2404777466042429,0.0,0.235065613551168,-0.059270765523024,0.004065613551168
0.765,0.2456043892422783,0.2343540544133857,0.239979221827832,0.0,0.2343540544133857,-0.0616919804731335,0.0033540544133856
0.765,0.2471131631678231,0.2345820490065235,0.2408476060871733,0.0,0.2345820490065235,-0.0685480587327116,0.0035820490065234
0.765,0.2447332828787403,0.2359573540587252,0.2403453184687328,0.0,0.2359573540587252,-0.048070543005847,0.0049573540587252
0.765,0.2462104833869507,0.2345629192466234,0.2403867013167871,0.0,0.2345629192466234,-0.0637967740787086,0.0035629192466234
0.765,0.2458763864471953,0.2358628797421117,0.2408696330946535,0.0,0.2358628797421117,-0.0547692489606634,0.0048628797421117
0.765,0.2449828767371047,0.2357422941751016,0.2403625854561031,0.0,0.2357422941751016,-0.050613697448546,0.0047422941751015
0.765,0.2470237829977472,0.2335082907256551,0.2402660368617011,0.0,0.2335082907256551,-0.0740572755718385,0.0025082907256551
0.765,0.2416001014323137,0.2389625828166321,0.2402813421244729,0.0,0.2389625828166321,-0.0144486113717356,0.007962582816632
0.765,0.2462081601376336,0.2347248633309576,0.2404665117342956,0.0,0.2347248633309576,-0.0628824931561056,0.0037248633309576
0.765,0.2467295939417557,0.2337411393586022,0.2402353666501789,0.0,0.2337411393586022,-0.0711744971048968,0.0027411393586022
0.765,0.2464663280278476,0.2345102822841892,0.2404883051560184,0.0,0.2345102822841892,-0.0654680276432011,0.0035102822841892
0.765,0.2461968494378286,0.2344024010358445,0.2402996252368366,0.0,0.2344024010358445,-0.0646175595189137,0.0034024010358445
0.765,0.2451566876226906,0.2350325288681745,0.2400946082454325,0.0,0.2350325288681745,-0.055496739252145,0.0040325288681745
0.765,0.2463375758847127,0.2340709867457452,0.2402042813152289,0.0,0.2340709867457452,-0.0672233624994489,0.0030709867457451
0.765,0.2452113901604939,0.235539826330817,0.2403756082456555,0.0,0.235539826330817,-0.0529728487465337,0.004539826330817
0.765,0.2432200216446385,0.2381367452276548,0.2406783834361466,0.0,0.2381367452276548,-0.0278159262666242,0.0071367452276548
0.765,0.2468599348428921,0.2341882167610565,0.2405240758019743,0.0,0.2341882167610565,-0.069381178947623,0.0031882167610564
0.765,0.2430636853379794,0.2379422390295807,0.24050296218378,0.0,0.2379422390295807,-0.0280387708178546,0.0069422390295806
0.765,0.2444012927887471,0.2359304027066077,0.2401658477476774,0.0,0.2359304027066077,-0.0464231154477572,0.0049304027066077
0.765,0.2461810935181093,0.2342729480474977,0.2402270207828035,0.0,0.2342729480474977,-0.0652541524960008,0.0032729480474976
0.765,0.2467644498451423,0.2341984751461807,0.2404814624956615,0.0,0.2341984751461807,-0.0688103327681628,0.0031984751461807
0.765,0.2464192994842189,0.2348966582523255,0.2406579788682722,0.0,0.2348966582523255,-0.0630636878534827,0.0038966582523255
0.765,0.244430079378701,0.2366383932739575,0.2405342363263293,0.0,0.2366383932739575,-0.0426556052533024,0.0056383932739575
0.765,0.2463041495067951,0.2344137750473228,0.2403589622770589,0.0,0.2344137750473228,-0.0651322712816822,0.0034137750473228
0.765,0.2452913159969003,0.2353956799238944,0.2403434979603973,0.0,0.2353956799238944,-0.0542053520546164,0.0043956799238943
0.765,0.2452334436789844,0.2355691192810815,0.240401281480033,0.0,0.2355691192810815,-0.0529293233823338,0.0045691192810815
0.765,0.245898318959698,0.2349096410586385,0.2404039800091682,0.0,0.2349096410586385,-0.0601839075610632,0.0039096410586385
0.765,0.2459527799977278,0.2352495209119793,0.2406011504548535,0.0,0.2352495209119793,-0.0585874417707918,0.0042495209119793
0.765,0.246404703546062,0.2340894939474484,0.2402470987467552,0.0,0.2340894939474484,-0.0674816738145427,0.0030894939474484
0.765,0.2467442997447488,0.2330319769742102,0.2398881383594795,0.0,0.2330319769742102,-0.0752172563250346,0.0020319769742101
0.765,0.2442141271641459,0.236578118877165,0.2403961230206555,0.0,0.236578118877165,-0.0418196485831943,0.005578118877165
0.765,0.2457847344829451,0.2348942987730156,0.2403395166279804,0.0,0.2348942987730156,-0.059656639787663,0.0038942987730156
0.765,0.2447467664595904,0.2351083441121326,0.2399275552858615,0.0,0.2351083441121326,-0.0528587188758336,0.0041083441121326
0.765,0.2468580131452508,0.2337255720332596,0.2402917925892552,0.0,0.2337255720332596,-0.0719522627869972,0.0027255720332595
0.765,0.2461991407466337,0.2348152236597314,0.2405071822031826,0.0,0.2348152236597314,-0.0623309227513955,0.0038152236597314
0.765,0.2433494553754772,0.237455133878475,0.2404022946269761,0.0,0.237455133878475,-0.0322796352525955,0.0064551338784749
0.765,0.2470776713885695,0.2335479585390042,0.2403128149637868,0.0,0.2335479585390042,-0.0741253552623995,0.0025479585390041
0.765,0.2456769096855186,0.235244620895447,0.2404607652904828,0.0,0.235244620895447,-0.0571266235580754,0.004244620895447
0.765,0.2463766459458498,0.2346700244199752,0.2405233351829125,0.0,0.2346700244199752,-0.0640954387925099,0.0036700244199752
0.765,0.2425675580232806,0.2377854976829732,0.2401765278531269,0.0,0.2377854976829732,-0.0262049316016228,0.0067854976829732
0.765,0.2429390949955097,0.2374283006945048,0.2401836978450072,0.0,0.2374283006945048,-0.0301979179470361,0.0064283006945048
0.765,0.2470053598939244,0.233818059953821,0.2404117099238727,0.0,0.233818059953821,-0.072228296460028,0.0028180599538209
0.765,0.2465449137393266,0.2342915483098795,0.240418231024603,0.0,0.2342915483098795,-0.067109986398488,0.0032915483098795
0.735,0.2395973952168155,0.2414867966933494,0.2405420959550824,1.0,0.2395973952168155,0.0103426351074826,0.0085973952168155
0.735,0.2396470123445113,0.2412152876326346,0.240431149988573,1.0,0.2396470123445113,0.0085874777775543,0.0086470123445113
0.735,0.2394569514211468,0.240501449561082,0.2399792004911144,1.0,0.2394569514211468,0.0057267619202925,0.0084569514211468
0.735,0.2379716170936595,0.24277219396986,0.2403719055317598,1.0,0.2379716170936595,0.0262917816781997,0.0069716170936595
0.735,0.2351831652117227,0.2453383695372409,0.2402607673744818,1.0,0.2351831652117227,0.0556406171644119,0.0041831652117227
0.735,0.2366570590229135,0.2448803883775659,0.2407687237002397,1.0,0.2366570590229135,0.0449890273047712,0.0056570590229134
0.735,0.2375418989350509,0.243242884451845,0.240392391693448,1.0,0.2375418989350509,0.0312216510765475,0.0065418989350509
0.735,0.2365769791055489,0.2443767911943737,0.2404768851499613,1.0,0.2365769791055489,0.0427070571051668,0.0055769791055489
0.735,0.2386127457673548,0.2414583606877478,0.2400355532275513,1.0,0.2386127457673548,0.0155995212012063,0.0076127457673548
0.735,0.2363734152401638,0.2436416291658109,0.2400075222029873,1.0,0.2363734152401638,0.0398491971196361,0.0053734152401638
0.735,0.2379658326829904,0.2424681314043979,0.2402169820436942,1.0,0.2379658326829904,0.0246689680705383,0.0069658326829904
0.735,0.2376613344983515,0.2431177191840143,0.2403895268411829,1.0,0.2376613344983515,0.0298822371500275,0.0066613344983514
0.735,0.2381101994023562,0.2416033175868944,0.2398567584946253,1.0,0.2381101994023562,0.019158958605846,0.0071101994023562
0.735,0.2388198626716449,0.2419617282241108,0.2403907954478779,1.0,0.2388198626716449,0.0172061770902522,0.0078198626716449
0.735,0.2377509447715654,0.2425406745818869,0.2401458096767261,1.0,0.2377509447715654,0.0262492576191508,0.0067509447715653
0.735,0.2369786368436147,0.2439431445275686,0.2404608906855916,1.0,0.2369786368436147,0.0381346375217113,0.0059786368436146
0.735,0.2379989515514446,0.2430492339076777,0.2405240927295612,1.0,0.2379989515514446,0.027647481543235,0.0069989515514446
0.735,0.2358448526677443,0.2448423358609976,0.2403435942643709,1.0,0.2358448526677443,0.0492845782562538,0.0048448526677442
0.735,0.2372935688635298,0.2435520935287645,0.2404228311961471,1.0,0.2372935688635298,0.0342723259054753,0.0062935688635298
0.735,0.2359367423239899,0.244949131869252,0.2404429370966209,1.0,0.2359367423239899,0.0493522976252078,0.0049367423239899
0.735,0.2385631882289711,0.2423023709880339,0.2404327796085025,1.0,0.2385631882289711,0.0204749882318435,0.0075631882289711
0.735,0.2382588632357608,0.2416323628812654,0.2399456130585131,1.0,0.2382588632357608,0.0184981711442859,0.0072588632357608
0.735,0.2398296768540815,0.2417353797937184,0.2407825283238999,1.0,0.2398296768540815,0.0104247540074593,0.0088296768540814
0.735,0.2373506271647088,0.2433004790337723,0.2403255530992405,1.0,0.2373506271647088,0.0325908787853861,0.0063506271647088
0.735,0.2389044977270954,0.2417906010672411,0.2403475493971683,1.0,0.2389044977270954,0.0158074321269836,0.0079044977270954
0.735,0.2385539044752528,0.2431244904985159,0.2408391974868843,1.0,0.2385539044752528,0.02499891450078,0.0075539044752528
0.735,0.2376075322886719,0.2430676139307424,0.2403375731097071,1.0,0.2376075322886719,0.0299069041342954,0.0066075322886718
0.735,0.239740820134597,0.2406240003151196,0.2401824102248583,1.0,0.239740820134597,0.0048394850896151,0.008740820134597
0.735,0.2338795904276888,0.2468029370301391,0.240341263728914,1.0,0.2338795904276888,0.0707962329754399,0.0028795904276888
0.735,0.2388984004678515,0.2419383638295497,0.2404183821487006,1.0,0.2388984004678515,0.0166468002237327,0.0078984004678515
0.735,0.2394441316644227,0.2408948773722367,0.2401695045183297,1.0,0.2394441316644227,0.0079498282747518,0.0084441316644227
0.735,0.2391598261862721,0.2416877182971241,0.2404237722416981,1.0,0.2391598261862721,0.0138424479373902,0.008159826186272
0.735,0.2388909614131131,0.2416376978662365,0.2402643296396748,1.0,0.2388909614131131,0.0150476569610362,0.0078909614131131
0.735,0.2377931308615111,0.2423505124142914,0.2400718216379012,1.0,0.2377931308615111,0.02498111839651,0.0067931308615111
0.735,0.239046451763033,0.241290759302303,0.240168605532668,1.0,0.239046451763033,0.0122984781949544,0.0080464517630329
0.735,0.2378408624408132,0.2428402796547161,0.2403405710477646,1.0,0.2378408624408132,0.0273832904727411,0.0068408624408132
0.735,0.2356943825108933,0.2456630979603746,0.240678740235634,1.0,0.2356943825108933,0.0545537445293626,0.0046943825108933
0.735,0.2395739449092684,0.2413616186171915,0.24046778176323,1.0,0.2395739449092684,0.0097878368660435,0.0085739449092684
0.735,0.23553448902783,0.2455204928238129,0.2405274909258215,1.0,0.23553448902783,0.0546718587473744,0.00453448902783
0.735,0.2369856705617849,0.2433373575233451,0.240161514042565,1.0,0.2369856705617849,0.0348084135806749,0.0059856705617849
0.735,0.2388769782776599,0.2415064338305325,0.2401917060540962,1.0,0.2388769782776599,0.0144081160191837,0.0078769782776599
0.735,0.2394819960827581,0.2413652974044155,0.2404236467435868,1.0,0.2394819960827581,0.0103127130847018,0.008481996082758
0.735,0.2391226161877156,0.24211173522849,0.2406171757081028,1.0,0.2391226161877156,0.0163591295779683,0.0081226161877155
0.735,0.2370350933966732,0.2440569126386856,0.2405460030176794,1.0,0.2370350933966732,0.0384391872194089,0.0060350933966732
0.735,0.2390113208181534,0.2416125483210285,0.240311934569591,1.0,0.2390113208181534,0.0142485613667697,0.0080113208181534
0.735,0.2379414804530624,0.2426690981228408,0.2403052892879516,1.0,0.2379414804530624,0.0258970856520812,0.0069414804530624
0.735,0.2378755591684962,0.2428643340350462,0.2403699466017712,1.0,0.2378755591684962,0.0273227128610173,0.0068755591684961
0.735,0.2385836006250163,0.2421612593693203,0.2403724299971683,1.0,0.2385836006250163,0.0195938520164316,0.0075836006250163
0.735,0.2386401417006836,0.2425056138075516,0.2405728777541176,1.0,0.2386401417006836,0.0211581211006928,0.0076401417006836
0.735,0.2391012406348598,0.2412829748472587,0.2401921077410593,1.0,0.2391012406348598,0.0119547816674931,0.0081012406348598
0.735,0.2394748399735804,0.240198464654294,0.2398366523139372,1.0,0.2394748399735804,0.0039690918576564,0.0084748399735804
0.735,0.2367823580947181,0.243971071671087,0.2403767148829026,1.0,0.2367823580947181,0.0393718557323297,0.0057823580947181
0.735,0.2384406518275223,0.2421382232967039,0.2402894375621131,1.0,0.2384406518275223,0.0202553824814466,0.0074406518275222
0.735,0.2373817577403602,0.2424486959656553,0.2399152268530078,1.0,0.2373817577403602,0.0277867926992341,0.0063817577403602
0.735,0.2395764039408932,0.2408667090365779,0.2402215564887356,1.0,0.2395764039408932,0.0070695909597864,0.0085764039408932
0.735,0.2388911657246002,0.2420091351307736,0.2404501504276869,1.0,0.2388911657246002,0.0170724277448055,0.0078911657246002
0.735,0.2358542500478866,0.2449877829921184,0.2404210165200025,1.0,0.2358542500478866,0.0500189268392001,0.0048542500478865
0.735,0.2398010727576615,0.2406961195119733,0.2402485961348174,1.0,0.2398010727576615,0.0049035854292649,0.0088010727576614
0.735,0.2383447200526949,0.2424989107545517,0.2404218154036233,1.0,0.2383447200526949,0.0227482787813422,0.0073447200526949
0.735,0.2390780513808952,0.2418654069357842,0.2404717291583397,1.0,0.2390780513808952,0.0152611833971438,0.0080780513808952
0.735,0.2349642922426858,0.2454437788791601,0.240204035560923,1.0,0.2349642922426858,0.057427079415224,0.0039642922426858
0.735,0.235339598508913,0.2451010513269994,0.2402203249179562,1.0,0.235339598508913,0.053488927046331,0.004339598508913
0.735,0.2397253115097666,0.2409634910520662,0.2403444012809164,1.0,0.2397253115097666,0.0067816227032544,0.0087253115097665
0.735,0.2392677453073347,0.2414518775416747,0.2403598114245047,1.0,0.2392677453073347,0.0119622116693034,0.0082677453073347
0.735,0.238074495419425,0.2430234030025184,0.2405489492109717,1.0,0.238074495419425,0.0270905670856393,0.0070744954194249
0.735,0.238126480886204,0.2427496845975545,0.2404380827418793,1.0,0.238126480886204,0.0253155331520948,0.007126480886204
0.735,0.2379350472973606,0.2420405188025959,0.2399877830499782,1.0,0.2379350472973606,0.0225092817928505,0.0069350472973606
0.735,0.2364326421237393,0.2443370307611232,0.2403848364424313,1.0,0.2364326421237393,0.0432910641455628,0.0054326421237393
0.735,0.2336003051448812,0.2469777145089784,0.2402890098269298,1.0,0.2336003051448812,0.0732955562088288,0.0026003051448812
0.735,0.2350932417821898,0.2464860652419425,0.2407896535120662,1.0,0.2350932417821898,0.062329682879451,0.0040932417821898
0.735,0.2359975373945706,0.2448210091524141,0.2404092732734923,1.0,0.2359975373945706,0.0483222157994558,0.0049975373945705
0.735,0.2350204173174475,0.245970281921749,0.2404953496195982,1.0,0.2350204173174475,0.0599556939050454,0.0040204173174474
0.735,0.2370839892574349,0.2430052632065444,0.2400446262319896,1.0,0.2370839892574349,0.0324602858492821,0.0060839892574348
0.735,0.2348094982139262,0.2452448946683339,0.24002719644113,1.0,0.2348094982139262,0.0572142338228456,0.0038094982139262
0.735,0.2364283904265947,0.2440357176640803,0.2402320540453375,1.0,0.2364283904265947,0.0416820072353689,0.0054283904265947
0.735,0.2361166375721167,0.2446952900238236,0.2404059637979702,1.0,0.2361166375721167,0.0469816656970885,0.0051166375721167
0.735,0.2365737271783552,0.2431672435349005,0.2398704853566279,1.0,0.2365737271783552,0.0361638050321231,0.0055737271783552
0.735,0.2372882218065749,0.2435174249764188,0.2404028233914968,1.0,0.2372882218065749,0.0341136849461087,0.0062882218065749
0.735,0.2362074672160644,0.2441088849454059,0.2401581760807351,1.0,0.2362074672160644,0.0433027185518948,0.0052074672160644
0.735,0.2354244936627037,0.2455415552329216,0.2404830244478127,1.0,0.2354244936627037,0.0553965459712721,0.0044244936627037
0.735,0.2364600398201667,0.2446139000500306,0.2405369699350986,1.0,0.2364600398201667,0.0446382727266974,0.0054600398201667
0.735,0.234272264230725,0.2464564374321868,0.2403643508314559,1.0,0.234272264230725,0.0667411323117763,0.003272264230725
0.735,0.2357447996081014,0.2451295692629868,0.2404371844355441,1.0,0.2357447996081014,0.051392708254647,0.0047447996081014
0.735,0.2343651161124784,0.246566640948328,0.2404658785304032,1.0,0.2343651161124784,0.0668169119687183,0.0033651161124784
0.735,0.2370304816801705,0.2438548006253496,0.24044264115276,1.0,0.2370304816801705,0.0373688815159198,0.0060304816801705
0.735,0.2367221975777615,0.2431937568614998,0.2399579772196306,1.0,0.2367221975777615,0.0354859776877156,0.0057221975777614
0.735,0.2383061010476436,0.2432694634229683,0.240787782235306,1.0,0.2383061010476436,0.0271512855287388,0.0073061010476436
0.735,0.2358058307105584,0.2448765995252231,0.2403412151178907,1.0,0.2358058307105584,0.0496864180268143,0.0048058307105584
0.735,0.2373761259431339,0.2433408413378394,0.2403584836404867,1.0,0.2373761259431339,0.0326692411615232,0.0063761259431339
0.735,0.2370223048459464,0.2446819862557608,0.2408521455508536,1.0,0.2370223048459464,0.0418950290770598,0.0060223048459464
0.735,0.2360643656853651,0.2446397101893313,0.2403520379373482,1.0,0.2360643656853651,0.0469707506118179,0.0050643656853651
0.735,0.2382174789995965,0.2421499313953654,0.240183705197481,1.0,0.2382174789995965,0.0215485938306561,0.0072174789995965
0.735,0.2322570390088935,0.2484956239074651,0.2403763314581793,1.0,0.2322570390088935,0.0889585088188382,0.0012570390088935
0.735,0.2373694232034314,0.2434854325505602,0.2404274278769958,1.0,0.2373694232034314,0.0334913928936961,0.0063694232034314
0.735,0.2379203288232011,0.2424289217316891,0.2401746252774451,1.0,0.2379203288232011,0.0247064362591789,0.0069203288232011
0.735,0.2376313334476663,0.2432272773195941,0.2404293053836302,1.0,0.2376313334476663,0.0306431292013658,0.0066313334476663
0.735,0.2373629289183251,0.2431894225085561,0.2402761757134406,1.0,0.2373629289183251,0.0319196041414979,0.0063629289183251
0.735,0.236252565469118,0.2439207899821965,0.2400866777256572,1.0,0.236252565469118,0.0420331215154448,0.0052525654691179
0.735,0.2375215475539679,0.2428387594916941,0.240180153522831,1.0,0.2375215475539679,0.0291373548992275,0.0065215475539679
0.735,0.2362987399979657,0.2444069602349301,0.2403528501164479,1.0,0.2362987399979657,0.0444116215000507,0.0052987399979657
0.735,0.2341176995319555,0.2472818143578994,0.2406997569449274,1.0,0.2341176995319555,0.072042257603802,0.0031176995319555
0.735,0.2380500100547148,0.2429001049123878,0.2404750574835513,1.0,0.2380500100547148,0.0265552070476067,0.0070500100547148
0.735,0.2339568432402247,0.2471503619828224,0.2405536026115235,1.0,0.2339568432402247,0.0722332212477017,0.0029568432402246
0.735,0.2354335922325607,0.2449274889118192,0.24018054057219,1.0,0.2354335922325607,0.0520284157924457,0.0044335922325607
0.735,0.2373492698381996,0.2430575340474428,0.2402034019428212,1.0,0.2373492698381996,0.0312783322611114,0.0063492698381996
0.735,0.2379589210400931,0.2429018843239274,0.2404304026820103,1.0,0.2379589210400931,0.0270671428817586,0.0069589210400931
0.735,0.2375965973532172,0.2436591182118913,0.2406278577825543,1.0,0.2375965973532172,0.0331795645222436,0.0065965973532171
0.735,0.2354875873812877,0.2456494776892007,0.2405685325352442,1.0,0.2354875873812877,0.0556285456259875,0.0044875873812877
0.735,0.2374861025905492,0.2431561081019398,0.2403211053462445,1.0,0.2374861025905492,0.0310582725714951,0.0064861025905492
0.735,0.2364038703648407,0.2442294992260449,0.2403166847954428,1.0,0.2364038703648407,0.0428679599073615,0.0054038703648406
0.735,0.2363362126920204,0.2444296923067391,0.2403829524993798,1.0,0.2363362126920204,0.0443270740945362,0.0053362126920204
0.735,0.2370537001217282,0.2437166877309455,0.2403851939263369,1.0,0.2370537001217282,0.0364913274710902,0.0060537001217282
0.735,0.2371104934681383,0.2440619252671964,0.2405862093676674,1.0,0.2371104934681383,0.0380494807135545,0.0061104934681383
0.735,0.2375735913990224,0.2428258853467443,0.2401997383728834,1.0,0.2375735913990224,0.0287799886856743,0.0065735913990224
0.735,0.2379545672852198,0.2417348948324799,0.2398447310588499,1.0,0.2379545672852198,0.0207349975291035,0.0069545672852198
0.735,0.2352264642224475,0.2455591197102085,0.240392791966328,1.0,0.2352264642224475,0.0565918434225158,0.0042264642224475
0.735,0.2369043715602158,0.2436920848465774,0.2402982282033966,1.0,0.2369043715602158,0.0371836839940555,0.0059043715602158
0.735,0.235840791002857,0.2440236303245409,0.239932210663699,1.0,0.235840791002857,0.0448741407684387,0.004840791002857
0.735,0.2380534781057089,0.2423977605823532,0.240225619344031,1.0,0.2380534781057089,0.0238025434555511,0.0070534781057089
0.735,0.2373626447261583,0.2435520588165271,0.2404573517713427,1.0,0.2373626447261583,0.0338905102198492,0.0063626447261583
0.735,0.2342842977812624,0.2466070279101938,0.2404456628457281,1.0,0.2342842977812624,0.06748475183013,0.0032842977812624
0.735,0.2382789837654139,0.2422288006533188,0.2402538922093663,1.0,0.2382789837654139,0.0216394248345395,0.0072789837654139
0.735,0.2368108873120925,0.2440552003131262,0.2404330438126093,1.0,0.2368108873120925,0.0396700491804946,0.0058108873120925
0.735,0.2375515410620681,0.2434088564032384,0.2404801987326532,1.0,0.2375515410620681,0.0320698559318146,0.0065515410620681
0.735,0.2333695361328771,0.2470928809911126,0.2402312085619949,1.0,0.2333695361328771,0.0752041319792142,0.0023695361328771
0.735,0.2337451357176238,0.2467536423673692,0.2402493890424965,1.0,0.2337451357176238,0.0712815743174226,0.0027451357176238
0.735,0.2382024929687151,0.2424959472872728,0.2403492201279939,1.0,0.2382024929687151,0.0235157693731213,0.0072024929687151
0.735,0.237745794414185,0.2429872297543656,0.2403665120842753,1.0,0.237745794414185,0.0287068576932703,0.006745794414185
0.725,0.2356272880888366,0.2455210422988883,0.2405741651938625,1.0,0.2356272880888366,0.0541595109669919,0.0046272880888366
0.725,0.2356831279677384,0.2452436090708101,0.2404633685192743,1.0,0.2356831279677384,0.0523512355354014,0.0046831279677384
0.725,0.2354894469029077,0.2445419911386,0.2400157190207539,1.0,0.2354894469029077,0.0496325656869922,0.0044894469029077
0.725,0.2339592939424044,0.2468811385875123,0.2404202162649583,1.0,0.2339592939424044,0.0707721013684175,0.0029592939424043
0.725,0.2310539254811878,0.2496466115400754,0.2403502685106316,1.0,0.2310539254811878,0.1018717998063176,5.392548118779428e-05
0.725,0.2325786615583352,0.2490986986055087,0.240838680081922,1.0,0.2325786615583352,0.0903824641404267,0.0015786615583352
0.725,0.2335153570818045,0.2473870440242977,0.2404512005530511,1.0,0.2335153570818045,0.0759698158307788,0.0025153570818045
0.725,0.2325182080326236,0.2485620904541774,0.2405401492434005,1.0,0.2325182080326236,0.0878503108368693,0.0015182080326235
0.725,0.234627347564687,0.2455195872919083,0.2400734674282976,1.0,0.234627347564687,0.0597117542344913,0.003627347564687
0.725,0.2322946007614046,0.2478535235044617,0.2400740621329331,1.0,0.2322946007614046,0.085306520921226,0.0012946007614046
0.725,0.2339575281617553,0.2465843927932614,0.2402709604775084,1.0,0.2339575281617553,0.0691853075869812,0.0029575281617553
0.725,0.2336336260851088,0.2472606862429904,0.2404471561640496,1.0,0.2336336260851088,0.0746303814203745,0.0026336260851088
0.725,0.2341044591868505,0.2457095796659403,0.2399070194263954,1.0,0.2341044591868505,0.0636511695581827,0.0031044591868505
0.725,0.2348267125555553,0.2460464342967307,0.240436573426143,1.0,0.2348267125555553,0.0614439722148225,0.0038267125555552
0.725,0.2337267494409348,0.2466588991192465,0.2401928242800907,1.0,0.2337267494409348,0.0708744270364278,0.0027267494409348
0.725,0.2329261255073495,0.2481415911086336,0.2405338583079916,1.0,0.2329261255073495,0.0833132624645591,0.0019261255073495
0.725,0.2339868054481388,0.2471578132578873,0.2405723093530131,1.0,0.2339868054481388,0.0721060942641715,0.0029868054481388
0.725,0.2317433017962277,0.2490833138581725,0.2404133078272001,1.0,0.2317433017962277,0.0949863443651966,0.0007433017962277
0.725,0.233255393399297,0.24769499038814,0.2404751918937185,1.0,0.233255393399297,0.0790760787513304,0.002255393399297
0.725,0.23183758920616,0.2491991160316206,0.2405183526188903,1.0,0.23183758920616,0.095075860786262,0.00083758920616
0.725,0.2345672874513471,0.2463785370498579,0.2404729122506025,1.0,0.2345672874513471,0.0646777427344398,0.0035672874513471
0.725,0.2342526361460614,0.2457321021807567,0.239992369163409,1.0,0.2342526361460614,0.0629464484739084,0.0032526361460613
0.725,0.2358576376494622,0.2457630463360475,0.2408103419927549,1.0,0.2358576376494622,0.0541869819166167,0.0048576376494622
0.725,0.2333229218401472,0.2474395174074392,0.2403812196237932,1.0,0.2333229218401472,0.0773270777725383,0.0023229218401471
0.725,0.2349198938938019,0.2458608488037893,0.2403903713487956,1.0,0.2349198938938019,0.0599247822052471,0.0039198938938019
0.725,0.2345610678465519,0.2472137459755558,0.2408874069110539,1.0,0.2345610678465519,0.0692054679938161,0.0035610678465519
0.725,0.2335841537765951,0.2471959262218965,0.2403900399992458,1.0,0.2335841537765951,0.0745587348340797,0.002584153776595
0.725,0.2357694927588577,0.2446301864883856,0.2401998396236216,1.0,0.2357694927588577,0.0485550313253595,0.0047694927588576
0.725,0.2296433650990179,0.2512562588712375,0.2404498119851277,0.9372302980211826,0.231,0.118402630528601,0.0
0.725,0.2349123627624132,0.2460001698999562,0.2404562663311847,1.0,0.2349123627624132,0.060717949476355,0.0039123627624132
0.725,0.2354716505363744,0.2449223312699849,0.2401969909031797,1.0,0.2354716505363744,0.0517891093307076,0.0044716505363744
0.725,0.2351748952120622,0.2457299871952434,0.2404524412036528,1.0,0.2351748952120622,0.0578006232284507,0.0041748952120622
0.725,0.2349074989799399,0.2457117067272491,0.2403096028535945,1.0,0.2349074989799399,0.0591892056587337,0.0039074989799398
0.725,0.2337766373001319,0.246473864763058,0.240125251031595,1.0,0.2337766373001319,0.0695998653840732,0.0027766373001319
0.725,0.2350711691997578,0.2453547002659486,0.2402129347328532,1.0,0.2350711691997578,0.0563515644743433,0.0040711691997578
0.725,0.2338202322731495,0.2469543087778666,0.240387270525508,1.0,0.2338202322731495,0.0719416738989167,0.0028202322731495
0.725,0.2315819830650479,0.2499165976019925,0.2407492903335202,1.0,0.2315819830650479,0.1003427776791818,0.0005819830650478
0.725,0.2356011015654348,0.2454009094677208,0.2405010055165778,1.0,0.2356011015654348,0.0536562799730813,0.0046011015654348
0.725,0.231419400552367,0.2498033193340345,0.2406113599432007,1.0,0.231419400552367,0.1006522577835826,0.000419400552367
0.725,0.2329386838602005,0.2475134486861648,0.2402260662731827,1.0,0.2329386838602005,0.0798732756562641,0.0019386838602005
0.725,0.23489432148154,0.2455786323097499,0.2402364768956449,1.0,0.23489432148154,0.0585443844507267,0.0038943214815399
0.725,0.2355114894978583,0.2453992235629558,0.2404553565304071,1.0,0.2355114894978583,0.0541448283773544,0.0045114894978583
0.725,0.2351444677870079,0.2461743372682,0.2406594025276039,1.0,0.2351444677870079,0.0603657356895517,0.0041444677870079
0.725,0.233000227093001,0.2482393460464156,0.2406197865697083,1.0,0.233000227093001,0.0834224688796172,0.0020002270930009
0.725,0.2350352534973045,0.2456648668500558,0.2403500601736801,1.0,0.2350352534973045,0.0582257662935412,0.0040352534973044
0.725,0.2339327571293721,0.2467662669774903,0.2403495120534312,1.0,0.2339327571293721,0.0703022579674135,0.0029327571293721
0.725,0.2338622684118863,0.2469747356465712,0.2404185020292288,1.0,0.2338622684118863,0.0718168820214268,0.0028622684118863
0.725,0.2345952504443763,0.2462451459886964,0.2404201982165364,1.0,0.2345952504443763,0.06380346791812,0.0035952504443763
0.725,0.2346523062691743,0.2465917722427828,0.2406220392559785,1.0,0.2346523062691743,0.0653523707892493,0.0036523062691743
0.725,0.2351186746714996,0.2453339650528435,0.2402263198621715,1.0,0.2351186746714996,0.055975397656292,0.0041186746714996
0.725,0.2355117069775439,0.2442319181559373,0.2398718125667406,1.0,0.2355117069775439,0.0478297876726581,0.0045117069775439
0.725,0.2327250660011589,0.248142418960501,0.24043374248083,1.0,0.2327250660011589,0.0844433404870967,0.0017250660011589
0.725,0.2344354904786422,0.2462180568944433,0.2403267736865427,1.0,0.2344354904786422,0.0645474538929709,0.0034354904786421
0.725,0.2333641449184086,0.2465841741430077,0.2399741595307081,1.0,0.2333641449184086,0.07249794760277,0.0023641449184086
0.725,0.2356062644291528,0.2448860811194651,0.2402461727743089,1.0,0.2356062644291528,0.0508454800131832,0.0046062644291528
0.725,0.2349063840703253,0.2460600902480413,0.2404832371591833,1.0,0.2349063840703253,0.0610742368479839,0.0039063840703253
0.725,0.2317596908357059,0.2492420268998357,0.2405008588677708,1.0,0.2317596908357059,0.0957426602635156,0.0007596908357059
0.725,0.2358329480912738,0.244719881797143,0.2402764149442084,1.0,0.2358329480912738,0.0486882311868173,0.0048329480912738
0.725,0.2343459030420944,0.2465852844731343,0.2404655937576144,1.0,0.2343459030420944,0.0670243432599027,0.0033459030420944
0.725,0.235098545499733,0.2459179074988211,0.2405082264992771,1.0,0.235098545499733,0.0592387718923876,0.004098545499733
0.725,0.2308032734419969,0.2497788280897992,0.240291050765898,0.9896326320018328,0.231,0.1039888202201231,0.0
0.725,0.2311789071489982,0.249445643423994,0.2403122752864961,1.0,0.2311789071489982,0.1000953465958125,0.0001789071489982
0.725,0.235755280061794,0.2449869308451801,0.240371105453487,1.0,0.235755280061794,0.0505635401955288,0.0047552800617939
0.725,0.2353001837246279,0.2454826786385543,0.2403914311815911,1.0,0.2353001837246279,0.055769437202956,0.0043001837246279
0.715,0.2324214010979529,0.2488470953517729,0.2406342482248629,1.0,0.2324214010979529,0.0899181756472997,0.0014214010979529
0.715,0.2324823858176159,0.2485644742580867,0.2405234300378513,1.0,0.2324823858176159,0.0880638212555398,0.0014823858176159
0.715,0.2322856805577908,0.2478728291354793,0.2400792548466351,1.0,0.2322856805577908,0.0854600972576327,0.0012856805577908
0.715,0.2307185848620248,0.250270190652212,0.2404943877571184,0.9856065460302788,0.231,0.1070863409693254,0.0
0.715,0.2277125508362902,0.2532092742066228,0.2404609125214565,0.8710638572666581,0.2309999999999999,0.1397040571856924,-2.775557561562892e-17
0.715,0.2292813346370656,0.2525832960530454,0.2409323153450555,0.9262437469424452,0.231,0.1274918396146851,0.0
0.715,0.2302627322545802,0.2508059511336732,0.2405343416941266,0.964111381485102,0.231,0.1125097846324958,0.0
0.715,0.2292385273043334,0.2520168748096049,0.2406277010569691,0.9226689866216604,0.231,0.1247315173369956,0.0
0.715,0.231409073789148,0.2488677446460283,0.2401384092175882,1.0,0.231409073789148,0.095711713324893,0.000409073789148
0.715,0.2289965446189644,0.2513326493672871,0.2401645969931258,0.9103041732831236,0.231,0.1224685385776047,0.0
0.715,0.2307201204545715,0.2499797213968016,0.2403499209256865,0.9854680506481936,0.231,0.1055290355652354,0.0
0.715,0.2303793168561521,0.2506792997263156,0.2405293082912338,0.9694244498718196,0.231,0.1111779886929367,0.0
0.715,0.2308692057593365,0.2490957238398118,0.2399824647995741,0.9928239590202576,0.231,0.0999687711279737,0.0
0.715,0.2316015998705105,0.2494149353835539,0.2405082676270322,1.0,0.2316015998705105,0.0975546233683501,0.0006015998705104
0.715,0.230476125454671,0.2500566403361952,0.2402663828954331,0.9732451087982712,0.231,0.1073144692939933,0.0
0.715,0.2296513738299341,0.2516078077954428,0.2406295908126884,0.9385771764128727,0.231,0.1202251758339194,0.0
0.715,0.2307462690746669,0.2505467637761743,0.2406465164254206,0.9871856269675016,0.231,0.108403822254578,0.0
0.715,0.2284265840120176,0.2525879483299958,0.2405072661710067,0.8934904521899243,0.231,0.1323598205556462,0.0
0.715,0.2299930255913299,0.2511139307148248,0.2405534781530773,0.9523233307103904,0.231,0.1156704693966965,0.0
0.715,0.2285225195255336,0.2527113539354337,0.2406169367304836,0.8975775172758047,0.231,0.1324691492347274,0.0
0.715,0.2313400253974739,0.2497400726872809,0.2405400490423774,1.0,0.2313400253974739,0.1007610579032776,0.0003400253974739
0.715,0.2310170355523958,0.2491131609045567,0.2400650982284763,1.0,0.2310170355523958,0.0992296561943535,1.7035552395822107e-05
0.715,0.232649768991294,0.2490837987826689,0.2408667838869814,1.0,0.232649768991294,0.0899044548614271,0.001649768991294
0.715,0.230069288239582,0.2508545384130283,0.2404619133263051,0.9552224893782147,0.231,0.113860079818838,0.0
0.715,0.2317017373587775,0.2492171076881272,0.2404594225234524,1.0,0.2317017373587775,0.0959350073306539,0.0007017373587775
0.715,0.2313367214298843,0.2505855429881886,0.2409611322090364,1.0,0.2313367214298843,0.1052868602945744,0.0003367214298843
0.715,0.2303342049309833,0.2506017060767525,0.2404679555038679,0.9671496222337372,0.231,0.1110193097272338,0.0
0.715,0.2325624476693892,0.2479330272745199,0.2402477374719545,1.0,0.2325624476693892,0.0842316089425676,0.0015624476693892
0.715,0.2262066246845059,0.254951516904792,0.240579070794649,0.8332442759304821,0.231,0.1574801339488565,0.0
0.715,0.2316934053466545,0.2493491680708398,0.2405212867087471,1.0,0.2316934053466545,0.0966874857323065,0.0006934053466545
0.715,0.2322637990764333,0.248242623835096,0.2402532114557646,1.0,0.2322637990764333,0.0875653511023888,0.0012637990764333
0.715,0.2319564434607705,0.2490633260584095,0.24050988475959,1.0,0.2319564434607705,0.0936826952027629,0.0009564434607705
0.715,0.2316909058519774,0.2490707044519601,0.2403808051519688,1.0,0.2316909058519774,0.0952132470391189,0.0006909058519774
0.715,0.2305325006801968,0.249875104819144,0.2402038027496704,0.9758305905220958,0.231,0.10602835573925,0.0
0.715,0.2318612334145136,0.2487047041560731,0.2402829687852933,1.0,0.2318612334145136,0.0922988292163022,0.0008612334145136
0.715,0.2305725643551452,0.2503481531909907,0.2404603587730679,0.9783856931693478,0.231,0.1083246898025835,0.0
0.715,0.2282560687726058,0.2534325661846838,0.2408443174786448,0.8910121935357931,0.231,0.1377965226384876,0.0
0.715,0.232392911855146,0.2487313932761754,0.2405621525656607,1.0,0.232392911855146,0.089458792618583,0.001392911855146
0.715,0.2280908624651952,0.2533436186795121,0.2407172405723537,0.8847992072581993,0.231,0.1382644392232319,2.775557561562892e-17
0.715,0.2296687518593329,0.2509597021460973,0.2403142270027151,0.9374735217199466,0.231,0.1166821459598668,0.0
0.715,0.2316782792270992,0.2489357306420673,0.2403070049345833,1.0,0.2316782792270992,0.0945623976885012,0.0006782792270992
0.715,0.2323054228315991,0.2487243526709983,0.2405148877512987,1.0,0.2323054228315991,0.0899116255559915,0.0013054228315991
0.715,0.2319323190562706,0.2495239062681331,0.2407281126622018,1.0,0.2319323190562706,0.0962791851235038,0.0009323190562706
0.715,0.2297405772927136,0.2516906974440159,0.2407156373683647,0.9426234253568913,0.231,0.1201611671488973,0.0
0.715,0.2318247682607142,0.2490053602202084,0.2404150642404613,1.0,0.2318247682607142,0.09411200532018,0.0008247682607142
0.715,0.2306950561902546,0.2501452877355345,0.2404201719628945,0.9843218416688008,0.231,0.1065531306903762,0.0
0.715,0.2306207796338581,0.250365202423222,0.24049299102854,0.9807935450842268,0.231,0.1081437776710454,0.0
0.715,0.2313746646465952,0.2496126622815146,0.2404936634640549,1.0,0.2313746646465952,0.0998861610733192,0.0003746646465952
0.715,0.2314317839609432,0.2499610625262333,0.2406964232435882,1.0,0.2314317839609432,0.1014241978519401,0.0004317839609432
0.715,0.2319025455856212,0.2486742915040126,0.2402884185448169,1.0,0.2319025455856212,0.0919041140598937,0.0009025455856212
0.715,0.2323117640907598,0.2475565120277656,0.2399341380592627,1.0,0.2323117640907598,0.0836164202149605,0.0013117640907598
0.715,0.2294459081773593,0.2515865722845947,0.240516240230977,0.9298082561971188,0.231,0.1212741662939795,0.0
0.715,0.2312008957371484,0.2495823761412814,0.2403916359392149,1.0,0.2312008957371484,0.1007018236836867,0.0002008957371484
0.715,0.2301189288492713,0.2499951742604772,0.2400570515548742,0.955672153744289,0.231,0.1090017665207159,0.0
0.715,0.2324004396316943,0.2481991581984207,0.2402997989150575,1.0,0.2324004396316943,0.0865663050138585,0.0014004396316943
0.715,0.2316886069581294,0.2494002054470347,0.2405444062025821,1.0,0.2316886069581294,0.0969870959749317,0.0006886069581294
0.715,0.228448917091008,0.2527570116069619,0.2406029643489849,0.8950521231798866,0.231,0.1331284351972761,0.0
0.715,0.2326283379361934,0.2480368741986757,0.2403326060674345,1.0,0.2326283379361934,0.0844193195557929,0.0016283379361934
0.715,0.2311163359820391,0.2499554126568352,0.2405358743194371,1.0,0.2311163359820391,0.1031683712111295,0.0001163359820391
0.715,0.2318851074931501,0.2492597064271631,0.2405724069601566,1.0,0.2318851074931501,0.0951328717124517,0.0008851074931501
0.715,0.2274342982525482,0.2533666187113543,0.2404004584819513,0.8624997036761146,0.231,0.1421189072458164,0.0
0.715,0.2278090488807529,0.2530423646004797,0.2404257067406163,0.8735421394996277,0.231,0.1382725454914859,0.0
0.715,0.2325491196771867,0.2483043043077279,0.2404267119924573,1.0,0.2325491196771867,0.0862964530958583,0.0015491196771866
0.715,0.2320965303491592,0.2488055118388113,0.2404510210939853,1.0,0.2320965303491592,0.0915175942926205,0.0010965303491592
0.715,0.2320517085655135,0.2492346604573077,0.2406431845114106,1.0,0.2320517085655135,0.0940638986428143,0.0010517085655135
0.715,0.2321132938367522,0.2489514167506006,0.2405323552936764,1.0,0.2321132938367522,0.0922040391704515,0.0011132938367522
0.715,0.231916233866655,0.2482609285355278,0.2400885812010914,1.0,0.231916233866655,0.089613592089037,0.0009162338666549
0.715,0.2303448346527709,0.2506651796260668,0.2405050071394188,0.9677581582354984,0.231,0.1112973061979176,0.0
0.715,0.2273268077172037,0.2536250684382777,0.2404759380777407,0.8603256572077103,0.231,0.1440965218796877,0.0
0.715,0.2289008554174814,0.2529897484678856,0.2409453019426835,0.9128584041563768,0.231,0.1317980528345552,0.0
0.715,0.2298875816898765,0.2512044691326165,0.2405460254112465,0.9478151623631011,0.231,0.1167473566403756,0.0
0.715,0.2288601954029285,0.2524196903515624,0.2406399428772455,0.9091744283255306,0.2309999999999999,0.1290097723058441,-2.775557561562892e-17
0.715,0.2310379518278679,0.2492578758404453,0.2401479138341566,1.0,0.2310379518278679,0.099885415772233,3.795182786789364e-05
0.715,0.2286159570357751,0.2517384555118204,0.2401772062737978,0.8968950969249845,0.231,0.1267809058452702,0.0
0.715,0.2303467543393524,0.2503754565228392,0.2403611054310958,0.967384523736834,0.231,0.1097434268053862,0.0
0.715,0.230003925294832,0.2510778284444909,0.2405408768696615,0.952734208841419,0.231,0.1154169380128762,0.0
0.715,0.2304960928326662,0.2494903338891649,0.2399932133609156,0.973470528996926,0.231,0.1041797613097312,0.0
0.715,0.2312296537259039,0.249807497964238,0.2405185758450709,1.0,0.2312296537259039,0.1017416669679958,0.0002296537259038
0.715,0.2301012122298753,0.2504527037195594,0.2402769579747173,0.9558367616162076,0.231,0.1115404723158599,0.0
0.715,0.229273601618701,0.2520119930327715,0.2406427973257363,0.9240756151189026,0.231,0.1245071207878631,0.0
0.715,0.2303725405603282,0.2509417525399631,0.2406571465501457,0.9694952125393524,0.231,0.112612941881518,0.0
0.715,0.2280438277310506,0.2529968159113437,0.2405203218211972,0.8815303302518268,0.231,0.1366973950614527,0.0
0.715,0.2296167306466878,0.2515125159730281,0.2405646233098579,0.9368248577205336,0.231,0.1199148842449548,0.0
0.715,0.2281399346104853,0.2531211206359046,0.2406305276231949,0.8855112248632044,0.231,0.1368091647928189,0.0
0.715,0.2309678360516572,0.2501318268175306,0.2405498314345939,0.9983216466373972,0.231,0.1049449955194627,0.0
0.715,0.2306438856174756,0.2495071947336137,0.2400755401755446,0.9811213196829964,0.231,0.1034367365818911,0.0
0.715,0.232279822181613,0.2494707548081125,0.2408752884948628,1.0,0.232279822181613,0.0940456151858546,0.001279822181613
0.715,0.2296940174510111,0.2512526228994519,0.2404733201752315,0.9394217519258244,0.231,0.1180970038792232,0.0
0.715,0.2313305963870877,0.2496082248772112,0.2404694106321495,1.0,0.2313305963870877,0.1001102834169362,0.0003305963870877
0.715,0.2309648951546034,0.2509784602880269,0.2409716777213151,0.9982459474280274,0.231,0.109470267312326,0.0
0.715,0.2299593705293353,0.2509986897591365,0.2404790301442359,0.9505388240323543,0.231,0.1152476217547844,0.0
0.715,0.2321926110577387,0.2483178829966175,0.2402552470271781,1.0,0.2321926110577387,0.0883678525702131,0.0011926110577386
0.715,0.2258093142133373,0.2553835875568266,0.2405964508850819,0.8244864471773945,0.231,0.1620247832687418,0.0
0.715,0.2313221936928307,0.2497394198224274,0.2405308067576291,1.0,0.2313221936928307,0.1008578547366663,0.0003221936928307
0.715,0.2318938772401196,0.2486295080850957,0.2402616926626076,1.0,0.2318938772401196,0.0917130704681095,0.0008938772401195
0.715,0.231585266420233,0.2494517805475352,0.2405185234838841,1.0,0.231585266420233,0.0978432112856915,0.0005852664202329
0.715,0.2313199846958304,0.2494621169737231,0.2403910508347768,1.0,0.2313199846958304,0.099389751880818,0.0003199846958304
0.715,0.2301583515874831,0.2502715329326048,0.2402149422600439,0.9581543865152408,0.231,0.1102526482091286,0.0
0.715,0.2314910824469334,0.2490950287300407,0.240293055588487,1.0,0.2314910824469334,0.0964661723620612,0.0004910824469334
0.715,0.2301979964687481,0.250743736545586,0.2404708665071671,0.96096497238588,0.231,0.1125439325532839,0.0
0.715,0.227872225021487,0.2538428158978209,0.2408575204596539,0.879564735611649,0.231,0.142143952523694,0.0
0.715,0.2320229481497293,0.2491194910220364,0.2405712195858828,1.0,0.2320229481497293,0.0936097061770568,0.0010229481497293
0.715,0.2277066878226127,0.2537567157022025,0.2407317017624076,0.873577402964411,0.231,0.1426304025070806,0.0
0.715,0.2292915578949309,0.2513614687446863,0.2403265133198086,0.9225895330207924,0.231,0.1209515266584433,0.0
0.715,0.231307415310423,0.2493268985977585,0.2403171569540908,1.0,0.231307415310423,0.0987381103776336,0.000307415310423
0.715,0.2319357183441701,0.2491117706223741,0.2405237444832721,1.0,0.2319357183441701,0.094058034667174,0.0009357183441701
0.715,0.231561919253242,0.2499142183426587,0.2407380687979504,1.0,0.231561919253242,0.1004428374397055,0.000561919253242
0.715,0.2293645990596228,0.2520930490581837,0.2407288240589032,0.928046085831602,0.231,0.1244221860583414,0.0
0.715,0.2314545590965621,0.2493945796654455,0.2404245693810038,1.0,0.2314545590965621,0.0982723168192067,0.0004545590965621
0.715,0.230321658894335,0.2505390883439572,0.2404303736191461,0.9664477075408998,0.231,0.1107566259283001,0.0
0.715,0.2302469395726982,0.2507603687953523,0.2405036541840252,0.963289393541763,0.231,0.1123562892929921,0.0
0.715,0.2310032801859718,0.2500050895280344,0.2405041848570031,1.0,0.2310032801859718,0.1040696489120882,3.2801859718711857e-06
0.715,0.2310603854818611,0.2503536918131203,0.2407070386474907,1.0,0.2310603854818611,0.1056065354271618,6.038548186110271e-05
0.715,0.2315316616719491,0.2490635471897149,0.240297604430832,1.0,0.2315316616719491,0.09606977324269,0.0005316616719491
0.715,0.2319427761895323,0.2479438592679957,0.239943317728764,1.0,0.2319427761895323,0.0877649238823103,0.0009427761895323
0.715,0.2290675938893073,0.2519882045674005,0.2405278992283539,0.9156913339774316,0.231,0.1255471014820524,0.0
0.715,0.2308278701958243,0.24997443915238,0.2404011546741021,0.9910098877471882,0.231,0.1048938804274957,2.775557561562892e-17
0.715,0.2297446449613838,0.2503927262009008,0.2400686855811423,0.939202339236555,0.231,0.113234792572703,0.0
0.715,0.2320307596860021,0.2485851686245108,0.2403079641552565,1.0,0.2320307596860021,0.0907073793736215,0.0010307596860021
0.715,0.2313175416168942,0.2497894247750637,0.2405534831959789,1.0,0.2313175416168942,0.1011508785808661,0.0003175416168942
0.715,0.2280668646656362,0.2531670499118492,0.2406169572887427,0.8831428809950187,0.231,0.1374670967495539,0.0
0.715,0.2322587729850065,0.2484233601387342,0.2403410665618704,1.0,0.2322587729850065,0.088561783066196,0.0012587729850065
0.715,0.2307438839586237,0.2503481782319404,0.2405460310952821,0.9869357173583716,0.231,0.1073593976173543,0.0
0.715,0.2315145469129966,0.2496491467121372,0.2405818468125669,1.0,0.2315145469129966,0.0992945421172564,0.0005145469129966
0.715,0.2270452508222031,0.2537855299806977,0.2404153904014504,0.8521051648579895,0.231,0.1465476551765248,0.0
0.715,0.2274198243637562,0.2534623899545853,0.2404411071591708,0.8625260009902969,0.231,0.1427074860939614,0.0
0.715,0.2321793754391031,0.2486908723779482,0.2404351239085256,1.0,0.2321793754391031,0.0904393615728054,0.0011793754391031
0.715,0.2317271062581857,0.2491926785571446,0.2404598924076652,1.0,0.2317271062581857,0.0956619377399152,0.0007271062581857
0.705,0.229581472386515,0.2518460087800753,0.2407137405832952,0.9362875746249414,0.231,0.1218849405863464,0.0
0.705,0.2296471106733584,0.2515584703706124,0.2406027905219854,0.9382562586104084,0.231,0.1199872434321607,0.0
0.705,0.2294476481406422,0.250875752688474,0.2401617004145581,0.9275553348224244,0.231,0.1174856603014105,0.0
0.705,0.2278472622436533,0.2533269994360467,0.24058713083985,0.8762649028700384,0.231,0.1395606782913228,0.0
0.705,0.2247469426311478,0.2564303377391447,0.2405886401851462,0.8026392895225452,0.231,0.1736090152677294,0.0
0.705,0.2263572008877363,0.2557306685928006,0.2410439347402685,0.8419390192917814,0.231,0.1607178217130513,0.0
0.705,0.2273805068777104,0.2538903485124039,0.2406354276950572,0.8634660601837497,0.231,0.1451917242838887,0.0
0.705,0.226331528310816,0.2551351705930407,0.2407333494519283,0.837920786425506,0.231,0.1577333074747364,0.0
0.705,0.2285581645541775,0.2518864555085868,0.2402223100313821,0.89532728948749,0.231,0.1278941987236865,0.0
0.705,0.226071441460676,0.2544749833064464,0.2402732123835612,0.8264808464350764,0.2309999999999999,0.1557423488874765,-2.775557561562892e-17
0.705,0.2278517670688804,0.2530423861153473,0.2404470765921139,0.8750235980579802,0.2309999999999999,0.1380298370902428,-2.775557561562892e-17
0.705,0.2274949728373591,0.2537640454056643,0.2406295091215117,0.8665721009553323,0.231,0.1438734126369509,0.0
0.705,0.2280028224203294,0.2521493860402913,0.2400761042303103,0.8758756058691174,0.231,0.1324413556685395,0.0
0.705,0.2287441605420241,0.2524528041466422,0.2405984823443331,0.904851601989728,0.231,0.1298428459036458,0.0
0.705,0.2275957607237553,0.2531221036175212,0.2403589321706382,0.8666381905777779,0.231,0.1399072450840053,0.0
0.705,0.2267486210174033,0.2547369189341825,0.2407427699757929,0.8481015531834836,0.231,0.1532562246107669,0.0
0.705,0.227875122872372,0.253603633693598,0.240739378282985,0.8785441897768167,0.231,0.1408642923490246,0.0
0.705,0.225484736041289,0.2557544512613329,0.2406195936513109,0.8177959746691327,0.231,0.1658316909592643,2.775557561562892e-17
0.705,0.2271018949407503,0.2541991946758737,0.240650544808312,0.8561441509909216,0.2309999999999999,0.1484080723449492,-2.775557561562892e-17
0.705,0.2255818785980529,0.2558848983019775,0.2407333884500152,0.8212019311974577,0.2309999999999999,0.165960743138317,-2.775557561562892e-17
0.705,0.2284807449483808,0.2527716976325772,0.240626221290479,0.8962883389395356,0.2309999999999999,0.1330256261735614,-2.775557561562892e-17
0.705,0.228150385726342,0.2521624498062429,0.2401564177662924,0.8813257259277761,0.231,0.1316724792480577,0.0
0.705,0.2298077434170795,0.2520780517607246,0.240942897588902,0.9464642983598068,0.231,0.1218372498851685,0.0
0.705,0.2271861190564734,0.2539356844509878,0.2405609017537306,0.8574226950128814,0.231,0.1465378691141567,0.0
0.705,0.2288504985783275,0.2522436897577506,0.240547094168039,0.9081142284015016,0.231,0.1281318215549973,0.0
0.705,0.2284803792858914,0.2536259851052113,0.2410531821955513,0.8997987667422711,0.231,0.1375456114208508,0.0
0.705,0.2274544511984668,0.2536742010560952,0.240564326127281,0.8647756435211914,0.231,0.1436295040594977,0.0
0.705,0.2297213535782605,0.250910951058298,0.2403161523182793,0.939656880082595,0.231,0.1161254922107801,0.0
0.705,0.2231488686503244,0.2583033264263328,0.2407260975383286,0.7766675452740535,0.231,0.1926038310156259,0.0
0.705,0.2288417438358139,0.2523689404006078,0.2406053421182108,0.9082654765839931,0.231,0.1288453692954825,0.0
0.705,0.2294220940062561,0.2512362158607628,0.2403291549335094,0.9276658485604854,0.231,0.119547285231689,2.775557561562892e-17
0.705,0.2291049157795712,0.2520693456528994,0.2405871307162353,0.917477410461218,0.231,0.1257662058566981,0.0
0.705,0.2288415774200156,0.2520994306534686,0.2404705040367421,0.9071959669570968,0.231,0.1274174020418974,0.0
0.705,0.2276580938047198,0.2529431557870637,0.2403006247958918,0.8678308086563628,0.231,0.1386059246743107,0.0
0.705,0.2290178323183555,0.2517247982461094,0.2403713152822325,0.912706625449165,0.2309999999999999,0.1244309667930159,-2.775557561562892e-17
0.705,0.2276948761652453,0.25340975992847,0.2405523180468576,0.8714703956981757,0.2309999999999999,0.1408645289661816,-2.775557561562892e-17
0.705,0.2253057150938689,0.2566101077474582,0.2409579114206635,0.8180994926449022,0.231,0.1713474480765719,0.0
0.705,0.229550868926309,0.2517345189788749,0.2406426939525919,0.9346757152111042,0.231,0.1214661757986232,0.0
0.705,0.2251378055363828,0.2565432739516759,0.2408405397440293,0.8133384165426879,0.231,0.171959314741307,0.0
0.705,0.2267705688692802,0.2540695840865722,0.2404200764779262,0.8450701940324665,0.231,0.1496128771254794,0.0
0.705,0.2288293545989516,0.2519624409850142,0.2403958977919829,0.9061670645748257,0.231,0.1267599730797239,0.0
0.705,0.2294654512943501,0.2517219095039209,0.2405936803991355,0.9310515315958952,0.231,0.1218822707765461,0.0
0.705,0.2290870426190212,0.2525441063158972,0.2408155744674592,0.9184485575134662,0.231,0.1283840548582047,0.0
0.705,0.2268518999603354,0.2548050509480526,0.240828475454194,0.8516052790797265,0.2309999999999999,0.1530261259724938,-2.775557561562892e-17
0.705,0.228980948989922,0.2520169147597849,0.2404989318748534,0.9123522308441951,0.231,0.1261901177474231,0.0
0.705,0.2278264775001702,0.253192792912887,0.2405096352065286,0.8748922558047657,0.231,0.1389691828517851,0.0
0.705,0.2277487669625875,0.253423452184108,0.2405861095733478,0.8733681441715486,0.231,0.1406304660017805,0.0
0.705,0.2285217607801276,0.252649360894373,0.2405855608372503,0.8972861284115391,0.231,0.13214515735729,0.0
0.705,0.2285786541120389,0.252999304337487,0.2407889792247629,0.9008484268187968,0.231,0.1336749692606029,0.0
0.705,0.2290534108306039,0.2516864346663051,0.2403699227484545,0.9139934114183388,0.231,0.1240257957034551,0.0
0.705,0.229477355503921,0.250553477114065,0.240015416308993,0.9277549957129616,0.231,0.1156021024993498,0.0
0.705,0.2265387986325172,0.2546960346817211,0.2406174166571191,0.841561104943434,0.231,0.1542379532501141,0.0
0.705,0.2283352463247941,0.2526163006544972,0.2404757734896456,0.8902537905058715,0.231,0.1330283035113451,0.0
0.705,0.2272434307376298,0.2530718500799207,0.2401576404087753,0.8545567495793588,0.231,0.1416467022891068,0.0
0.705,0.2295606378542308,0.2511858063213592,0.240373222087795,0.9334404192986012,0.231,0.1184957897584382,0.0
0.705,0.2288381265465174,0.2524119987832824,0.2406250626648999,0.9082936637744634,0.2309999999999999,0.1290940640800781,-2.775557561562892e-17
0.705,0.2255125796783219,0.2559323770484615,0.2407224783633917,0.8196102276780922,0.231,0.166606809967299,0.0
0.705,0.2297892803167761,0.2510273151663477,0.2404082977415619,0.942992857305333,0.231,0.11636066745991,0.0
0.705,0.228255055486938,0.2529949186488965,0.2406249870679173,0.8890477083445342,0.231,0.1354878612294767,0.0
0.705,0.229038527209119,0.2522733473317999,0.2406559372704594,0.9155804615433064,0.231,0.1272239090782108,0.0
0.705,0.2244426137148674,0.2566128838942929,0.2405277488045801,0.7961662662899741,0.231,0.1763136569264258,0.0
0.705,0.2248155593771806,0.2562977037632547,0.2405566315702176,0.8035571990593164,0.2309999999999999,0.1725195178684402,-2.775557561562892e-17
0.705,0.2297086823930331,0.2512955848196921,0.2405021336063626,0.9401805047595816,0.231,0.1182424787199358,0.0
0.705,0.2292587243001665,0.2518012125085221,0.2405299684043443,0.9227558340614764,0.231,0.1234728168368137,0.0
0.7056,0.2178566435531844,0.2647780898981887,0.2413173667256865,0.719885948310821,0.2309999999999999,0.2569205023248544,-2.775557561562892e-17
0.7056,0.2179425746011654,0.2644666468518356,0.2412046107265005,0.7193404453401754,0.231,0.2548158209264666,2.775557561562892e-17
0.7056,0.2177308935307125,0.2638219972307439,0.2407764453807282,0.7121113316000188,0.231,0.2527416221096672,0.0
0.7056,0.2159874113079478,0.2665205188162122,0.24125396506208,0.7029157826955926,0.231,0.276856563200982,0.0
0.7056,0.2124372924471876,0.2704280966534722,0.2414326945503299,0.6799025671935643,0.231,0.3178444638805896,0.0
0.7056,0.2142481420910813,0.26936842946949,0.2418082857802856,0.6960854395784488,0.231,0.3016768980121892,2.775557561562892e-17
0.7056,0.2154717207058669,0.2672108146268852,0.2413412676663761,0.6998733816669156,0.231,0.2834328039991205,0.0
0.7056,0.2143117118609516,0.2686193479294826,0.2414655298952171,0.6927082571226378,0.231,0.2974898430111052,2.775557561562892e-17
0.7056,0.2167883699365888,0.2649019163178952,0.240845143127242,0.7046231023840548,0.231,0.2638370094743147,0.0
0.7056,0.2139544723270866,0.2680907179353859,0.2410225951312363,0.6851365017765437,0.2309999999999999,0.2969203160628322,-2.775557561562892e-17
0.7056,0.2160046704748911,0.266263445059316,0.2411340577671035,0.7016375817138224,0.231,0.2754391994851091,2.775557561562892e-17
0.7056,0.2155696178398942,0.2670945275441909,0.2413320726920425,0.7005257796925543,0.231,0.282259814305253,2.775557561562892e-17
0.7056,0.2161644546415425,0.2653239043094585,0.2407441794755005,0.6982157965828507,0.231,0.269681396774625,0.0
0.7056,0.2169419179683061,0.2655608241576117,0.2412513710629589,0.7108515362942048,0.231,0.266313938919607,0.0
0.7056,0.2156957201689239,0.2663621889249247,0.2410289545469243,0.6979406655557875,0.231,0.2777698791753742,0.0
0.7056,0.2147445458899572,0.2682743318883108,0.241509438889134,0.6963288044801315,0.231,0.2931643310706526,0.0
0.7056,0.2160162582853719,0.2667990387737572,0.2414076485295646,0.7049444404082,0.2309999999999999,0.2781104921071244,-2.775557561562892e-17
0.7056,0.2132968516627328,0.2694866698821703,0.2413917607724516,0.684940281028651,0.2309999999999999,0.3079375658109651,-2.775557561562892e-17
0.7056,0.2151533301165105,0.2675326095364315,0.241342969826471,0.6974630033290863,0.231,0.2869600783882484,2.775557561562892e-17
0.7056,0.2133955904217156,0.2696506513207661,0.2415231208712409,0.6870608742229354,0.231,0.3081820483467158,2.775557561562892e-17
0.7056,0.2166717150170979,0.2658527434788044,0.2412622292479511,0.7086623555654507,0.231,0.2694014288080464,0.0
0.7056,0.2163114646598762,0.2653201289984955,0.2408157968291858,0.7002869688789071,0.231,0.2687946061771127,0.0
0.7056,0.2180703405264351,0.2649918083167001,0.2415310744215676,0.7244404303088009,0.231,0.256764382465334,0.0
0.7056,0.2152729732609463,0.267244715320185,0.2412588442905657,0.6973927346686284,0.2309999999999999,0.2847820385163495,-2.775557561562892e-17
0.7056,0.2170741852002757,0.2653003599076569,0.2411872725539663,0.7112394900856017,0.231,0.2641996392679693,0.0
0.7056,0.2166875468144785,0.2667397974333215,0.2417136721239,0.7140497578318027,0.231,0.273848242960631,0.0
0.7056,0.2155570912304588,0.2669422363245903,0.2412496637775246,0.6994674483987239,0.231,0.281555784919949,0.0
0.7056,0.2179901207579164,0.2637518750175096,0.240870997887713,0.7157040971750704,0.231,0.250859235216097,2.775557561562892e-17
0.7056,0.2103592864500173,0.2730157517210796,0.2416875190855485,0.6705732846452875,0.2309999999999999,0.3433857739386033,-2.775557561562892e-17
0.7056,0.2170669415247064,0.2653927646902469,0.2412298531074766,0.7116850254662854,0.231,0.2647162833976233,2.775557561562892e-17
0.7056,0.2176895568474121,0.2641439043163598,0.240916730581886,0.7134726053038374,0.231,0.2546411204919125,2.775557561562892e-17
0.7056,0.2173270550448488,0.2650382654076713,0.2411826602262601,0.7134228024991502,0.231,0.2613673061484178,0.0
0.7056,0.2170793096791007,0.2651608444064124,0.2411200770427566,0.710477413005873,0.2309999999999999,0.263453594746716,-2.775557561562892e-17
0.7056,0.215784971613142,0.2661881581704234,0.2409865648917827,0.6981336017403061,0.231,0.276351614385901,2.775557561562892e-17
0.7056,0.2172801438976786,0.2647436026118513,0.2410118732547649,0.7109385520144443,0.231,0.2601298845170139,0.0
0.7056,0.2158064627564538,0.2666294184604623,0.241217940608458,0.7010497120231868,0.231,0.2784824544143562,2.775557561562892e-17
0.7056,0.2130784129167986,0.2703996942245035,0.241739053570651,0.6873484563787579,0.231,0.3138727299928983,0.0
0.7056,0.2178164793373376,0.2646872729886774,0.2412518761630075,0.7187263189795485,0.231,0.2566896633626503,0.0
0.7056,0.2128946327004058,0.2704314998078048,0.2416630662541053,0.6853258056995267,0.231,0.3151303300578547,2.775557561562892e-17
0.7056,0.2147890529224503,0.2675097351642044,0.2411493940433273,0.6925125702430531,0.231,0.2890019151216947,0.0
0.7056,0.2170677145330453,0.2650121114365309,0.2410399129847881,0.7094074309663122,0.2309999999999999,0.2627583655069765,-2.775557561562892e-17
0.7056,0.2177417968877346,0.2646421923132385,0.2411919946004866,0.7173114855007026,0.2309999999999999,0.2568964281873378,-2.775557561562892e-17
0.7056,0.2173426526787677,0.2655683818106538,0.2414555172447107,0.716803715214287,0.2309999999999999,0.2639953069342606,-2.775557561562892e-17
0.7056,0.2149141580968196,0.2682625987395772,0.2415883784181984,0.6984758746577514,0.231,0.2920990194799673,0.0
0.7056,0.2172423328008161,0.2649988873290685,0.2411206100649423,0.7119208591347411,0.231,0.2616632980695408,0.0
0.7056,0.2159788140191225,0.2663431966362952,0.2411610053277089,0.7017498239766827,0.2309999999999999,0.2760000644616038,-2.775557561562892e-17
0.7056,0.2158860637767395,0.2666249846395334,0.2412555242081365,0.70212341992588,0.231,0.2779894815954826,0.0
0.7056,0.2167442678655228,0.2657483548113183,0.2412463113384205,0.7090909550004313,0.231,0.2684390944755499,0.0
0.7056,0.2167970210600029,0.2661047837657984,0.2414509024129006,0.7119524764337417,0.2309999999999999,0.2699542596816382,-2.775557561562892e-17
0.7056,0.2172893025150039,0.2646794139573343,0.2409843582361691,0.71068442196679,0.2309999999999999,0.2597462505697117,-2.775557561562892e-17
0.7056,0.2177782700105253,0.2634700701975596,0.2406241701040425,0.7106323249389833,0.231,0.2506507103825504,0.0
0.7056,0.2145112089695227,0.2681521297511949,0.2413316693603588,0.692607979315093,0.2309999999999999,0.2939259974215609,-2.775557561562892e-17
0.7056,0.2165015624663258,0.2657044443565554,0.2411030034114406,0.7053335703786653,0.2309999999999999,0.2696442708963802,-2.775557561562892e-17
0.7056,0.2153643828736149,0.26635229869206,0.2408583407828375,0.6933466121255182,0.231,0.2796789516288243,0.0
0.7056,0.2178371625594027,0.2640585777339497,0.2409478701466762,0.7152221023330815,0.231,0.253335565591249,0.0
0.7056,0.2170697819455447,0.2654013610963948,0.2412355715209697,0.7117781314163766,0.231,0.2647436629416262,0.0
0.7056,0.2133503747515409,0.2696973147770329,0.2415238447642869,0.6867687004746986,0.231,0.3086883684214547,0.0
0.7056,0.2180651084687945,0.263919978712282,0.2409925435905383,0.717916734634256,0.231,0.2512849061345319,2.775557561562892e-17
0.7056,0.2164382805403818,0.2661113250252356,0.2412748027828087,0.706848661872169,0.231,0.2721017924892992,0.0
0.7056,0.2172867887387064,0.2652745139572713,0.2412806513479888,0.7142350215844699,0.2309999999999999,0.2628165221422867,-2.775557561562892e-17
0.7056,0.2120049899182902,0.270751989556272,0.2413784897372811,0.6766641667019049,0.2309999999999999,0.3220712993562317,-2.775557561562892e-17
0.7056,0.2123563199268706,0.2704920807442502,0.2414242003355604,0.6793078853531429,0.231,0.3186527846487782,0.0
0.7056,0.2179787749182428,0.2641971701604904,0.2410879725393666,0.7182674774078981,0.231,0.253217679393759,0.0
0.7056,0.2175443116833988,0.2647157547900548,0.2411300332367268,0.7147492756119946,0.2309999999999999,0.2584342050562542,-2.775557561562892e-17
0.7,0.2287058412617378,0.2527808179936189,0.2407433296276783,0.9047077484721232,0.231,0.1317974105561481,0.0
0.7,0.2287729334602689,0.2524916996812438,0.2406323165707563,0.9061052957399748,0.231,0.1298858509573046,0.0
0.7,0.2285726055416241,0.2518117542311957,0.2401921798864099,0.8955471867407467,0.231,0.127415838955113,0.0
0.7,0.2269618479452548,0.2542800669570139,0.2406209574511343,0.8521809912642191,0.231,0.1496326511162355,0.0
0.7,0.2238314246216973,0.2574361777395336,0.2406338011806155,0.7866797189919592,0.231,0.184139546078252,0.0
0.7,0.2254549682251722,0.2567128583689441,0.2410839132970582,0.8226037730210461,0.2309999999999999,0.171031104749926,-2.775557561562892e-17
0.7,0.2264916619048497,0.2548521503291359,0.2406719061169928,0.8410345397546262,0.231,0.1553292379412501,0.0
0.7,0.2254348870339045,0.2561078440593796,0.240771365546642,0.8185661408036591,0.231,0.1679729083367331,0.0
0.7,0.2276791494034714,0.2528274066827156,0.2402532780430935,0.8679490765640673,0.231,0.137873536703929,0.0
0.7,0.2251688441169653,0.2554555872976454,0.2403122157073053,0.8074683749174325,0.231,0.1660706663254956,0.0
0.7,0.226967277108265,0.2539973181824557,0.2404822976453604,0.8508058910947939,0.231,0.1481100401391191,0.0
0.7,0.2266053453749357,0.2547260861545851,0.2406657157647604,0.8437219467474111,0.2309999999999999,0.1540165053147772,-2.775557561562892e-17
0.7,0.2271189514584017,0.2531013728942138,0.2401101621763078,0.8506279119832568,0.231,0.1425118810213392,0.0
0.7,0.227863037041889,0.2533998923092349,0.2406314646755619,0.8771593868833872,0.231,0.1398563459042019,0.0
0.7,0.226707507434711,0.2540780300417194,0.2403927687382152,0.8431709680183501,0.231,0.1500171180366389,0.0
0.7,0.2258532622978119,0.2557130689794969,0.2407831656386544,0.8276366033761062,0.231,0.1635053038143805,0.0
0.7,0.2269897675793107,0.2545567496173552,0.2407732585983329,0.8545276949375588,0.231,0.1509321335254627,0.0
0.7,0.2245769373229261,0.2567428132601769,0.2406598752915515,0.8003143862892472,0.231,0.1762231400840317,0.0
0.7,0.2262102502383222,0.2551614295220647,0.2406858398801935,0.8345576974694278,0.231,0.1585642087970722,0.0
0.7,0.2246743984900334,0.2568754983028891,0.2407749483964613,0.8035594576977405,0.231,0.1763587640271702,0.0
0.7,0.2275990669990574,0.2537168435946909,0.2406579552968741,0.8697847426449326,0.2309999999999999,0.1430319173037195,-2.775557561562892e-17
0.7,0.2272664413268965,0.2531131125953834,0.24018977696114,0.8555497288482361,0.2309999999999999,0.141733947874997,-2.775557561562892e-17
0.7,0.228931397391266,0.2530114344610535,0.2409714159261598,0.9140947082955556,0.231,0.1317397697486511,0.0
0.7,0.226296973800126,0.2548965206706433,0.2405967472353847,0.8355559190791861,0.231,0.156674487190938,0.0
0.7,0.2279712938079755,0.2531872116145647,0.2405792527112701,0.879889115468443,0.231,0.1381166630212278,0.0
0.7,0.227599678327399,0.2545737917849854,0.2410867350561922,0.873941300130306,0.231,0.1475492737629369,0.0
0.7,0.2265663889406012,0.2546322773186685,0.2405993331296348,0.8420284795665507,0.2309999999999999,0.1537445977546563,-2.775557561562892e-17
0.7,0.2288453352523426,0.251839205811437,0.2403422705318898,0.9062939515937584,0.231,0.1260154640820807,0.0
0.7,0.222203339364936,0.259352264155441,0.2407778017601885,0.7632055117430385,0.231,0.2035343314639026,2.775557561562892e-17
0.7,0.2279624658808049,0.2533102844052164,0.2406363751430106,0.8801658566290537,0.231,0.1388176091529656,0.0
0.7,0.2285459082292161,0.2521693412007917,0.2403576247150039,0.8961162091158944,0.231,0.1294643537888014,0.0
0.7,0.228225616163821,0.2530064764519119,0.2406160463078664,0.8880432800183167,0.2309999999999999,0.1357161460165763,-2.775557561562892e-17
0.7,0.2279630677068015,0.2530435515041675,0.2405033096054845,0.8789125314433774,0.231,0.1374034892392581,0.0
0.7,0.2267717190122813,0.2538997784745865,0.2403357487434339,0.8441362533286275,0.231,0.1487101346797901,0.0
0.7,0.228141154566606,0.252666128914106,0.240403641740356,0.8834312569348167,0.231,0.1343940883741985,0.0
0.7,0.22680745913019,0.2543644172130695,0.2405859381716298,0.8478590830961611,0.231,0.1509576066137998,0.0
0.7,0.2243952209520547,0.2576020748362547,0.2409986478941547,0.8011019330232958,0.231,0.1817648706628609,0.0
0.7,0.2286745711816944,0.2526706843430649,0.2406726277623796,0.9030914380730162,0.231,0.131391523872794,0.0
0.7,0.2242263999893706,0.2575421768414732,0.2408842884154219,0.7966849147567795,0.231,0.1824219043996229,0.0
0.7,0.2258766807828336,0.2550394955634913,0.2404580881731625,0.824320140024191,0.231,0.1598292128925493,0.0
0.7,0.2279509520536584,0.2529058762885906,0.2404284141711245,0.8778177838715507,0.231,0.13674380791616,0.0
0.7,0.2285898303613893,0.2526561926749647,0.240623011518177,0.8998531806673947,0.231,0.131795277579612,2.775557561562892e-17
0.7,0.2282098040880916,0.2534855638702054,0.2408476839791485,0.8896098105077413,0.231,0.1383392658718998,0.0
0.7,0.2259610219473178,0.2557763287006668,0.2408686753239923,0.8309935868053366,0.231,0.1632214398603204,0.0
0.7,0.2281041560955206,0.2529555877292099,0.2405298719123652,0.8834737592922525,0.231,0.1361365672809968,0.0
0.7,0.2269419247349656,0.2541429089289436,0.2405424168319546,0.8508114546115296,0.231,0.1490227563515527,0.0
0.7,0.2268631399477462,0.254377000957422,0.2406200704525841,0.8496445100598953,0.2309999999999999,0.1507064685825028,-2.775557561562892e-17
0.7,0.2276421407720381,0.2535960236234258,0.240619082197732,0.8706220858285826,0.2309999999999999,0.142148718747614,-2.775557561562892e-17
0.7,0.2276989082074045,0.2539464400585773,0.2408226741329909,0.8742322969141184,0.231,0.1436762961562465,0.0
0.7,0.2281749163444361,0.2526254372430981,0.2404001767937671,0.8844571178146757,0.2309999999999999,0.1339868613618731,-2.775557561562892e-17
0.7,0.2286034775805084,0.2514875550718976,0.240045516326203,0.8952755504173884,0.231,0.1255192491521506,2.775557561562892e-17
0.7,0.2256420039339559,0.2556661117368055,0.2406540578353807,0.8215435375723111,0.231,0.1644672373950535,0.0
0.7,0.2274516312423705,0.25356211922999,0.2405068752361802,0.8641017831872024,0.231,0.1430534539671293,0.0
0.7,0.2263566933596633,0.2540311284017604,0.2401939108807119,0.8322167504675897,0.231,0.1517718189689552,0.0
0.7,0.2286850602920227,0.2521166807932545,0.2404008705426386,0.9012044554129066,0.231,0.128396021781765,0.0
0.7,0.2279592400605786,0.2533508589240147,0.2406550494922967,0.8802455268498038,0.231,0.1390504432216417,0.0
0.7,0.2246065297123766,0.2569234082519419,0.2407649689821592,0.8021631241459184,0.231,0.1769993838566275,0.0
0.7,0.2289138660107638,0.2519594274150504,0.2404366467129071,0.9094778403251168,0.231,0.1262651370186376,0.0
0.7,0.2273727694510459,0.2539425466843214,0.2406576580676836,0.8634828392760692,0.231,0.1455113030307138,0.0
0.7,0.2281608535482334,0.2532128489477887,0.2406868512480111,0.8866698477911671,0.231,0.1371755196122581,0.0
0.7,0.2235187207891511,0.2576271031642197,0.2405729119766854,0.7806615649906256,0.231,0.1869388901698938,0.0
0.7,0.2238908909882378,0.2573149795722236,0.2406029352802307,0.7873058230473852,0.231,0.1831631858227866,0.0
0.7,0.2288328416693853,0.2522280542706474,0.2405304479700163,0.9073674444617874,0.231,0.1281489786995622,0.0
0.7,0.2283837764842809,0.2527349581206419,0.2405593673024614,0.8925627694463681,0.231,0.133381275161605,0.0
0.71,0.2304514740722359,0.2509219789068178,0.2406867264895268,0.9732040840127484,0.231,0.1120626019804564,0.0
0.71,0.230515676823511,0.2506359800988996,0.2405758284612053,0.975928634381898,0.231,0.1101784425951335,0.0
0.71,0.2303170669447276,0.2499505174524206,0.2401337921985741,0.9652158414536064,0.231,0.1076455302627525,0.0
0.71,0.2287269358952649,0.2523850204673774,0.2405559781813211,0.9039201970131376,0.231,0.1295812755347078,0.0
0.71,0.2256560353966621,0.2554369392733193,0.2405464873349907,0.8205573401844742,0.231,0.1631823164593151,0.0
0.71,0.2272533305322209,0.2547603248164845,0.2410068276743527,0.8637921166863902,0.231,0.1505032044669267,0.0
0.71,0.2282635564739958,0.2529397994031332,0.2406016779385645,0.889106152267085,0.231,0.1351479282164644,0.0
0.71,0.2272222496867525,0.2541740182589896,0.2406981339728711,0.8598329344093989,0.231,0.1475897186139056,2.775557561562892e-17
0.71,0.229431529668642,0.2509563403738694,0.2401939350212557,0.9271319802604792,0.231,0.1180055851939263,0.0
0.71,0.2269679021013012,0.2535062006634268,0.2402370513823639,0.8480649432268701,0.231,0.1455129367905265,0.0
0.71,0.2287305265004079,0.2520985825263864,0.2404145545133971,0.9028813737407556,0.231,0.1280422907385616,0.0
0.71,0.2283787380873526,0.2528133226009021,0.2405960303441273,0.8927232868971493,0.231,0.1338247578278157,0.0
0.71,0.2288809722207877,0.2512084288957871,0.2400447005582874,0.9050931859343836,0.231,0.1224629662107525,0.0
0.71,0.2296195753797797,0.2515167009020606,0.2405681381409201,0.9369586378442404,0.231,0.1199210327516813,0.0
0.71,0.2284782310155625,0.2521773742850912,0.2403278026503268,0.8935923988577328,0.231,0.1298908387962916,0.0
0.71,0.2276380550907862,0.2537723802175443,0.2407052176541653,0.8713590309714339,0.231,0.1431034411573177,0.0
0.71,0.2287547400742433,0.2526616205542908,0.240708180314267,0.9060831074288186,0.231,0.1308890619154841,0.0
0.71,0.2263863469503909,0.2547781044040079,0.2405822256771994,0.8375002654504112,0.231,0.1555405202375084,0.0
0.71,0.2279877008004879,0.2532482937226614,0.2406179972615746,0.8807510493204644,0.231,0.1383464614146099,0.0
0.71,0.2264831471517077,0.2549063603470781,0.2406947537493929,0.8410857767119748,0.231,0.1556632830158599,0.0
0.71,0.2293567170209794,0.2518375157072844,0.2405971163641319,0.9269028204046138,0.231,0.1231110119249536,0.0
0.71,0.2290286126971726,0.2512228194955107,0.2401257160963417,0.9111755909666036,0.231,0.1217031421625436,0.0
0.71,0.2306784229881195,0.2511554446295813,0.2409169338088504,0.9842957136291072,0.231,0.1120250482998301,0.0
0.71,0.2280694627059019,0.2529861120356956,0.2405277873707987,0.8823863812782414,0.231,0.136495142301678,0.0
0.71,0.2297240102037847,0.2513110892641361,0.2405175497339604,0.9408910398369352,0.231,0.1182382595707627,0.0
0.71,0.229355414307248,0.2526891316970916,0.2410222730021698,0.9295189161128788,0.231,0.1276332114785368,0.0
0.71,0.2283367329480678,0.2527273270136448,0.2405320299808563,0.8908076185118066,0.231,0.1336078400699609,0.0
0.71,0.230591726763704,0.2499933946326238,0.2402925606981639,0.978956796959195,0.231,0.1063254953066092,0.0
0.71,0.2240870123002479,0.2572684454637325,0.2406777288819902,0.7916609669723477,0.231,0.1817913550516778,0.0
0.71,0.2297153552412415,0.2514384663328136,0.2405769107870276,0.9408627634714392,0.231,0.1189640416277464,0.0
0.71,0.2302926435200104,0.2503138386635875,0.2403032410917989,0.9646696176268732,0.231,0.1097203406169287,0.0
0.71,0.2299785188687974,0.2511430710217578,0.2405607949452776,0.95173622745144,0.231,0.1159073352837123,0.0
0.71,0.2297144488445708,0.2511662048187892,0.24044032683168,0.940072451086325,0.231,0.1175221149181255,0.0
0.71,0.2285387172681943,0.2519976866065028,0.2402682019373486,0.8950813782007737,0.231,0.1285946857544706,0.0
0.71,0.2298888854330346,0.2507942842460315,0.240341584839533,0.9468503530162466,0.231,0.1145581424202306,0.0
0.71,0.2285765207164302,0.2524662537443081,0.2405213872303691,0.8985556146340457,0.231,0.1308645869956528,0.0
0.71,0.2262099694060247,0.255630274793695,0.2409201220998598,0.8371862381828733,0.231,0.1610312299551903,0.0
0.71,0.230421525973658,0.2508091688649817,0.2406153474193198,0.971626242944044,0.231,0.1116312097333533,0.0
0.71,0.2260429281641092,0.2555566062447419,0.2407997672044255,0.8320415428281154,0.231,0.1615985997406936,0.0
0.71,0.2276585711873439,0.2531110969381022,0.240384834062723,0.8687191658157327,0.231,0.1394917665103483,0.0
0.71,0.2297021112613822,0.2510298663054761,0.2403659887834291,0.939145553016035,0.231,0.1168668209891818,0.0
0.71,0.2303354539599696,0.2507983511885475,0.2405669025742586,0.9675243425890704,0.231,0.112059086797984,2.775557561562892e-17
0.71,0.2299586612338465,0.2516135103747774,0.240786085804312,0.9519119824212864,0.231,0.1185193204379815,0.0
0.71,0.2277369490749201,0.253845199935905,0.2407910745054125,0.8750184015599436,0.231,0.1429255474530535,2.775557561562892e-17
0.71,0.2298521230556712,0.2510890294262854,0.2404705762409783,0.945948956769094,0.231,0.1163338485639555,0.0
0.71,0.2287053024617646,0.2522537072325194,0.2404795048471419,0.9025540132941302,0.231,0.1290078583588358,0.0
0.71,0.2286286519751477,0.2524810124969436,0.2405548322360456,0.9005822495980896,0.231,0.1306471636003694,0.0
0.71,0.2293957316017349,0.2517136490274117,0.2405546903145733,0.9281174686837328,0.231,0.1222327746675178,0.0
0.71,0.2294527234000249,0.2520631215628954,0.2407579224814602,0.931567918935816,0.231,0.1237649524343353,0.0
0.71,0.2299262459060045,0.2507582921654891,0.2403422690357468,0.948456619161613,0.231,0.1141555641759175,0.0
0.71,0.2303456395575027,0.2496301119992223,0.2399878757783625,0.9660680143325232,0.231,0.1057745712496194,2.775557561562892e-17
0.71,0.2274296152533749,0.2537375237675354,0.2405835695104551,0.8642847361011887,0.231,0.1441052891337118,2.775557561562892e-17
0.71,0.2292131558518873,0.2516814327586221,0.2404472943052547,0.9204725776021984,0.231,0.1230948391379658,0.0
0.71,0.2281244021856686,0.25212374067857,0.2401240714321193,0.8801801218320261,0.231,0.1316147563922545,0.0
0.71,0.2304305931658319,0.2502656135173659,0.2403481033415989,0.9712928535450644,0.231,0.1086852591614409,0.0
0.71,0.2297113619662859,0.2514839811442055,0.2405976715552457,0.9408138256962224,0.231,0.1192284156927159,0.0
0.71,0.226412476727372,0.2549533478187465,0.2406829122730593,0.839264777240301,0.231,0.1563141037350217,0.0
0.71,0.2306590420748635,0.2501059253880451,0.2403824837314543,0.98246722008635,0.231,0.1065462047172722,0.0
0.71,0.2291316358346785,0.2520582950809357,0.2405949654578071,0.91850691610787,0.231,0.1255563078216259,2.775557561562892e-17
0.71,0.2299105623591677,0.2513447264648416,0.2406276444120046,0.9491728422222964,0.231,0.1173630673489476,0.0
0.71,0.2253598674931667,0.2556114515234107,0.2404856595082887,0.8135591015268953,0.231,0.1657954236989021,0.0
0.71,0.225733477852713,0.2552933608171705,0.2405134193349417,0.8218354871831056,0.231,0.161984106935267,0.0
0.71,0.2305788673719547,0.2503738864845143,0.2404763769282345,0.9787253234942296,0.231,0.1084262742725212,0.0
0.71,0.2301280607388129,0.2508782046651525,0.2405031327019827,0.9579791222517592,0.231,0.1136542486672529,0.0
0.72,0.2321748064134687,0.2491055183735811,0.2406401623935249,1.0,0.2321748064134687,0.0926829680590699,0.0011748064134687
0.72,0.2322361915459944,0.2488224825526798,0.2405293370493371,1.0,0.2322361915459944,0.0908249461202874,0.0012361915459944
0.72,0.2320392498239909,0.2481316089509253,0.2400854293874581,1.0,0.2320392498239909,0.0882300775938407,0.0010392498239908
0.72,0.2304692845667215,0.2505335618838902,0.2405014232253058,0.9735492375384818,0.231,0.1098946243114213,0.0
0.72,0.22745526006492,0.2534865044284317,0.2404708822466758,0.8638274880147994,0.231,0.142633252240611,2.775557561562892e-17
0.72,0.2290275506481233,0.2528543031377209,0.2409409268929221,0.917217029356483,0.231,0.1303635715974596,0.0
0.72,0.2300124985030587,0.2510716742859215,0.2405420863944901,0.9531082551794424,0.231,0.1153358017894712,0.0
0.72,0.228986172948917,0.2522854607715492,0.2406358168602331,0.913567012587964,0.231,0.127584639877256,0.0
0.72,0.2311615256478119,0.2491278789377193,0.2401447022927656,1.0,0.2311615256478119,0.0984951653056565,0.0001615256478119
0.72,0.2287426889255955,0.2516032257071669,0.2401729573163812,0.9012573022246712,0.231,0.1253443732908146,0.0
0.72,0.2304710762806192,0.2502435898049848,0.240357333042802,0.9732495457024736,0.231,0.1083396035356885,0.0
0.72,0.2301289234734761,0.2509450289345897,0.2405369762040329,0.958153722455378,0.231,0.1140049125069515,0.0
0.72,0.2306203303599193,0.2493588433306277,0.2399895868452735,0.9797385395162296,0.231,0.1027770794910716,0.0
0.72,0.2313535028181534,0.2496766894472381,0.2405150961326957,1.0,0.2313535028181534,0.1003469605442948,0.0003535028181534
0.72,0.2302260498576737,0.2503207265239329,0.2402733881908033,0.9614848173384226,0.231,0.1101327708029795,0.0
0.72,0.229399393019608,0.2518773061505046,0.2406383495850563,0.9287920114704994,0.231,0.1230807559779281,0.0
0.72,0.2304969832088504,0.2508101345994558,0.2406535589041531,0.9752368905505104,0.231,0.1112108731885057,0.0
0.72,0.2281712821153276,0.2528605639386185,0.240515923026973,0.8854272916920624,0.231,0.1352524501325089,0.0
0.72,0.2297420289958721,0.2513796972419249,0.2405608631188985,0.9418619885551948,0.231,0.118501037672996,0.0
0.72,0.2282673323880016,0.2529845687294655,0.2406259505587335,0.8894428335657308,0.231,0.135363403128591,0.0
0.72,0.2310917660107071,0.2500012876267962,0.2405465268187517,1.0,0.2310917660107071,0.103551322340329,9.176601070712276e-05
0.72,0.2307681353938026,0.2493758958091579,0.2400720156014802,0.9875393598680426,0.231,0.1020353553901103,0.0
0.72,0.2324030053053792,0.2493418154655072,0.2408724103854432,1.0,0.2324030053053792,0.0926661993402793,0.0014030053053791
0.72,0.2298189743840326,0.2511199720621295,0.2404694732230811,0.9445553849723306,0.231,0.1166856612028335,0.0
0.72,0.231454177310445,0.249477898422044,0.2404660378662445,1.0,0.231454177310445,0.0987194996035156,0.000454177310445
0.72,0.2310887035877535,0.2508475342821839,0.2409681189349687,1.0,0.2310887035877535,0.1080767781479437,8.870358775356357e-05
0.72,0.2300841818880121,0.2508664062877263,0.2404752940878692,0.955932623266235,0.231,0.1138391527703652,0.0
0.72,0.232315757128678,0.2481896438234506,0.2402527004760643,1.0,0.232315757128678,0.0869900786520374,0.001315757128678
0.72,0.2259416319036863,0.2552395801438755,0.2405906060237809,0.8273473604757444,0.231,0.1605106331984049,0.0
0.72,0.2314457976410961,0.2496093822110421,0.2405275899260691,1.0,0.2314457976410961,0.0994687100169928,0.000445797641096
0.72,0.2320170515042193,0.248500593096675,0.2402588223004471,1.0,0.2320170515042193,0.0903314758584443,0.0010170515042193
0.72,0.231708859402746,0.2493223411612545,0.2405156002820003,1.0,0.231708859402746,0.0964573417842726,0.000708859402746
0.72,0.2314434914895577,0.2493316926893463,0.240387592089452,1.0,0.2314434914895577,0.0979985676910719,0.0004434914895576
0.72,0.2302829344044951,0.2501394352018323,0.2402111848031637,0.9638876153042524,0.231,0.1088455250961146,0.0
0.72,0.2316143327368398,0.2489649678826258,0.2402896503097328,1.0,0.2316143327368398,0.0950780458586884,0.0006143327368398
0.72,0.2303227190055364,0.2506119199063661,0.2404673194559512,0.9666186461569366,0.231,0.1111384863292708,0.0
0.72,0.2280000421449536,0.2537061019321546,0.2408530720385541,0.8832976395495638,0.231,0.1406957118524532,0.0
0.72,0.232146136423394,0.248990171071605,0.2405681537474995,1.0,0.232146136423394,0.0922270441118291,0.001146136423394
0.72,0.2278346158011926,0.2536190526542122,0.2407268342277024,0.8772366363147192,0.231,0.1411759842245827,0.0
0.72,0.2294171562183851,0.2512275899565909,0.240322373087488,0.9274272212733596,0.231,0.1195293615088908,0.0
0.72,0.2314309031954448,0.2491965563378456,0.2403137297666452,1.0,0.2314309031954448,0.0973471921321424,0.0004309031954448
0.72,0.2320588199654373,0.2489826784954924,0.2405207492304649,1.0,0.2320588199654373,0.0926768815374243,0.0010588199654373
0.72,0.2316852522468471,0.2497841607872556,0.2407347065170513,1.0,0.2316852522468471,0.0990559351491158,0.0006852522468471
0.72,0.2294897918697199,0.2519589755584516,0.2407243837140857,0.9327875835988904,0.231,0.1230028116157959,0.0
0.72,0.2315778286421651,0.2492648870030598,0.2404213578226124,1.0,0.2315778286421651,0.0968865316339395,0.0005778286421651
0.72,0.2304459911568891,0.2504078670387407,0.2404269290978149,0.9722466542528446,0.231,0.1093564351808393,0.0
0.72,0.2303714194039501,0.2506286916505719,0.240500055527261,0.9689701264613876,0.231,0.1109530904763651,0.0
0.72,0.2311269413167611,0.2498743266098113,0.2405006339632862,1.0,0.2311269413167611,0.1026761344457471,0.0001269413167611
0.72,0.2311840517826934,0.2502228616679611,0.2407034567253272,1.0,0.2311840517826934,0.1042134014491344,0.0001840517826934
0.72,0.2316551564532978,0.2489338411477887,0.2402944988005432,1.0,0.2316551564532978,0.0946821968483924,0.0006551564532978
0.72,0.2320656389601912,0.2478147908944843,0.2399402149273378,1.0,0.2320656389601912,0.0863830778199168,0.0010656389601912
0.72,0.2291935665972011,0.2518543679302725,0.2405239672637368,0.920283780955152,0.2309999999999999,0.1241237285205107,-2.775557561562892e-17
0.72,0.2309520783587905,0.2498437974121468,0.2403979378854686,0.9974633520076092,0.231,0.1034975056576736,0.0
0.72,0.229869272901016,0.250260254302269,0.2400647636016425,0.94454768621806,0.231,0.111824760262269,2.775557561562892e-17
0.72,0.2321538532148261,0.2484565455788608,0.2403051993968434,1.0,0.2321538532148261,0.0893280033483254,0.0011538532148261
0.72,0.2314410966053101,0.2496597311313701,0.2405504138683401,1.0,0.2314410966053101,0.0997639282436786,0.00044109660531
0.72,0.22819408424753,0.2530304086665784,0.2406122464570542,0.8870237115151417,0.231,0.1360217976809512,0.0
0.72,0.2323818288145144,0.2482945781776304,0.2403382034960724,1.0,0.2323818288145144,0.0871819395241104,0.0013818288145144
0.72,0.2308679013076048,0.2502173017791345,0.2405426015433697,0.9931729826673682,0.231,0.1059633620422724,0.0
0.72,0.2316379337301415,0.2495193788608875,0.2405786562955145,1.0,0.2316379337301415,0.0979082938568649,0.0006379337301415
0.72,0.2271748063240632,0.2536459228202146,0.2404103645721389,0.8554955671592883,0.231,0.1450722577944645,0.0
0.72,0.2275494406667366,0.2533224097359402,0.2404359252013384,0.8661171196846527,0.2309999999999999,0.1412300077958586,-2.775557561562892e-17
0.72,0.2323024909774933,0.2485620621782025,0.2404322765778479,1.0,0.2323024909774933,0.0890593644465114,0.0013024909774932
0.72,0.2318501144656755,0.2490636697687933,0.2404568921172344,1.0,0.2318501144656755,0.0942814704950532,0.0008501144656755
0.72,0.2292766618364073,0.2521708711379754,0.2407237664871913,0.924726023908821,0.231,0.1253324727332918,0.0
0.72,0.2293428051926983,0.2518827862384865,0.2406127957155924,0.9264775421090558,0.231,0.1234299771902016,0.0
0.72,0.2291430422408213,0.2512010324799164,0.2401720373603688,0.915814734749161,0.231,0.1209393794576363,0.0
0.72,0.2275390516666267,0.253658195493231,0.2405986235799289,0.8674938062154997,0.231,0.1430635713166677,0.0
0.72,0.2244283097273872,0.2567797865280621,0.2406040481277246,0.7968658335722191,0.2309999999999999,0.177270569959381,-2.775557561562892e-17
0.72,0.2260431652124281,0.2560719361455754,0.2410575506790017,0.8349304805512269,0.231,0.1643041892605203,0.0
0.72,0.2270711058440902,0.2542245725264422,0.2406478391852662,0.8553078248950319,0.231,0.148717348332555,2.775557561562892e-17
0.72,0.2260194219263569,0.2554731561461142,0.2407462890362356,0.8309016426751707,0.231,0.1612942794649638,0.0
0.72,0.228252175849624,0.2522134539670835,0.2402328149083538,0.8853223047240653,0.231,0.1313649893742172,0.0
0.72,0.2257572824737999,0.2548157004547456,0.2402864914642727,0.8195800772898977,0.231,0.1593339329825327,0.0
0.72,0.2275438777756393,0.2533742279995252,0.2404590528875822,0.8661991728952729,0.231,0.1415355911711102,0.0
0.72,0.2271853066005407,0.2540983451318802,0.2406418258662104,0.858258539071418,0.231,0.1474008988746715,0.0
0.72,0.2276951479867898,0.2524802118808431,0.2400876799338165,0.8666595322353359,0.231,0.1359437936012262,0.0
0.72,0.2284374431292151,0.2527819262358705,0.2406096846825428,0.8947376759014307,0.231,0.1333254423777234,0.0
0.72,0.2272865646628031,0.2534542844537705,0.2403704245582868,0.8580909851198161,0.231,0.143423255944401,0.0
0.72,0.2264369626229488,0.2550761068115535,0.2407565347172512,0.8406713082276118,0.231,0.1568204698522712,0.0
0.72,0.2275669325843529,0.2539348449964181,0.2407508887903855,0.8698013190427533,0.231,0.1443657394277706,0.0
0.72,0.22516876843869,0.2560978524411035,0.2406333104398967,0.8114644597668996,0.231,0.1694451403872967,0.0
0.72,0.2267915222468322,0.2545335603779846,0.2406625413124083,0.8482996190376522,0.231,0.1519400997549531,0.0
0.72,0.2252660249162785,0.2562290747225972,0.2407475498194378,0.8148123289020658,0.231,0.1695764519182088,0.0
0.72,0.2281738337897155,0.2531001446266309,0.2406369892081732,0.8866191540025647,0.231,0.1365057092559733,0.0
0.72,0.2278426852380618,0.2524928134482817,0.2401677493431718,0.871914874640322,0.2309999999999999,0.1351717584637903,-2.775557561562892e-17
0.72,0.2295026877560611,0.2524024168881025,0.2409525523220818,0.9346144124541708,0.2309999999999999,0.1252812891735948,-2.775557561562892e-17
0.72,0.2268766139833195,0.2542695703485117,0.2405730921659156,0.8494727636656272,0.2309999999999999,0.150063160841851,-2.775557561562892e-17
0.72,0.2285444487216572,0.2525715750805286,0.2405580119010929,0.8978008754910408,0.231,0.1316044675497991,0.0
0.72,0.2281738043303136,0.2539553615586822,0.2410645829444979,0.8903791712559306,0.231,0.1410248255020698,0.0
0.72,0.2271453214898104,0.2540071312679023,0.2405762263788564,0.8564996721355173,0.231,0.1471473403994141,2.775557561562892e-17
0.72,0.2294164097693243,0.2512335362539468,0.2403249730116355,0.9274152702102226,0.231,0.11956519398325,0.0
0.72,0.2228198781145228,0.258667621669534,0.2407437498920284,0.7718092946931477,0.231,0.1964032620342499,0.0
0.72,0.2285356653756641,0.2526960719563371,0.2406158686660006,0.898001111193749,0.231,0.132313661911734,0.0
0.72,0.2291170907538772,0.2515604944062893,0.2403387925800832,0.9161041134720932,0.231,0.1229964224254731,0.0
0.72,0.228798833229874,0.2523950090046806,0.2405969211172773,0.9067151053995726,0.231,0.1292267009896801,0.0
0.72,0.2285357636809267,0.2524275280331173,0.240481645857022,0.8968583365067676,0.231,0.1308905383897975,0.0
0.72,0.2273495493964459,0.2532755845459557,0.2403125669712008,0.8591974984797062,0.231,0.142120017155152,0.0
0.72,0.2287126560898507,0.252051931297592,0.2403822936937213,0.9019959321877044,0.231,0.1278961494282238,0.0
0.72,0.2273859706188512,0.2537415033386256,0.2405637369787384,0.8628739771806184,0.2309999999999999,0.144374719005345,-2.775557561562892e-17
0.72,0.2249888132261003,0.2569547527740172,0.2409717830000587,0.8119502552118352,0.2309999999999999,0.1749698510930815,-2.775557561562892e-17
0.72,0.2292458271282271,0.2520598502747032,0.2406528387014651,0.9231098846305926,0.231,0.1249181714628895,0.0
0.72,0.2248205907311359,0.2568903267751655,0.2408554587531507,0.8073133729451303,0.231,0.175597396065867,0.0
0.72,0.2264594189908246,0.2544066172877184,0.2404330181392715,0.8375300106672944,0.231,0.1531658237697308,0.0
0.72,0.2285235791276854,0.2522903031656414,0.2404069411466634,0.8958030198709878,0.231,0.1302323370448848,0.0
0.72,0.229160643006826,0.2520465946547901,0.240603618830808,0.9196294293780164,0.231,0.1253300258279435,0.0
0.72,0.2287816702143262,0.252871278471106,0.2408264743427161,0.9079134138659356,0.231,0.1318464575358544,0.0
0.72,0.2265417935636212,0.2551425605252305,0.2408421770444258,0.8441228362035521,0.231,0.1565717960171526,0.0
0.72,0.2286757319218355,0.2523431240534441,0.2405094279876398,0.9017944999922362,0.231,0.1296494980878193,0.0
0.72,0.2275185659845366,0.2535229660722766,0.2405207660284066,0.8661213485519057,0.231,0.1424656944289608,0.0
0.72,0.2274404823374519,0.2537548137560114,0.2405976480467317,0.864730834086952,0.231,0.1441347498088907,0.0
0.72,0.2282155609792661,0.2529783385574876,0.2405969497683769,0.8875554645702303,0.231,0.1356243458565569,0.0
0.72,0.2282724135623084,0.2533284467349443,0.2408004301486264,0.8911405321465491,0.231,0.1371533628755996,0.0
0.72,0.2287476048547634,0.2520127505586895,0.2403801777067264,0.9031858569079814,0.231,0.1274901992898041,0.0
0.72,0.2291731524382384,0.2508780920594591,0.2400256222488487,0.9158326356284592,0.231,0.1190513256204672,0.0
0.72,0.2262266454982369,0.2550331091791677,0.2406298773387023,0.8342957138149881,0.231,0.1577952552400254,0.0
0.72,0.2280276593539804,0.2529449838619169,0.2404863216079486,0.880711886018386,0.231,0.1365149647716215,0.0
0.72,0.2269347615228138,0.253405203462252,0.2401699824925329,0.8464234754188452,0.231,0.145168064844372,0.0
0.72,0.2292558451576795,0.251509307339091,0.2403825762483852,0.9216232140373468,0.231,0.1219391023677554,0.0
0.72,0.2285321828572179,0.2527382670380468,0.2406352249476324,0.8980497165775961,0.231,0.1325568448925651,0.0
0.72,0.2251972180817008,0.2562767109164401,0.2407369644990704,0.8132922583661637,0.2309999999999999,0.17022069930178,-2.775557561562892e-17
0.72,0.22948454807282,0.2513512432297957,0.2404178956513079,0.9306958863101666,0.231,0.1198054227819573,0.0
0.72,0.2279479321751565,0.2533242268485978,0.2406360795118771,0.8797276015226214,0.231,0.1389739029220351,0.0
0.72,0.2287330051674477,0.2525998349353144,0.2406664200513811,0.90501483210793,0.2309999999999999,0.1306850219206181,-2.775557561562892e-17
0.72,0.2241210840749377,0.2569652156270499,0.2405431498509938,0.7905587512902318,0.231,0.1800078803588494,0.0
0.72,0.2244937721697094,0.256651084621851,0.2405724283957802,0.7976750127992329,0.231,0.1762200245206706,0.0
0.72,0.2294038017620115,0.2516196318859326,0.240511716823972,0.9281504121572408,0.231,0.121687909178926,0.0
0.72,0.2289541500318639,0.2521257086474199,0.2405399293396419,0.911708573338584,0.231,0.1269189774778589,0.0
0.72,0.2264511801693798,0.255210285116221,0.2408307326428004,0.8418302711774828,0.231,0.1574453381131881,0.0
0.72,0.2265220591664097,0.2549169548730511,0.2407195070197304,0.8422976833634607,0.231,0.1554969621410893,0.0
0.72,0.2263194691302719,0.2542441941832332,0.2402818316567525,0.832387575496228,0.231,0.1531084472669517,0.0
0.72,0.2246817719214203,0.2567574541860033,0.2407196130537118,0.8030212412486685,0.231,0.1756979564866538,0.0
0.72,0.2214714628246894,0.2600543635223774,0.2407629131735334,0.7530373040127191,0.231,0.211425882388383,2.775557561562892e-17
0.72,0.2231303610558707,0.2592679880547908,0.2411991745553307,0.7822314413626417,0.2309999999999999,0.1977397091480739,-2.775557561562892e-17
0.72,0.224202596043078,0.2573525450988429,0.2407775705709605,0.794949791763259,0.231,0.181566791281321,0.0
0.72,0.2231253939131917,0.2586371799929132,0.2408812869530525,0.7782537304902001,0.231,0.1944811262905459,0.0
0.72,0.2254157843064667,0.2552727640263266,0.2403442741663967,0.8129678304393647,0.231,0.1636943735717309,0.0
0.72,0.2228431458996946,0.2580065728089932,0.2404248593543439,0.7680301717649607,0.2309999999999999,0.1928187347737826,-2.775557561562892e-17
0.72,0.2246896010362593,0.2564796401712478,0.2405846206037535,0.8014976031660378,0.231,0.1741967017828092,0.0
0.72,0.2243139627342969,0.2572274155136453,0.2407706891239711,0.7968600465430881,0.2309999999999999,0.1802718157316136,-2.775557561562892e-17
0.72,0.2248428941168628,0.2555757332303097,0.2402093136735862,0.7996571074865907,0.231,0.1685714703780181,0.0
0.72,0.2255940263123893,0.2558615803600457,0.2407278033362175,0.8213937710626051,0.231,0.1657687408247588,0.0
0.72,0.2244200066816302,0.2565632098608793,0.2404916082712548,0.795291300569022,0.2309999999999999,0.176183122720245,-2.775557561562892e-17
0.72,0.2235470057675713,0.2582516881532684,0.2408993469604198,0.7852452833425058,0.231,0.1900390583563875,0.0
0.72,0.2247098538340114,0.2570343273870835,0.2408720906105474,0.8054060755030996,0.231,0.1769871129048787,0.0
0.72,0.2222377671052679,0.2593144536430327,0.2407761103741503,0.7636727088380133,0.231,0.2031382931505696,0.0
0.72,0.2239138543818385,0.2576633133513887,0.2407885838666136,0.7900367640099109,0.231,0.1848529770150035,2.775557561562892e-17
0.72,0.2223359207491937,0.259453065499853,0.2408944931245233,0.7665747376580628,0.231,0.2032920687109225,0.0
0.72,0.2253286598808674,0.2561734873467047,0.2407510736137861,0.816133187147376,0.231,0.168925889333936,0.0
0.72,0.2249902157202315,0.2555841151702315,0.2402871654452315,0.8035626583139438,0.231,0.1677704482851603,0.0
0.72,0.2266747399881514,0.2554372588207815,0.2410559994044665,0.8496216538955661,0.231,0.1573633054982324,0.0
0.72,0.2240071150902147,0.2573945103590953,0.240700812724655,0.7905531457764503,0.231,0.182910569546864,2.775557561562892e-17
0.72,0.2257072379095279,0.2556395246734485,0.2406733812914882,0.8231754849799262,0.231,0.1639542137187495,0.0
0.72,0.2253319482125944,0.2570371485393694,0.2411845483759819,0.8212264319737183,0.231,0.1734345528147227,0.0
0.72,0.2242793862056719,0.2571229505681116,0.2407011683868917,0.7953750171521007,0.231,0.1799237119735364,0.0
0.72,0.2265896138450654,0.2542516128626828,0.2404206133538741,0.8405615533380035,0.231,0.1516054133717128,0.0
0.72,0.2197623217591227,0.2620880328632463,0.2409251773111845,0.7344952288401729,0.231,0.2319079011101319,0.0
0.72,0.2256983510824336,0.2557568067556257,0.2407275789190296,0.823622045816056,0.231,0.1646213122416981,0.0
0.72,0.2262898036814562,0.2545943755253458,0.240442089603401,0.8335888511395874,0.231,0.1551239470013163,0.0
0.72,0.2259613024014345,0.255442218526011,0.2407017604637228,0.8290861255032378,0.231,0.1614638861972581,0.0
0.72,0.2257010443465448,0.2554972544876555,0.2405991494171001,0.8221600791389225,0.231,0.1632418597693021,0.0
0.72,0.2244891483046195,0.2563865214707825,0.2404378348877009,0.7958812576363724,0.231,0.1748593804047438,0.0
0.72,0.2258838552663064,0.2551123633834378,0.2404981093248721,0.8249604559633722,0.231,0.160171672858743,0.0
0.72,0.2245221355289571,0.2568461488380155,0.2406841421834863,0.7995959100404292,0.2309999999999999,0.1770793092802494,-2.775557561562892e-17
0.72,0.2220489423150429,0.2601834604896875,0.2411162014023652,0.7652767593925297,0.231,0.2087505594590548,2.775557561562892e-17
0.72,0.2264181603475165,0.2551037737281356,0.2407609670378261,0.8402739522530457,0.231,0.1570734151777086,2.775557561562892e-17
0.72,0.2218775928734813,0.260141700148537,0.2410096465110092,0.7615936245175249,0.231,0.2095258030417643,0.0
0.72,0.2235743542538309,0.2575613451616816,0.2405678497077562,0.781515057737758,0.231,0.1862745202629785,0.0
0.72,0.2256891642683349,0.255357673719178,0.2405234189937564,0.8209941844073941,0.231,0.1625759165653628,0.0
0.72,0.2263352489301363,0.2550840599531371,0.2407096544416367,0.8377410785395046,0.231,0.1574430969922602,2.775557561562892e-17
0.72,0.2259511013493724,0.2559323315255706,0.2409417164374715,0.8315980157933662,0.231,0.164097534606497,0.0
0.72,0.2236666257783582,0.2583016609562243,0.2409841433672912,0.7882671640441045,0.2309999999999999,0.1896108894599912,-2.775557561562892e-17
0.72,0.225846591833725,0.2553949193410693,0.2406207555873971,0.8255939133951292,0.2309999999999999,0.1618711498235452,-2.775557561562892e-17
0.72,0.2246641016813209,0.2566125088234822,0.2406383052524015,0.8016834363451618,0.231,0.1750397154244869,0.0
0.72,0.2245825161654556,0.2568557102364852,0.2407191132009704,0.8011512644078471,0.231,0.1767826419014151,0.0
0.72,0.2253772402943698,0.2560564592321309,0.2407168497632503,0.8167241572532508,0.231,0.1680333455554334,0.0
0.72,0.2254335561280167,0.2564080927898705,0.2409208244589436,0.8202896807544967,0.231,0.1695558965063879,0.0
0.72,0.2259128291358035,0.2550659559810525,0.240489392558428,0.8255017072027906,0.231,0.1597617577037202,0.0
0.72,0.2263534476397706,0.2539148435401031,0.2401341455899368,0.8314108480923007,0.231,0.1511766180880549,0.0
0.72,0.223331835091661,0.2581890727007645,0.2407604538962128,0.780012260457028,0.2309999999999999,0.190952232521778,-2.775557561562892e-17
0.72,0.2251762991097463,0.2560204058446301,0.2405983524771882,0.8111891863067889,0.231,0.1689954181529902,0.0
0.72,0.2240731312883066,0.2565247021162675,0.2402989167022871,0.7865475064854165,0.231,0.1779752201228925,0.0
0.72,0.2264305699938898,0.2545356706444704,0.2404831203191801,0.837416344352577,0.231,0.1540107638908929,0.0
0.72,0.2256961956853595,0.2557909283394966,0.240743562012428,0.8237630360238017,0.231,0.16481289953778,0.0
0.72,0.2222719768062118,0.2595017730132191,0.2408868749097155,0.7655634979773166,0.231,0.203915421347212,0.0
0.72,0.2266596460442055,0.2543817663994737,0.2405207062218396,0.8434335505303557,0.2309999999999999,0.1518921565847815,-2.775557561562892e-17
0.72,0.2251008165100775,0.2564056966001764,0.240753256555127,0.8115570648108555,0.231,0.1714499072949089,0.0
0.72,0.225900953664659,0.2556547345756159,0.2407778441201374,0.8286252644461981,0.231,0.1629260346483523,0.0
0.72,0.2211364124516306,0.2602682933583711,0.2407023529050009,0.7479398556926931,0.231,0.2144815909081643,2.775557561562892e-17
0.72,0.221506057631879,0.2599646842563453,0.2407353709441121,0.7531388091201059,0.231,0.2107591557180397,0.0
0.72,0.2265775218290025,0.2546515327106465,0.2406145272698245,0.842470739587513,0.231,0.1537825186024977,0.0
0.72,0.2261309404140422,0.255161518756961,0.2406462295855016,0.8322782437041798,0.2309999999999999,0.1590178321159234,-2.775557561562892e-17
0.72,0.2250648348497197,0.2567203724064453,0.2408926036280825,0.8125078388056212,0.231,0.1733059765313651,0.0
0.72,0.2251380740750367,0.2564243463258389,0.2407812102004378,0.8126358462276383,0.231,0.1713341376931596,0.0
0.72,0.2249340684793561,0.2557560388797116,0.2403450536795339,0.8031945575882494,0.231,0.1689958995525147,0.0
0.72,0.2232796393664694,0.2582976676947849,0.2407886535306271,0.7795318296864837,0.231,0.1918200926411251,0.0
0.72,0.2200184373918237,0.2616848402142639,0.2408516388030439,0.7364408284781927,0.2309999999999999,0.2283290330833434,-2.775557561562892e-17
0.72,0.2216999333454358,0.2608580643917551,0.2412789988685954,0.762499731063177,0.231,0.2142738015186289,0.0
0.72,0.2227948204680294,0.258907288833353,0.2408510546506912,0.7727881836000586,0.231,0.1977974271884435,0.0
0.72,0.2217048002194561,0.260210417919162,0.240957609069309,0.7586014629596537,0.2309999999999999,0.2108839242934668,-2.775557561562892e-17
0.72,0.2240240973471675,0.2567926716388465,0.240408384493007,0.7871160768015507,0.231,0.1796618290820713,0.0
0.72,0.221411933110437,0.2595940629530622,0.2405029980317496,0.7488860121454208,0.231,0.2093777066660613,2.775557561562892e-17
0.72,0.2232889587673363,0.2580229868672842,0.2406559728173103,0.7779974954106975,0.231,0.1903320932609804,2.775557561562892e-17
0.72,0.2229045341186666,0.2587829824535833,0.2408437582861249,0.7743641027682096,0.231,0.1965159771305251,0.0
0.72,0.223443264813354,0.2571139082708331,0.2402785865420935,0.7755690295557024,0.231,0.1846886572309987,0.0
0.72,0.2241987067194021,0.2573919243227927,0.2407953155210974,0.7950999098109974,0.231,0.1817951839154967,0.0
0.72,0.2230132246523121,0.2581085334766497,0.2405608790644809,0.7724261271594992,0.231,0.1923694649200431,0.0
0.72,0.2221283503752518,0.2598308849062203,0.240979617640736,0.7646935481894167,0.231,0.2064584488632399,0.0
0.72,0.2233078286547616,0.2585747061969431,0.2409412674258523,0.7818868048060656,0.231,0.1931031234707931,0.0
0.72,0.2207982169603839,0.2609151374591266,0.2408566772097553,0.7456987497348955,0.231,0.2198032635823477,0.0
0.72,0.2225014830327683,0.2592192483166696,0.2408603656747189,0.7685448201566394,0.231,0.2011174920704068,0.0
0.72,0.2208966979794862,0.2610575224054934,0.2409771101924898,0.7484289188552828,0.2309999999999999,0.2199691789430449,-2.775557561562892e-17
0.72,0.2239325054969212,0.2577006950293959,0.2408166002631586,0.790705554519528,0.2309999999999999,0.1849410790474199,-2.775557561562892e-17
0.72,0.2235904989310205,0.2571202617345972,0.2403553803328089,0.7790171939961036,0.231,0.1838735875320363,0.0
0.72,0.2252870519434085,0.2569451324373012,0.2411160921903548,0.819542184255498,0.231,0.1732098773120995,2.775557561562892e-17
0.72,0.222598838245485,0.2589478340034438,0.2407733361244644,0.7688749969749723,0.231,0.1991408990477643,0.0
0.72,0.224314974756919,0.257163964017266,0.2407394693870925,0.7964922089353089,0.231,0.1799338727420552,0.0
0.72,0.2239375593851135,0.2585683779055666,0.24125296864534,0.7960648660176662,0.231,0.1894429567100717,0.0
0.72,0.22287291501678,0.2586716203085522,0.2407722676626661,0.7729782427330442,0.231,0.1961178717351455,0.0
0.72,0.2252025696988684,0.2557510774596754,0.2404768235792719,0.810222144187037,0.2309999999999999,0.1674303735706648,-2.775557561562892e-17
0.72,0.2182565676306025,0.2637958793222915,0.2410262234764469,0.7201663376980023,0.2309999999999999,0.2495235101535531,-2.775557561562892e-17
0.72,0.2243061474923208,0.2572775470472526,0.2407918472697867,0.7969800312380755,0.231,0.1805790997963383,2.775557561562892e-17
0.72,0.2249025597628143,0.2561016658695252,0.2405021128161698,0.8045636238317054,0.231,0.1709916302300727,0.0
0.72,0.2245688702997721,0.2569563845375117,0.2407626274186419,0.8014318217501848,0.231,0.1773883546846615,0.0
0.72,0.2243102118660191,0.2570224291718264,0.2406663205189227,0.7954957295788905,0.231,0.1792202116746146,0.0
0.72,0.2230854659756672,0.257932636746021,0.2405090513608441,0.7728787201552082,0.231,0.1910338238071793,0.0
0.72,0.2244959309917075,0.2566327399653599,0.2405643354785337,0.7976131042249754,0.231,0.1761114667344123,2.775557561562892e-17
0.72,0.2231167092646683,0.2583892195851061,0.2407529644248872,0.7765032694380161,0.231,0.1932376399483366,0.0
0.72,0.2206048954513869,0.2617904819557249,0.2411976887035559,0.7476033381843861,0.231,0.2254616262822912,0.0
0.72,0.2250307146466475,0.2566161847670704,0.2408234497068589,0.8110116667380938,0.231,0.1729555320972082,2.775557561562892e-17
0.72,0.2204318538762772,0.261760087489052,0.2410959706826646,0.7442874954990556,0.231,0.2263110443103897,2.775557561562892e-17
0.72,0.2221582233499569,0.2591297061414657,0.2406439647457113,0.7608487411796813,0.2309999999999999,0.2026364500861763,-2.775557561562892e-17
0.72,0.2242984461887861,0.2568815755774695,0.2405900108831278,0.7943244268752948,0.231,0.1785501009009522,0.0
0.72,0.2249489923004353,0.2565929814802552,0.2407709868903453,0.8087786067306733,0.231,0.1733025688514098,0.0
0.72,0.2245623446285332,0.2574531847161592,0.2410077646723462,0.8042720905177269,0.231,0.1800261906517708,0.0
0.72,0.2222555041512535,0.2598721331008614,0.2410638186260574,0.7675364302191767,0.2309999999999999,0.2059371689620199,-2.775557561562892e-17
0.72,0.2244585280922111,0.2569110055135424,0.2406847668028767,0.7984291977817031,0.231,0.1777844269040913,0.0
0.72,0.2232633797378927,0.2581477956615336,0.2407055876997131,0.7782213043485628,0.231,0.1911314077517416,0.0
0.72,0.2231800467084564,0.2583967974338579,0.2407884220711571,0.7779479046059989,0.2309999999999999,0.1929118184298905,-2.775557561562892e-17
0.72,0.2239846250897685,0.2575859110929692,0.2407852680913688,0.7912170709905788,0.231,0.1840410624739816,0.0
0.72,0.2240405689850579,0.2579382956352049,0.2409894323101313,0.794693281742186,0.231,0.1855610850814697,0.0
0.72,0.2245218799745048,0.2565830238893117,0.2405524519319082,0.7979448255898506,0.231,0.1757018035984734,0.0
0.72,0.2249700367350216,0.2554233724933815,0.2401967046142015,0.8019933411293678,0.231,0.1670411486930403,2.775557561562892e-17
0.72,0.221910612447971,0.2597586334510381,0.2408346229495045,0.7598451038881955,0.231,0.2073433203856711,2.775557561562892e-17
0.72,0.2237771643995702,0.2575485541345793,0.2406628592670748,0.7861256034440832,0.231,0.1850396696258531,0.0
0.72,0.2226687974925491,0.2580750126258881,0.2403719050592186,0.7646966083193084,0.231,0.194183209599976,0.0
0.72,0.2250443540898525,0.2560390606061216,0.240541707347987,0.8078495788620744,0.231,0.1698497652594863,0.0
0.72,0.2243046967364381,0.257307656572282,0.2408061766543601,0.7971302181118249,0.231,0.1807450025076478,0.0
0.72,0.2208353514824544,0.2611064787149256,0.24097091509869,0.7475946362546888,0.231,0.2205794372649239,0.0
0.72,0.2252734854503414,0.2558873393875695,0.2405804124189554,0.8129436900887923,0.231,0.1677397458137615,0.0
0.72,0.2237037266420373,0.257936988172935,0.2408203574074861,0.7868659592549381,0.231,0.1874928774615287,0.0
0.72,0.2245114031972807,0.2571727021464876,0.2408420526718842,0.8013368417217587,0.2309999999999999,0.1788510518043917,-2.775557561562892e-17
0.72,0.2196690543903076,0.2619140008274208,0.2407915276088642,0.7317798561643375,0.231,0.2315518643136296,0.0
0.72,0.220036737198616,0.2616161381815186,0.2408264376900673,0.7363294674232554,0.231,0.2278667805594538,2.775557561562892e-17
0.72,0.2251906837704065,0.2561579670344837,0.2406743254024451,0.8124047182294338,0.231,0.1696350506865331,0.0
0.72,0.2247457658616556,0.2566696935022981,0.2407077296819768,0.8040894526279367,0.231,0.1748707009336996,0.0
0.72,0.2236956484448536,0.2582241032044645,0.240959875824659,0.7884541429380587,0.231,0.1890388865315801,0.0
0.72,0.2237712432715276,0.2579253327299597,0.2408482880007437,0.788348720662857,0.231,0.187043238859021,0.0
0.72,0.2235658208655924,0.2572614517937996,0.240413636329696,0.7793726091597157,0.231,0.1847547955008479,0.0
0.72,0.2218947417458073,0.2598316565447574,0.2408631991452823,0.7599894903830007,0.231,0.207814970262498,0.0
0.72,0.2185818845253003,0.2633108856624569,0.2409463850938786,0.7223699354112361,0.231,0.2451190953330433,0.0
0.72,0.2202863750626605,0.2624429177537062,0.2413646464081834,0.745860920904809,0.231,0.230688417386381,0.0
0.72,0.2214042603249426,0.2604559259590618,0.2409300931420022,0.7542809117295729,0.2309999999999999,0.2139014771787495,-2.775557561562892e-17
0.72,0.220301383071963,0.2617778607672867,0.2410396219196248,0.7420557983099126,0.231,0.2271624280233504,0.0
0.72,0.2226496460956532,0.2583061346918297,0.2404778903937414,0.7658110982571005,0.231,0.1955005849022759,0.0
0.72,0.2199975092316347,0.2611763388331359,0.2405869240323853,0.7328119600571598,0.2309999999999999,0.2258174209627315,-2.775557561562892e-17
0.72,0.2219055442317616,0.2595601468350092,0.2407328455333854,0.7584769154500657,0.2309999999999999,0.2063401600299608,-2.775557561562892e-17
0.72,0.2215121595694671,0.2603326363228797,0.2409223979461734,0.7555970141531347,0.231,0.2126354946654434,2.775557561562892e-17
0.72,0.2220608637571856,0.258645749168482,0.2403533064628338,0.7556604006731625,0.231,0.200677563976938,0.0
0.72,0.2228205419849215,0.2589160043834943,0.2408682731842079,0.7733937322991079,0.231,0.1976943117996898,0.0
0.72,0.2216236703269596,0.2596478161028076,0.2406357432148836,0.7534111685686841,0.2309999999999999,0.208429518895802,-2.775557561562892e-17
0.72,0.2207268046496056,0.2614044123305513,0.2410656084900784,0.7474483890259221,0.231,0.2227540778610277,2.775557561562892e-17
0.72,0.2219230429244354,0.2601088951383764,0.2410159690314058,0.7622952860994215,0.231,0.2090921185652234,0.0
0.72,0.2193755213833876,0.2625108189546807,0.2409431701690342,0.7305112223371198,0.2309999999999999,0.2363501199913396,-2.775557561562892e-17
0.72,0.2211063158175919,0.2607692749459215,0.2409377953817567,0.750556075496106,0.2309999999999999,0.21725683394534,-2.775557561562892e-17
0.72,0.2194742459947233,0.2626570368225122,0.2410656414086177,0.7330938138935736,0.2309999999999999,0.2365288453218232,-2.775557561562892e-17
0.72,0.2225535353644485,0.259221648547084,0.2408875919557663,0.7696509609457802,0.2309999999999999,0.2008291267796187,-2.775557561562892e-17
0.72,0.2222080243479458,0.2586501256156025,0.2404290749817741,0.7587412540380251,0.231,0.1998487182995709,0.0
0.72,0.2239164498902483,0.2584467004452274,0.2411815751677378,0.7948595797625836,0.231,0.1889296364798627,0.0
0.72,0.2212077730091469,0.2604951130503007,0.2408514430297238,0.7507536274892722,0.231,0.2152450940335992,2.775557561562892e-17
0.72,0.2229398356166958,0.2586821055011838,0.2408109705589398,0.7744920955117551,0.231,0.1957862146211177,0.0
0.72,0.2225604258412673,0.2600932177522393,0.2413268217967533,0.7751413169915151,0.231,0.2053231696061894,0.0
0.72,0.221483671343213,0.2602141826654365,0.2408489270043247,0.754293751052893,0.231,0.2121854604467481,2.775557561562892e-17
0.72,0.2238326567473794,0.2572442161679102,0.2405384364576448,0.7854831268900196,0.231,0.1831280306730407,2.775557561562892e-17
0.72,0.2167656117420384,0.2655024366210212,0.2411340241815298,0.7079336150168458,0.231,0.2670526979705068,0.0
0.72,0.2229311414456648,0.258791925166401,0.2408615333060329,0.7749949187622066,0.2309999999999999,0.1964089989270687,-2.775557561562892e-17
0.72,0.2235324775212214,0.2576025793759688,0.2405675284485951,0.7808188977357565,0.231,0.1867313995914805,0.0
0.72,0.2231935559936027,0.2584643150974338,0.2408289355455183,0.7786709386260605,0.231,0.1931862060930045,0.0
0.72,0.2229366271101163,0.2585411987058897,0.240738912908003,0.7735298438237391,0.231,0.1950698188788493,0.0
0.72,0.2216990255338704,0.2594725699703909,0.2405857977521306,0.7537701424402965,0.2309999999999999,0.2070809028518661,-2.775557561562892e-17
0.72,0.2231252197472149,0.2581466146870805,0.2406359172171477,0.7751437295314295,0.231,0.1919221097804007,0.0
0.72,0.2217285066771527,0.2599261749326936,0.2408273408049231,0.7572759347292779,0.2309999999999999,0.209269439176164,-2.775557561562892e-17
0.72,0.2191776596467778,0.2633926937831369,0.2412851767149574,0.7326171836312039,0.231,0.2420561426307843,0.0
0.72,0.2236604225641139,0.2581222855047775,0.2408913540344457,0.787023195799851,0.231,0.1887101164727158,0.0
0.72,0.2190028375291988,0.2633736966154621,0.2411882670723305,0.7296161778730272,0.231,0.2429800409229303,0.0
0.72,0.2207592564504216,0.2606921227575843,0.2407256896040029,0.7435510020541275,0.231,0.2188729267200426,0.0
0.72,0.2229249502963365,0.2583990118382446,0.2406619810672906,0.7723674890138014,0.231,0.1943953667311557,0.0
0.72,0.2235799244559565,0.2580954191817634,0.2408376718188599,0.7850218980492961,0.231,0.1890334749388964,0.0
0.72,0.2231908353582705,0.2589676422272175,0.241079238792744,0.7817254996977514,0.231,0.1958263737654695,0.0
0.72,0.2208615879007055,0.2614366077273856,0.2411490978140456,0.7501316784908146,0.231,0.2221374018014974,2.775557561562892e-17
0.72,0.2230876974220157,0.2584206056282872,0.2407541515251514,0.7760642137977233,0.231,0.1935688045418901,2.775557561562892e-17
0.72,0.2218798946574062,0.2596768116916705,0.2407783531745383,0.758707692102875,0.231,0.2070956629399551,2.775557561562892e-17
0.72,0.2217948162257455,0.2599316958865215,0.2408632560561335,0.7586277677635476,0.231,0.2089139220897327,0.0
0.72,0.2226092689642927,0.2591090103897149,0.2408591396770038,0.7701153293687968,0.2309999999999999,0.1999203785381427,-2.775557561562892e-17
0.72,0.2226647723770395,0.2594621413823637,0.2410634568797016,0.7734830546783267,0.231,0.2014383613489394,0.0
0.72,0.2231481189120401,0.2580937902323341,0.2406209545721871,0.7753117684879024,0.231,0.191514155273228,0.0
0.72,0.2236038160921921,0.2569253945030362,0.2402646052976141,0.778036207750564,0.231,0.1827764265801033,2.775557561562892e-17
0.72,0.2205064033697698,0.2613226444023087,0.2409145238860392,0.7429063440245602,0.231,0.2236123387140411,0.0
0.72,0.2223952892569999,0.2590703794645703,0.2407328343607851,0.7653799705931223,0.231,0.2009560488482533,0.0
0.72,0.2212816818189855,0.2596190858536411,0.2404503838363133,0.7465055752802272,0.231,0.2102636178197183,2.775557561562892e-17
0.72,0.2236753144871614,0.2575359796064266,0.240605647046794,0.7836815819465064,0.231,0.1855603552568412,0.0
0.72,0.2229304228892298,0.258818036276157,0.2408742295826934,0.7751431106948542,0.231,0.1965492663114629,0.0
0.72,0.2194156120122015,0.262706042174959,0.2410608270935803,0.7324030289316823,0.231,0.2371241782151902,2.775557561562892e-17
0.72,0.2239044145077071,0.2573865136759362,0.2406454640918216,0.788078236772387,0.231,0.1834596467787554,0.0
0.72,0.2223238444738327,0.25946203824386,0.2408929413588463,0.7663818660677716,0.231,0.2034086135773423,0.0
0.72,0.2231390645347099,0.2586844017557061,0.240911733145208,0.7788476329140932,0.2309999999999999,0.1946485227065006,-2.775557561562892e-17
0.72,0.2182178742820714,0.2635559574980174,0.2408869158900444,0.7180708840943473,0.231,0.2485145555364465,0.0
0.72,0.218583283902473,0.263264198026505,0.240923740964489,0.7221024605034092,0.231,0.2448702038634354,0.0
0.72,0.2238209430143287,0.257658115186769,0.2407395291005489,0.7878351964790228,0.231,0.185360539417752,0.0
0.72,0.2233777735125385,0.2581714370379629,0.2407746052752507,0.7809306145099738,0.231,0.1905953269826574,0.0
0.74,0.2284291888910524,0.2530771745728628,0.2407531817319576,0.8956989369380902,0.231,0.1349347973442101,0.0
0.74,0.2284967423690906,0.2527875506839795,0.2406421465265351,0.8969463017261954,0.231,0.1330188078979683,0.0
0.74,0.2282961395184641,0.2521084831528349,0.2402023113356495,0.8864513076473043,0.231,0.1305587793889808,0.0
0.74,0.2266820944820655,0.2545822327945009,0.2406321636382832,0.8452371285912265,0.231,0.1528207312995857,0.0
0.74,0.2235420549199577,0.2577552341866514,0.2406486445533045,0.782015432652219,0.231,0.1874742880700228,2.775557561562892e-17
0.74,0.2251698467081291,0.2570243473336351,0.2410970970208821,0.8169755237913646,0.231,0.1742963984926662,0.0
0.74,0.2262108175762054,0.2551570987585833,0.2406839581673943,0.8345493020806349,0.231,0.1585381804608057,0.0
0.74,0.2251515637211341,0.2564162695854585,0.2407839166532963,0.8129380681127911,0.231,0.1712144530034807,0.0
0.74,0.2274014281987308,0.2531257073003587,0.2402635677495447,0.8601099067906831,0.231,0.141032083838333,0.0
0.74,0.2248836006592492,0.2557665723424417,0.2403250865008455,0.8019491322436592,0.231,0.1693407420826589,0.0
0.74,0.2266878165732214,0.254300079068945,0.2404939478210832,0.843830854952708,0.231,0.1513007278800908,0.0
0.74,0.2263242405188752,0.2550311239645532,0.2406776822417142,0.8371206163855196,0.231,0.157227358875543,0.0
0.74,0.2268396876208942,0.2534031863354756,0.2401214369781849,0.8433823637538341,0.231,0.1456994143749359,0.0
0.74,0.2275846400846116,0.2537001553052359,0.2406423976949237,0.8692210401925676,0.2309999999999999,0.1430258455178135,-2.775557561562892e-17
0.74,0.2264268518853547,0.2543811183392302,0.2404039851122925,0.8364060769689325,0.231,0.1532173113903987,0.0
0.74,0.2255703413547433,0.2560226075192837,0.2407964744370135,0.8216993567598859,0.231,0.1667498920258525,0.0
0.74,0.2267100332206452,0.2548589336970917,0.2407844834588685,0.8475973588046761,0.231,0.1541189224461623,0.0
0.74,0.2242900468702767,0.2570562798560132,0.2406731633631449,0.7952174382497917,0.231,0.1795133658332335,0.0
0.74,0.2259285159407972,0.2554665314410664,0.2406975236909317,0.8283065407980235,0.231,0.161779181035202,0.0
0.74,0.2243876031077068,0.2571896791027244,0.2407886411052156,0.7984152925778975,0.231,0.1796511190384579,0.0
0.74,0.2273204962380294,0.2540164911007405,0.2406684936693849,0.8621701951587474,0.231,0.1461991462665741,0.0
0.74,0.2269871551987164,0.2534145100522917,0.2402008326255041,0.8481556393548539,0.231,0.1449186306663314,0.0
0.74,0.2286545122354473,0.253307341590374,0.2409809269129106,0.9048592869084222,0.231,0.1348740669132682,0.0
0.74,0.2260160337029684,0.2552011676743261,0.2406086006886472,0.8292292815265861,0.2309999999999999,0.1598831844463875,-2.775557561562892e-17
0.74,0.2276935037230241,0.2534863392466643,0.2405899214848442,0.8718056309107488,0.231,0.1412770609147766,0.0
0.74,0.2273214234192641,0.2548742738928198,0.241097848656042,0.8664901628139559,0.231,0.1507155869983645,0.0
0.74,0.2262857940175824,0.2549360429846811,0.2406109185011317,0.8354567184448796,0.231,0.1569464256541679,2.775557561562892e-17
0.74,0.2285685577303641,0.2521334833203425,0.2403510205253533,0.8968194378398574,0.231,0.129145740361644,0.0
0.74,0.2219043218856889,0.2596852267454791,0.240794774315584,0.7592519780014194,0.231,0.2069979559088721,0.0
0.74,0.227684658439585,0.2536087158942101,0.2406466871668975,0.8721133230699769,0.231,0.1419739639633823,2.775557561562892e-17
0.74,0.228269079931144,0.2524651614379858,0.2403671206845649,0.8871337878373493,0.231,0.1326031856443308,0.0
0.74,0.2279477955136954,0.2533035797334533,0.2406256876235744,0.8796249226665144,0.231,0.1388655197735533,0.0
0.74,0.2276855079949509,0.2533428617767521,0.2405141848858515,0.8708170751654035,0.231,0.1405641756496729,0.0
0.74,0.2264916611256806,0.2542030765243477,0.2403473688250141,0.8373111293861855,0.2309999999999999,0.1519084414854783,-2.775557561562892e-17
0.74,0.2278641740098473,0.2529645448823692,0.2404143594461082,0.8750685395813975,0.2309999999999999,0.1375474442921,-2.775557561562892e-17
0.74,0.2265270688707519,0.2546670964883113,0.2405970826795316,0.8410473795534946,0.231,0.1541524463025767,0.0
0.74,0.2241074714573063,0.2579167009453707,0.2410120862013385,0.7961347050181391,0.2309999999999999,0.1850634648521973,-2.775557561562892e-17
0.74,0.2283977067119992,0.2529674751896695,0.2406825909508343,0.8940855592365123,0.231,0.1345330152212975,0.0
0.74,0.2239383545310032,0.2578590065044878,0.2408986805177455,0.7918186986937389,0.231,0.185734851894781,0.0
0.74,0.2255942308033145,0.2553470316954265,0.2404706312493705,0.8183105780095261,0.231,0.1630632722835157,0.0
0.74,0.2276734244200649,0.2532049636482354,0.2404391940341501,0.8697072060479344,0.231,0.1399037614649216,0.0
0.74,0.2283131835828069,0.2529523721495612,0.2406327778661841,0.890953534857135,0.231,0.1349327675778242,0.0
0.74,0.2279326481438122,0.2537840292225669,0.2408583386831895,0.8813466929738383,0.231,0.1414901704263813,0.0
0.74,0.2256795309852538,0.2560842950366193,0.2408819130109366,0.8250119946414368,0.2309999999999999,0.1664487812226003,-2.775557561562892e-17
0.74,0.227827140558919,0.2532531614091842,0.2405401509840516,0.8752121120419885,0.231,0.1392846530620228,0.0
0.74,0.2266624450181406,0.2544441338964667,0.2405532894573036,0.8438700036971719,0.231,0.1522049801523368,0.0
0.74,0.226583319277957,0.2546793225468011,0.240631320912379,0.8428003912235905,0.2309999999999999,0.153895843994321,-2.775557561562892e-17
0.74,0.2273642294604427,0.2538961453746053,0.240630187417524,0.8629661517351435,0.231,0.1453149825123225,0.0
0.74,0.227420951447736,0.2542467111305845,0.2408338312891602,0.8665816515700642,0.231,0.1468418856497457,0.0
0.74,0.2278973568891506,0.2529231300835708,0.2404102434863607,0.8760220878393813,0.231,0.137139684297157,0.0
0.74,0.228327384316015,0.2517836674497984,0.2400555258829067,0.8860597107929833,0.231,0.12865799748933,0.0
0.74,0.2253586198104257,0.2559737304172247,0.2406661751138252,0.8157321637008419,0.231,0.1677056687143696,0.0
0.74,0.2271724512125228,0.2538619753804097,0.2405172132964662,0.8565898453865075,0.231,0.1462266168705428,0.0
0.74,0.2260765183237093,0.2543352651509107,0.24020589173731,0.8257714078265006,0.231,0.1549767453048556,0.0
0.74,0.2284084263050508,0.252411778802365,0.2404101025537079,0.8920328443604211,0.231,0.1315294673677769,0.0
0.74,0.2276815590733588,0.2536485031500197,0.2406650311116893,0.8722051806772384,0.231,0.1422017693678374,0.0
0.74,0.22432019683746,0.2572377116372856,0.2407789542373728,0.7970744996042235,0.231,0.1802898756892956,2.775557561562892e-17
0.74,0.2286372769254683,0.252254923599581,0.2404461002625246,0.8999594198721976,0.231,0.1293999814814954,0.0
0.74,0.2270940074476774,0.2542429835599466,0.240668495503812,0.8561274452424967,0.231,0.1486839719495136,0.0
0.74,0.2278835567355567,0.2535107031409478,0.2406971299382522,0.8783928879499553,0.231,0.1403253539631832,0.0
0.74,0.2232266706166938,0.2579488698429441,0.2405877702298189,0.7761279654939175,0.231,0.1903041040707924,0.0
0.74,0.223598572792596,0.2576377397320252,0.2406181562623106,0.7825614469186513,0.231,0.1865344743881962,0.0
0.74,0.2285561177685713,0.2525236731378683,0.2405398954532198,0.8980337296076769,0.231,0.131284522779115,0.0
0.74,0.2281073429179566,0.2530309712241125,0.2405691570710346,0.8839391662196749,0.231,0.1365173483693262,0.0
0.92,0.2596277949807232,0.2224563893260722,0.2410420921533977,0.2298436263966997,0.231,-0.2035046621022003,0.0
0.92,0.2596480789708537,0.2222076162800253,0.2409278476254395,0.2348364066058532,0.231,-0.2050490059078762,0.0
0.92,0.2594743817748891,0.2214333246656545,0.2404538532202718,0.2514828993020591,0.231,-0.208630853940243,2.775557561562892e-17
0.92,0.2581998686482998,0.2234147072932134,0.2408072879707566,0.2180611620384923,0.231,-0.1905308882602852,0.0
0.92,0.2558966549398744,0.2251818365322848,0.2405392457360796,0.1894252927205161,0.2309999999999999,-0.1683138773531851,-2.775557561562892e-17
0.92,0.2571637873770522,0.225090904994354,0.2411273461857031,0.1842395995201732,0.231,-0.1754789899697886,0.0
0.92,0.2578343184037163,0.2237321494216987,0.2407832339127075,0.2131198922313023,0.231,-0.1867927471510779,0.0
0.92,0.2570129059947615,0.2247054553463424,0.240859180670552,0.1948326013759797,0.2309999999999999,-0.176900184575891,-2.775557561562892e-17
0.92,0.2587181560810223,0.2222993393348095,0.2405087477079159,0.2389056384182291,0.231,-0.1996752057747726,0.0
0.92,0.2568757592296274,0.2238773436055055,0.2403765514175665,0.2158484357439207,0.2309999999999999,-0.1809415364758866,-2.775557561562892e-17
0.92,0.2581747977863378,0.223080054517762,0.2406274261520499,0.2256732702566761,0.231,-0.1923298463154825,0.0
0.92,0.2579483265396562,0.2236211123630304,0.2407847194513433,0.2149573687804245,0.231,-0.1880278998439344,2.775557561562892e-17
0.92,0.2583080032321342,0.22224497811908,0.2402764906756071,0.2427700353332483,0.231,-0.1978499397712154,0.0
0.92,0.2589548225297351,0.2227068175435656,0.2408308200366503,0.2287900385027716,0.231,-0.1985534428883011,0.0
0.92,0.2580331670668324,0.2231572034579394,0.2405951852623858,0.224876841540825,0.231,-0.1911451260670522,0.0
0.92,0.2573818270682522,0.2242179280941936,0.2407998775812229,0.2045016453316125,0.2309999999999999,-0.1816318506725021,-2.775557561562892e-17
0.92,0.2582268540580106,0.2236971779241088,0.2409620159910597,0.2114940796887808,0.231,-0.1890444404146509,0.0
0.92,0.2564551783550011,0.2249690120192879,0.2407120951871445,0.1915440551386338,0.231,-0.1724652020269352,0.0
0.92,0.2576383206174978,0.2240664681235329,0.2408523943705154,0.2065281288160506,0.231,-0.1838443015822148,0.0
0.92,0.25653103890778,0.2250342189544427,0.2407826289311114,0.1894089960318399,0.231,-0.1724890486721151,2.775557561562892e-17
0.92,0.2587129383872172,0.2230903822864351,0.2409016603368262,0.22203958893874,0.231,-0.1950781835717687,0.0
0.92,0.2584596640573858,0.2223109559430381,0.240385310000212,0.2403694214873782,0.231,-0.1982597391778076,0.0
0.92,0.2598628037005671,0.2227369268755272,0.2412998652880471,0.2225691035773646,0.2309999999999999,-0.2031057378086209,-2.775557561562892e-17
0.92,0.2576473922563717,0.2238204120711543,0.240733902163763,0.2122444241115917,0.231,-0.1853075332573588,2.775557561562892e-17
0.92,0.2589976435269385,0.2225980875837017,0.2407978655553201,0.230824585591117,0.231,-0.1994047887845029,0.0
0.92,0.2586957663024979,0.2238425097077378,0.2412691380051178,0.2053607321543161,0.231,-0.1906543390372856,0.0
0.92,0.2578858846684881,0.2236315761011131,0.2407587303848006,0.2151094039569915,0.231,-0.1876413863575317,0.0
0.92,0.2597744686327023,0.2217245438681752,0.2407495062504387,0.2437706825762767,0.231,-0.208503614539107,2.775557561562892e-17
0.92,0.254997357613236,0.2261440176404226,0.2405706876268293,0.168298795361399,0.231,-0.1580791620626713,0.0
0.92,0.259004931108142,0.2227819874421513,0.2408934592751466,0.2268731286343386,0.231,-0.1983803649180997,2.775557561562892e-17
0.92,0.259485563911277,0.2218937567160526,0.2406896603136648,0.2422401039847906,0.231,-0.2060203224628536,2.775557561562892e-17
0.92,0.2592542526703955,0.2226305531496799,0.2409424029100377,0.2285254346188054,0.231,-0.2005538359882741,0.0
0.92,0.2589887780590727,0.2224233633498285,0.2407060707044506,0.2345559791505166,0.231,-0.2003685626447835,0.0
0.92,0.2580414046069386,0.2229297876093848,0.2404855961081617,0.229844509615648,0.2309999999999999,-0.1925004563733805,-2.775557561562892e-17
0.92,0.2591046122836655,0.222110636052696,0.2406076241681807,0.2402922003248267,0.231,-0.2027811404362431,2.775557561562892e-17
0.92,0.2581066688947084,0.2234689850669127,0.2407878269808105,0.2174225901052843,0.2309999999999999,-0.1897314191939023,-2.775557561562892e-17
0.92,0.2563523018082836,0.2257470656394512,0.2410496837238674,0.1716351519580245,0.231,-0.1674686934501719,0.0
0.92,0.2596165252658471,0.2223118604123649,0.240964192839106,0.2328968675032619,0.2309999999999999,-0.2042818006065645,-2.775557561562892e-17
0.92,0.2561988371639906,0.2254659314002892,0.2408323842821399,0.1800698131917969,0.231,-0.1682726852965437,0.0
0.92,0.2573665276750742,0.2236921939057727,0.2405293607904234,0.2170141254847729,0.231,-0.1845767577208985,0.0
0.92,0.2589692545418322,0.2222926340862472,0.2406309443140397,0.2374091670822641,0.2309999999999999,-0.2010228616959295,-2.775557561562892e-17
0.92,0.2595167743830435,0.2223251428350541,0.2409209586090488,0.2332475560732647,0.231,-0.2036859587095685,0.0
0.92,0.2591967704989656,0.2229511988923564,0.241073984695661,0.2220630204153239,0.231,-0.1984027091257401,0.0
0.92,0.2573634167543382,0.2243807118162124,0.2408720642852753,0.2006896704259119,0.2309999999999999,-0.1805999310545081,-2.775557561562892e-17
0.92,0.2590748487783335,0.2224897723682617,0.2407823105732975,0.232614728922514,0.231,-0.2004330664861657,2.775557561562892e-17
0.92,0.2581534505837463,0.2233618863851109,0.2407576684844286,0.2195392415035092,0.2309999999999999,-0.1905929913568138,-2.775557561562892e-17
0.92,0.258108774868628,0.2235038137892671,0.2408062943289476,0.2166217206123003,0.231,-0.1895417217471522,0.0
0.92,0.2587054347633719,0.222907002212675,0.2408062184880235,0.226071288899698,0.231,-0.1960974041420391,0.0
0.92,0.2587532173614688,0.2232377588238602,0.2409954880926645,0.2185595088944169,0.231,-0.1944380899726818,0.0
0.92,0.2591905799212922,0.2221820772585603,0.2406863285899262,0.238267481983794,0.231,-0.2028154723540811,2.775557561562892e-17
0.92,0.2594751792870304,0.221157606031586,0.2403163926593082,0.256863708533929,0.231,-0.210235008002086,2.775557561562892e-17
0.92,0.2572009639409487,0.224377540948192,0.2407892524445704,0.2017601593005508,0.231,-0.1797680046317717,2.775557561562892e-17
0.92,0.2586390498244791,0.2229058979295998,0.2407724738770394,0.2265152006241038,0.231,-0.1957575932278017,0.0
0.92,0.2576322634663945,0.2229659525971879,0.2402991080317912,0.2317537459674888,0.231,-0.1901535981603304,2.775557561562892e-17
0.92,0.2596084213831664,0.2218943627728219,0.2407513920779941,0.241438804591572,0.2309999999999999,-0.2066560878126655,-2.775557561562892e-17
0.92,0.2589940849005357,0.2229061600473161,0.2409501224739259,0.2242811130206008,0.231,-0.1976068546441167,0.0
0.92,0.2564342110823527,0.2250419627535629,0.2407380869179578,0.1897932631022469,0.231,-0.1719368937446002,0.0
0.92,0.2598159036752565,0.2217064343673675,0.240761169021312,0.2438649973724158,0.2309999999999999,-0.2088240310240723,-2.775557561562892e-17
0.92,0.2585099465231649,0.2232421072976474,0.2408760269104061,0.2199707402754486,0.231,-0.1931442675502612,2.775557561562892e-17
0.92,0.2591561417703703,0.222761820589531,0.2409589811799506,0.2263589247765985,0.231,-0.1992845676150603,0.0
0.92,0.2558075945232272,0.2252058648728448,0.240506729698036,0.189340118789096,0.231,-0.1677083901881739,0.0
0.92,0.2561660753944607,0.2248280889041451,0.2404970821493029,0.1969466384753898,0.231,-0.1717569405223851,0.0
0.92,0.2597494341818473,0.2219873243836228,0.240868379282735,0.2386698112085081,0.2309999999999999,-0.2068512540570724,-2.775557561562892e-17
0.92,0.2592882996187767,0.2224317392277472,0.2408600194232619,0.2324758653913406,0.231,-0.2018802581536203,2.775557561562892e-17
0.92,0.26107774184428,0.2211586984289788,0.2411182201366294,0.2465314979779533,0.2309999999999999,-0.2185522758960036,-2.775557561562892e-17
0.92,0.2610960118619195,0.2209111742575057,0.2410035930597126,0.2510605079908582,0.231,-0.2200845804658528,0.0
0.92,0.2609233875776605,0.2201325304526485,0.2405279590151545,0.2664192496383661,0.2309999999999999,-0.223719462363928,-2.775557561562892e-17
0.92,0.2596631731920272,0.2220962216508254,0.2408796974214263,0.2370109360459906,0.231,-0.2057721689089671,0.0
0.92,0.2573895474855562,0.2238161233532043,0.2406028354193802,0.2139750958518766,0.2309999999999999,-0.1839836787624074,-2.775557561562892e-17
0.92,0.2586443386472417,0.2237474042545575,0.2411958714508996,0.2078290219946342,0.231,-0.1909336443534417,0.0
0.92,0.2593018555013919,0.2224038870140184,0.2408528712577052,0.2329698175367879,0.231,-0.2021118829740249,0.0
0.92,0.2584897228218962,0.2233681705341693,0.2409289466780327,0.2172976126826138,0.231,-0.1923119178190573,0.0
0.92,0.2601733298139481,0.2209928503401291,0.2405830900770386,0.2554116180879766,0.231,-0.2148220069813036,2.775557561562892e-17
0.92,0.2583556502923536,0.2225351683459643,0.2404454093191589,0.2363126120610148,0.231,-0.1964205713178293,2.775557561562892e-17
0.92,0.2596367598061614,0.2217596929515364,0.2406982263788489,0.2439551901927507,0.2309999999999999,-0.2075836686710699,-2.775557561562892e-17
0.92,0.2594149337356343,0.2222941452049115,0.2408545394702729,0.2345277441475449,0.231,-0.2033352273782358,0.0
0.92,0.259769273203164,0.2209255560893482,0.2403474146462561,0.2593583894438506,0.231,-0.2131127059435045,0.0
0.92,0.2604116465985249,0.2213945378395942,0.2409030922190595,0.2461859032086071,0.231,-0.2137279844521968,2.775557561562892e-17
0.92,0.2595000431586567,0.2218379738247423,0.2406690084916995,0.2432693247422641,0.231,-0.2064187880890264,0.0
0.92,0.2588562649889387,0.2228773348746864,0.2408667999318125,0.2257617194152194,0.2309999999999999,-0.197055021150204,-2.775557561562892e-17
0.92,0.2596901647107668,0.2223792933320928,0.2410347290214298,0.2310507996560637,0.231,-0.204274880528084,0.0
0.92,0.2579424435707776,0.2236211238529001,0.2407817837118389,0.2149939515075314,0.231,-0.1879970986848262,2.775557561562892e-17
0.92,0.2591092822908186,0.2227410707840159,0.2409251765374173,0.2270919815355562,0.231,-0.1991603349184241,0.0
0.92,0.2580169816533316,0.2236834426416285,0.24085021214748,0.2131023357620531,0.231,-0.1880275684278163,0.0
0.92,0.2601708625088856,0.2217812593601129,0.2409760609344992,0.2401363880778182,0.231,-0.2102353787846431,0.0
0.92,0.2599211648468129,0.2209944788271482,0.2404578218369805,0.2570350110923199,0.231,-0.2135020732309547,0.0
0.92,0.2613125881764691,0.2214414020293834,0.2413769951029262,0.2397369853847522,0.2309999999999999,-0.2181287581175792,-2.775557561562892e-17
0.92,0.2591151420593399,0.2224946607286448,0.2408049013939924,0.2322563484228704,0.231,-0.2006147076849214,2.775557561562892e-17
0.92,0.2604515326388163,0.221289713011887,0.2408706228253517,0.2479529061881423,0.231,-0.2145432793716948,0.0
0.92,0.2601535264395469,0.2225281803547953,0.2413408533971711,0.2251625706278368,0.231,-0.2058228982416539,2.775557561562892e-17
0.92,0.2593524936071467,0.2223084614847982,0.2408304775459724,0.2346272264988722,0.231,-0.2029273852413098,0.0
0.92,0.2612244995089202,0.2204356986480496,0.2408300990784849,0.259000047292022,0.231,-0.2235152417787407,2.775557561562892e-17
0.92,0.256513008847903,0.2247528026654917,0.2406329057566973,0.1966988910156377,0.231,-0.1740089104796636,0.0
0.92,0.2604601202365574,0.2214759479485523,0.2409680340925548,0.2443056115463074,0.231,-0.2135074411890811,0.0
0.92,0.2609362506178891,0.2205979036155702,0.2407670771167296,0.2578711612509016,0.2309999999999999,-0.2210774243384108,-2.775557561562892e-17
0.92,0.2607082252839398,0.22133165549018,0.2410199403870598,0.245535468438701,0.231,-0.2156321343556997,0.0
0.92,0.2604435280171405,0.2211133777670667,0.2407784528921036,0.2513751452783924,0.231,-0.2155253113613326,2.775557561562892e-17
0.92,0.2595061057981153,0.221607225368657,0.2405566655833862,0.2478377863648465,0.231,-0.2077875319487432,0.0
0.92,0.2605566209240444,0.2208021364692588,0.2406793786966516,0.2565210861265125,0.2309999999999999,-0.2179204997017341,-2.775557561562892e-17
0.92,0.2595724553272938,0.2221501420824645,0.2408612987048791,0.236486126863317,0.231,-0.2049881443975811,0.0
0.92,0.2578426443060041,0.2243971670353539,0.241119905670679,0.1974208025561741,0.231,-0.1830112297335298,2.775557561562892e-17
0.92,0.2610672660478615,0.2210130949901327,0.2410401805189971,0.2493349567882327,0.2309999999999999,-0.2193434873201969,-2.775557561562892e-17
0.92,0.2576892873444202,0.2241064350190178,0.240897861181719,0.2052703836525473,0.231,-0.1838808977177839,2.775557561562892e-17
0.92,0.2588396141176193,0.2223556270461637,0.2405976205818915,0.2369360820380149,0.2309999999999999,-0.1999828640223979,-2.775557561562892e-17
0.92,0.2604235380417573,0.2209821631097449,0.240702850575751,0.2539930950055242,0.231,-0.2161835788977422,0.0
0.92,0.2609671593475532,0.2210261381570493,0.2409966487523012,0.2497147430302063,0.2309999999999999,-0.2187487389821232,-2.775557561562892e-17
0.92,0.2606500077596706,0.2216449089598731,0.2411474583597718,0.2398427725601729,0.2309999999999999,-0.2135133728296798,-2.775557561562892e-17
0.92,0.2588331725817401,0.2230420227380105,0.2409375976598753,0.2223448337573788,0.231,-0.1959840637945378,0.0
0.92,0.2605273197407363,0.2211854076959699,0.2408563637183531,0.2494691232307744,0.231,-0.2155421035843545,2.775557561562892e-17
0.92,0.2596156860779437,0.2220465399598293,0.2408311130188865,0.2383194979204938,0.231,-0.2058127155390146,0.0
0.92,0.2595724471017039,0.2221853533673179,0.2408789002345109,0.2357670990771598,0.2309999999999999,-0.2047843434843579,-2.775557561562892e-17
0.92,0.260161899725555,0.2215946944817737,0.2408782971036643,0.24386795617613,0.2309999999999999,-0.2112700836863237,-2.775557561562892e-17
0.92,0.2602087082131706,0.2219242938728993,0.2410665010430349,0.2370600747979563,0.231,-0.209603447578943,0.0
0.92,0.2606445343921619,0.2208800933078063,0.2407623138499841,0.2544963896443422,0.231,-0.2179236954404109,2.775557561562892e-17
0.92,0.2609232084265976,0.2198583525159689,0.2403907804712833,0.2713183143337731,0.231,-0.2253163308193129,0.0
0.92,0.2586760805691283,0.2230461197050333,0.2408611001370808,0.2232357292028889,0.231,-0.1951413843819907,0.0
0.92,0.260100566389787,0.2215952682864156,0.2408479173381013,0.2442451344834784,0.231,-0.2109480810758175,0.0
0.92,0.2590969182132393,0.2216388362264908,0.240367877219865,0.2499103872115194,0.231,-0.205473814369498,0.0
0.92,0.2610585588442888,0.2205999385266743,0.2408292486854815,0.2570542789566598,0.231,-0.2216997120139909,0.0
0.92,0.260449151034416,0.2216039547087418,0.2410265528715789,0.2418843558540085,0.231,-0.2127082529350323,2.775557561562892e-17
0.92,0.2579195333571215,0.223688555996219,0.2408040446766702,0.2135914474978406,0.231,-0.1874890428258184,0.0
0.92,0.2612644264396512,0.220410925159868,0.2408376757997596,0.25919626246018,0.231,-0.2238662902142467,0.0
0.92,0.2599690270558339,0.2219301367265898,0.2409495818912118,0.2384365893669968,0.231,-0.2083241423432245,0.0
0.92,0.2606095325928974,0.2214599403978506,0.241034736495374,0.2436822216338796,0.2309999999999999,-0.2143758195765834,-2.775557561562892e-17
0.92,0.2573083585727996,0.2238369101214822,0.2405726343471409,0.214005972551087,0.231,-0.1834392227712564,0.0
0.92,0.2576650155959699,0.2234569420125931,0.2405609788042815,0.2205051965005242,0.2309999999999999,-0.1874930994843608,-2.775557561562892e-17
0.92,0.261198601824493,0.2206934849199613,0.2409460433722272,0.2544497058070598,0.2309999999999999,-0.2218815519066455,-2.775557561562892e-17
0.92,0.2607376903784629,0.2211344323174881,0.2409360613479755,0.2491100016903273,0.231,-0.2169297271491623,2.775557561562892e-17
0.75,0.2335925581123551,0.2476248336498375,0.2406086958810963,1.0,0.2335925581123551,0.0768152860139892,0.0025925581123551
0.75,0.2336516503907734,0.247344151245195,0.2404979008179842,1.0,0.2336516503907734,0.0749781068028219,0.0026516503907734
0.75,0.2334560606110344,0.2466488508346243,0.2400524557228293,1.0,0.2334560606110344,0.07233235515291,0.0024560606110343
0.75,0.2319025387977691,0.2490246297178867,0.2404635842578279,1.0,0.2319025387977691,0.093778386461317,0.000902538797769
0.75,0.2289339627265693,0.2518988976349192,0.2404164301807442,0.9100351347967685,0.231,0.1258301064761025,0.0
0.75,0.2304863276172847,0.2513020395656604,0.2408941835914725,0.9753228530453708,0.231,0.1138870920019679,0.0
0.75,0.2314510860368301,0.2495493300592537,0.2405002080480419,1.0,0.2314510860368301,0.0991183417840748,0.0004510860368301
0.75,0.2304368747713301,0.2507468612034711,0.2405918679874006,0.97227348080456,0.231,0.1112130349246722,0.0
0.75,0.2325847581937078,0.2476373766533412,0.2401110674235245,1.0,0.2325847581937078,0.0825203948554575,0.0015847581937077
0.75,0.2302018470754306,0.2500534198958571,0.2401276334856439,0.959793970392709,0.231,0.108844418536778,0.0
0.75,0.2319028622970249,0.2487318276973027,0.2403173449971638,1.0,0.2319028622970249,0.0922102634497952,0.0009028622970248
0.75,0.2315683686681537,0.2494227079722683,0.240495538320211,1.0,0.2315683686681537,0.0977828826533353,0.0005683686681537
0.75,0.2320511520080087,0.2478513034219344,0.2399512277149715,1.0,0.2320511520080087,0.0866602407487389,0.0010511520080087
0.75,0.2327798458394935,0.2481769838215849,0.2404784148305392,1.0,0.2327798458394935,0.0843218443896187,0.0017798458394935
0.75,0.2316637365840582,0.2488077760173589,0.2402357563007086,1.0,0.2316637365840582,0.0939596094198276,0.0006637365840582
0.75,0.2308479357648769,0.2503335269576908,0.2405907313612839,0.9921960676677276,0.231,0.1066952173130988,0.0
0.75,0.231930156738042,0.2493012193527743,0.2406156880454082,1.0,0.231930156738042,0.0951017942946901,0.000930156738042
0.75,0.2296387342108476,0.2512991854325428,0.2404689598216952,0.9371543198606612,0.231,0.118656973860896,0.0
0.75,0.2311849759062299,0.2498571842802864,0.2405210800932581,1.0,0.2311849759062299,0.1022581305368983,0.0001849759062299
0.75,0.2297341004971664,0.2514197744811811,0.2405769374891738,0.9416250791298112,0.231,0.1187587945878729,0.0
0.75,0.2325190483695362,0.2485046746324145,0.2405118615009753,1.0,0.2325190483695362,0.0875381782747894,0.0015190483695362
0.75,0.2321991033181333,0.2478705797672845,0.2400348415427088,1.0,0.2321991033181333,0.085933586505734,0.0011991033181332
0.75,0.2338216957905466,0.247863470135244,0.2408425829628953,1.0,0.2338216957905466,0.076816282454287,0.0028216957905466
0.75,0.231258017597508,0.2495993107405773,0.2404286641690426,1.0,0.231258017597508,0.100470902008924,0.000258017597508
0.75,0.2328774366588357,0.2479836886556515,0.2404305626572436,1.0,0.2328774366588357,0.0827392502288724,0.0018774366588356
0.75,0.2325146314461019,0.2493464316702206,0.2409305315581613,1.0,0.2325146314461019,0.0920652313709224,0.0015146314461019
0.75,0.2315215677055719,0.2493499169863337,0.2404357423459527,1.0,0.2315215677055719,0.0976570543090435,0.0005215677055718
0.75,0.2337340465097996,0.2467193038635433,0.2402266751866715,1.0,0.2337340465097996,0.071158731669521,0.0027340465097996
0.75,0.2274638811673618,0.2535909631986431,0.2405274221830024,0.8646569552464946,0.231,0.1431361329727605,0.0
0.75,0.2328693585912064,0.248118451220908,0.2404939049060572,1.0,0.2328693585912064,0.0835069724751442,0.0018693585912064
0.75,0.2334356787134911,0.2470224961327286,0.2402290874231099,1.0,0.2334356787134911,0.0744560950275272,0.0024356787134911
0.75,0.2331322541676041,0.247838315122601,0.2404852846451026,1.0,0.2331322541676041,0.0805337201202343,0.0021322541676041
0.75,0.2328659637692688,0.2478363205284847,0.2403511421488768,1.0,0.2328659637692688,0.0820130860042727,0.0018659637692688
0.75,0.2317177132206998,0.248625031455803,0.2401713723382514,1.0,0.2317177132206998,0.0926783932605677,0.0007177132206998
0.75,0.2330338546318447,0.2474736969727687,0.2402537758023067,1.0,0.2330338546318447,0.0791272708110806,0.0020338546318446
0.75,0.2317590875661634,0.2491007671711871,0.2404299273686752,1.0,0.2317590875661634,0.0949909921455243,0.0007590875661634
0.75,0.2294716264525311,0.2521395292381963,0.2408055778453637,0.9325754322347184,0.231,0.1240632866669888,0.0
0.75,0.233564920133513,0.247507474295121,0.240536197214317,1.0,0.233564920133513,0.0763396456308793,0.002564920133513
0.75,0.2293074288007645,0.2520416201081162,0.2406745244544403,0.9255495312609544,0.231,0.1244728650951201,0.0
0.75,0.2308635133320379,0.249692921664403,0.2402782174982204,0.9927514096272732,0.231,0.1031910441574732,0.0
0.75,0.2328531470192706,0.2477020864831658,0.2402776167512182,1.0,0.2328531470192706,0.0813646154008715,0.0018531470192706
0.75,0.233476629894889,0.2475025008073099,0.2404895653510994,1.0,0.233476629894889,0.0768062141683754,0.002476629894889
0.75,0.2331057374460648,0.2482929902701785,0.2406993638581216,1.0,0.2331057374460648,0.0831196019043929,0.0021057374460648
0.75,0.2309315290168583,0.2504220591731732,0.2406767940950158,0.9964869614837296,0.231,0.1066961776506454,0.0
0.75,0.2329975810146836,0.2477778420603335,0.2403877115375085,1.0,0.2329975810146836,0.0809627270297197,0.0019975810146836
0.75,0.2318779004265865,0.2489034477267304,0.2403906740766584,1.0,0.2318779004265865,0.0932686151567843,0.0008779004265865
0.75,0.2318050182833023,0.2491190991870947,0.2404620587351985,1.0,0.2318050182833023,0.0948310438803492,0.0008050182833023
0.75,0.2325511862468756,0.2483751084776779,0.2404631473622768,1.0,0.2325511862468756,0.0866641809477415,0.0015511862468756
0.75,0.2326083204139315,0.2487228655960885,0.24066559300501,1.0,0.2326083204139315,0.0882060074792401,0.0016083204139315
0.75,0.2330774627991473,0.247446735613371,0.2402620992062591,1.0,0.2330774627991473,0.0787385169136751,0.0020774627991473
0.75,0.2334807155317978,0.2463348718311846,0.2399077936814912,1.0,0.2334807155317978,0.0705041077463235,0.0024807155317978
0.75,0.2306441399674644,0.2503203678599592,0.2404822539137118,0.9819142147326264,0.231,0.1077732270482574,0.0
0.75,0.23238258092507,0.2483459822955851,0.2403642816103275,1.0,0.23238258092507,0.0874531161973941,0.00138258092507
0.75,0.2313045542411438,0.2487415384733107,0.2400230463572273,1.0,0.2313045542411438,0.0956242031569842,0.0003045542411438
0.75,0.2335715642924958,0.246981740876753,0.2402766525846244,1.0,0.2335715642924958,0.0734777478923798,0.0025715642924957
0.75,0.2328641108788997,0.2481727477823767,0.2405184293306382,1.0,0.2328641108788997,0.0838273745571795,0.0018641108788997
0.75,0.229658863155528,0.2514645079810421,0.2405616855682851,0.9384958869502126,0.231,0.1194216853545295,0.0
0.75,0.2337990635506859,0.2468179843216829,0.2403085239361844,1.0,0.2337990635506859,0.0713266508998231,0.0027990635506859
0.75,0.2322961954679982,0.2487168386963281,0.2405065170821632,1.0,0.2322961954679982,0.0899231546004364,0.0012961954679981
0.75,0.2330590183065318,0.2480315860412257,0.2405453021738787,1.0,0.2330590183065318,0.081979913288962,0.0020590183065318
0.75,0.2286660080860403,0.2520466747206007,0.2403563414033205,0.9001742785849561,0.231,0.1281327247803805,0.0
0.75,0.2290412132702823,0.2517190118633618,0.240380112566822,0.913625358225227,0.231,0.1242678329424622,0.0
0.75,0.2337204125799403,0.2470852068865596,0.2404028097332499,1.0,0.2337204125799403,0.0732026962695471,0.0027204125799402
0.75,0.2332668520406969,0.2475844744935014,0.2404256632670992,1.0,0.2332668520406969,0.0784188412685751,0.0022668520406969
0.91,0.2589956211182561,0.223025377920275,0.2410104995192655,0.2217005327384761,0.231,-0.1969267410766106,0.0
0.91,0.2590167870995224,0.2227760454669979,0.2408964162832602,0.2269256688064411,0.231,-0.1984764564649894,0.0
0.91,0.2588426177454359,0.2220036508149773,0.2404231342802066,0.2442074231344542,0.231,-0.2020352338136506,2.775557561562892e-17
0.91,0.2575618307921838,0.2239928738012387,0.2407773522967112,0.2087382756828401,0.231,-0.1838676828710059,2.775557561562892e-17
0.91,0.2552455157206921,0.2257809699190915,0.2405132428198918,0.1771291543419942,0.231,-0.1614607244168742,0.0
0.91,0.256518124275627,0.225680202343203,0.241099163309415,0.1725083054705947,0.231,-0.1687209336600483,2.775557561562892e-17
0.91,0.2571944199579045,0.2243146267971416,0.240754523377523,0.2033277146900181,0.231,-0.1800952959605726,2.775557561562892e-17
0.91,0.2563689184839651,0.2252919641235013,0.2408304413037332,0.1836742368731099,0.2309999999999999,-0.1701614923798293,-2.775557561562892e-17
0.91,0.2580836930150065,0.2228721857291669,0.2404779393720867,0.2308283540620169,0.2309999999999999,-0.1930538658576981,-2.775557561562892e-17
0.91,0.2562303714435469,0.2244660414954151,0.240348206469481,0.205701128128761,0.231,-0.1741729183438403,0.0
0.91,0.2575373472153534,0.223659051196168,0.2405981992057607,0.216685892338704,0.231,-0.1856611684688969,0.0
0.91,0.2573088159028401,0.2242030304730059,0.240755923187923,0.2053106258844054,0.231,-0.1813354786637377,0.0
0.91,0.2576708592963155,0.2228235175272784,0.2402471884117969,0.2346371934741567,0.231,-0.1911777014782643,0.0
0.91,0.2583196229433684,0.2232822288670939,0.2408009259052312,0.2202724071346421,0.231,-0.191919759023996,0.0
0.91,0.2573935592590703,0.2237357364085649,0.2405646478338176,0.2158269007386505,0.2309999999999999,-0.1844674584572039,-2.775557561562892e-17
0.91,0.2567388779853192,0.2248058987646,0.2407723883749596,0.1939719182662732,0.231,-0.1748881970855071,0.0
0.91,0.2575888147576742,0.2242750904446273,0.2409319526011507,0.2018660385185147,0.231,-0.1823859032461268,0.0
0.91,0.2558065569219171,0.2255602849196646,0.2406834209207909,0.1798474562395739,0.2309999999999999,-0.1656728741560165,-2.775557561562892e-17
0.91,0.2569969150920412,0.2246477359411961,0.2408223255166187,0.1963655408127387,0.231,-0.1771477876675538,2.775557561562892e-17
0.91,0.2558829895047376,0.2256267533137563,0.2407548714092469,0.1775913782642047,0.231,-0.165693861342836,0.0
0.91,0.2580772596052471,0.2236644209320151,0.2408708402686311,0.2131640210689979,0.2309999999999999,-0.1884519478856612,-2.775557561562892e-17
0.91,0.2578224194866495,0.2228882231522163,0.2403553213194329,0.2322016161507705,0.231,-0.1915963026441791,0.0
0.91,0.2592306881760549,0.2233049632306513,0.2412678257033531,0.2141929433864675,0.231,-0.1965384963769212,0.0
0.91,0.2570073966974624,0.2244018062664321,0.2407046014819472,0.2023638782902837,0.231,-0.1786151474857245,0.0
0.91,0.2583637276427766,0.2231717725737046,0.2407677501082406,0.2224436639263353,0.231,-0.1927869640131392,2.775557561562892e-17
0.91,0.2580601739101197,0.2244188154158213,0.2412394946629705,0.195627789088661,0.231,-0.1840232930740661,0.0
0.91,0.2572463938063503,0.2242118003031531,0.2407290970547517,0.2054876109248885,0.231,-0.1809583890574013,2.775557561562892e-17
0.91,0.2591422528240244,0.222289650643307,0.2407159517336657,0.2363564264466126,0.2309999999999999,-0.2019414060638118,-2.775557561562892e-17
0.91,0.2543360767682515,0.2267546312175779,0.2405453539929147,0.1539211849727859,0.231,-0.1511094448210275,0.0
0.91,0.2583704605272344,0.2233546461457651,0.2408625533364998,0.218340026907409,0.231,-0.1917675694459144,0.0
0.91,0.2588530650673682,0.2224619332377611,0.2406574991525647,0.2346194342681163,0.231,-0.1994382889005692,0.0
0.91,0.2586203004147441,0.2232000943447608,0.2409101973797525,0.2202106232761073,0.231,-0.1939621976480601,0.0
0.91,0.2583545046530076,0.2229977531967058,0.2406761289248567,0.2263286776553646,0.231,-0.1937428768414404,2.775557561562892e-17
0.91,0.2574027559961627,0.2235097494832779,0.2404562527397203,0.2209969338032786,0.231,-0.1858172235853901,0.0
0.91,0.2584715401882754,0.2226843386979714,0.2405779394431234,0.2323641121891456,0.231,-0.196163326898153,0.0
0.91,0.2574675402307299,0.2240473310678181,0.240757435649274,0.2080378641046218,0.2309999999999999,-0.1830612639538047,-2.775557561562892e-17
0.91,0.2557023256702895,0.226339254217744,0.2410207899440168,0.1587281422445311,0.231,-0.1606713888357218,0.0
0.91,0.2589840020560846,0.2228813293434052,0.2409326656997449,0.2248772749099954,0.231,-0.1976976705266966,0.0
0.91,0.2555488016093969,0.2260623183124978,0.2408055599609473,0.1674557673692287,0.2309999999999999,-0.1614467450055068,-2.775557561562892e-17
0.91,0.2567241765407972,0.2242783438847295,0.2405012602127634,0.2071654682597105,0.2309999999999999,-0.1778409384548573,-2.775557561562892e-17
0.91,0.258335182570776,0.2228672144531278,0.2406011985119519,0.2292994490097521,0.231,-0.1943955741332874,0.0
0.91,0.2588844137357347,0.22289468202833,0.2408895478820324,0.2252119587210571,0.231,-0.1971015866275596,0.0
0.91,0.2585631649528186,0.2235239703834293,0.2410435676681239,0.2133619139494102,0.2309999999999999,-0.1917971573624031,-2.775557561562892e-17
0.91,0.2567225353466393,0.2249677938168547,0.240845164581747,0.1899623770354828,0.231,-0.1738737908602408,2.775557561562892e-17
0.91,0.2584415777576899,0.2230616733958335,0.2407516255767617,0.2243738853269749,0.231,-0.1938283937979203,0.0
0.91,0.2575158831065979,0.2239386656676487,0.2407272743871233,0.2103013552326157,0.231,-0.1839392768806493,0.0
0.91,0.2574705771529901,0.2240819786428303,0.2407762778979102,0.2071971171555638,0.231,-0.1828778645054614,0.0
0.91,0.258070413182866,0.2234824263706209,0.2407764197767435,0.2173463772316937,0.231,-0.1894646172397114,2.775557561562892e-17
0.91,0.2581186077120014,0.2238136794858312,0.2409661435989163,0.2094836189946181,0.231,-0.1878084947755784,2.775557561562892e-17
0.91,0.2585566477124591,0.2227529689007723,0.2406548083066157,0.2303403273893668,0.231,-0.1962108819946737,0.0
0.91,0.2588438503465403,0.2217272453165342,0.2402855478315373,0.2498276627393427,0.231,-0.2036426994676463,0.0
0.91,0.2565577037763965,0.2249614971332196,0.240759600454808,0.1911148048553593,0.231,-0.1730458989374719,0.0
0.91,0.2580018063167841,0.2234805941049495,0.2407412002108668,0.2178198682279365,0.231,-0.1891168281071429,0.0
0.91,0.2569936266870627,0.2235478970012392,0.240270761844151,0.2228117929781461,0.231,-0.1834559253545737,0.0
0.91,0.2589761669323272,0.2224618921418086,0.2407190295370679,0.2338293148960034,0.231,-0.2000800902459261,0.0
0.91,0.2583596727258337,0.2234771471908887,0.2409184099583612,0.2156625041835035,0.231,-0.1910052164809355,0.0
0.91,0.2557864458728526,0.2256356325626456,0.2407110392177491,0.1779178353221527,0.231,-0.1651359406442056,2.775557561562892e-17
0.91,0.2591843399773175,0.2222744402129013,0.2407293900951094,0.2364016115673868,0.231,-0.2022485989213751,0.0
0.91,0.257873764729511,0.223817403114186,0.2408455839218485,0.2109032364332754,0.2309999999999999,-0.18650806710459,-2.775557561562892e-17
0.91,0.2585224653247045,0.2233326789347953,0.2409275721297499,0.2178848425008716,0.231,-0.1926873395602562,0.0
0.91,0.2551529703778483,0.2258065024898082,0.2404797364338283,0.1769718090097074,0.231,-0.1608277714690296,2.775557561562892e-17
0.91,0.2555122299293083,0.2254296854222267,0.2404709576757675,0.1851676667996606,0.231,-0.1648739989845837,0.0
0.91,0.259117587947007,0.2225546291706319,0.2408361085588194,0.2309816030212802,0.231,-0.2002808248239806,0.0
0.91,0.2586563737687185,0.2230005479602101,0.2408284608644643,0.2243518936499001,0.2309999999999999,-0.1953016041455044,-2.775557561562892e-17
0.9,0.2569018269868906,0.2249239241302595,0.240912875558575,0.1900085786420019,0.231,-0.1750648060916591,0.0
0.9,0.2569259317281669,0.2246726726942167,0.2407993022111918,0.1961763708629589,0.231,-0.1766328551489702,0.0
0.9,0.2567501793013699,0.2239065597510305,0.2403283695262002,0.2159762031738728,0.231,-0.180115431288411,0.0
0.9,0.2554484403145911,0.225922310155318,0.2406853752349545,0.1719727515015132,0.231,-0.1617195495130927,2.775557561562892e-17
0.9,0.2530878343152101,0.2277815377182148,0.2404346860167124,0.1271802956015036,0.231,-0.1386694947233435,0.0
0.9,0.2543790060212804,0.2276475098274599,0.2410132579243701,0.1254134878284545,0.2309999999999999,-0.1462505006097525,-2.775557561562892e-17
0.9,0.2550747992760632,0.2262585562927788,0.240666677784421,0.1645406623608623,0.2309999999999999,-0.1578323870041413,-2.775557561562892e-17
0.9,0.2542355644076143,0.2272496797124776,0.2407426220600459,0.1389734051668238,0.231,-0.1477581476435296,2.775557561562892e-17
0.9,0.255982273647958,0.2247836040588022,0.2403829388533801,0.1992519560307945,0.231,-0.1710473694979077,2.775557561562892e-17
0.9,0.2540921091827917,0.2264312702224226,0.2402616897026071,0.1651696025606177,0.231,-0.1516677795139824,0.0
0.9,0.255425910584711,0.2255912920601784,0.2405086013224447,0.1812896630595112,0.231,-0.1634948874098434,0.0
0.9,0.2551903992223375,0.2261451358149512,0.2406677675186443,0.1671482236864206,0.231,-0.1590886688791357,2.775557561562892e-17
0.9,0.2555604595253409,0.224754034273974,0.2401572468996574,0.2027487991567233,0.2309999999999999,-0.1690011041340398,-2.775557561562892e-17
0.9,0.2562156874664281,0.2252023235550266,0.2407090055107273,0.1869412315779771,0.231,-0.1698712472889367,2.775557561562892e-17
0.9,0.2552749124616718,0.225666573891557,0.2404707431766144,0.1801325696074787,0.231,-0.1622699030476468,0.0
0.9,0.2546089673442975,0.2267685449271953,0.2406887561357464,0.1519896145758663,0.2309999999999999,-0.152468506825945,-2.775557561562892e-17
0.9,0.2554754248723799,0.2262037211943719,0.2408395730333759,0.1638537632926221,0.231,-0.1602529789011666,0.0
0.9,0.2536575039455,0.2275344143398534,0.2405959591426767,0.1326636976124543,0.231,-0.1430863022933304,0.0
0.9,0.2548722410985297,0.2265878349761119,0.2407300380373208,0.1559928465456128,0.231,-0.1548861583607861,0.0
0.9,0.2537358095832643,0.2276050725517715,0.2406704410675179,0.1299208454831144,0.231,-0.143097919942311,0.0
0.9,0.2559717395281987,0.2255799839162932,0.2407758617222459,0.1783383675796468,0.231,-0.1664276182325268,0.0
0.9,0.2557116869014922,0.2248145771080978,0.240263132004795,0.2001942231251863,0.231,-0.169448404776354,0.0
0.9,0.2571370308669223,0.2252003227651684,0.2411686768160453,0.1815990933177315,0.231,-0.1747117237369848,0.0
0.9,0.2548874354530642,0.2263421992671861,0.2406148173601252,0.1631726114467467,0.2309999999999999,-0.1563683655533463,-2.775557561562892e-17
0.9,0.2562640613525064,0.2250860448740567,0.2406750531132815,0.1896834947800793,0.2309999999999999,-0.1707915986401653,-2.775557561562892e-17
0.9,0.2559550064582379,0.2263418719976557,0.2411484392279468,0.1572993905303964,0.231,-0.1619836815050146,2.775557561562892e-17
0.9,0.2551281364272464,0.2261482274106512,0.2406381819189488,0.1674184893600052,0.231,-0.1587433955479458,0.0
0.9,0.2570482957916462,0.2241752296491606,0.2406117627204034,0.2076097897670379,0.231,-0.1801316090925602,2.775557561562892e-17
0.9,0.2521438135996437,0.228794863637965,0.2404693386188043,0.0944426351358057,0.231,-0.1279175116749669,2.775557561562892e-17
0.9,0.2562690111345798,0.2252654808147676,0.2407672459746737,0.1849634259737142,0.231,-0.1697891155436233,0.0
0.9,0.2567581840596665,0.2243577420549803,0.2405579630573234,0.2050051645609957,0.2309999999999999,-0.1775628386924341,-2.775557561562892e-17
0.9,0.2565205134493542,0.2251005891859715,0.2408105513176628,0.1877601856890446,0.2309999999999999,-0.1720533238185946,-2.775557561562892e-17
0.9,0.2562537350407354,0.2249143678187135,0.2405840514297244,0.1941849092923023,0.231,-0.1717219452677265,2.775557561562892e-17
0.9,0.2552873344097042,0.2254452128810177,0.240366273645361,0.1861391494449411,0.231,-0.1636024772127937,2.775557561562892e-17
0.9,0.2563747753402266,0.2245985045540672,0.2404866399471469,0.2014552144589922,0.2309999999999999,-0.1741697323045086,-2.775557561562892e-17
0.9,0.2553504980774966,0.2259774675118555,0.240663982794676,0.1709912934220539,0.231,-0.1608891550835356,0.0
0.9,0.2535487273319931,0.2283165914486712,0.2409326593903321,0.1063488467142612,0.231,-0.1380668309532937,0.0
0.9,0.2568890365462918,0.2247815194552558,0.2408352780007738,0.1936767806464961,0.231,-0.1758148427132877,0.0
0.9,0.2533949503562874,0.2280536235371689,0.2407242869467281,0.1162676478568693,0.2309999999999999,-0.1387473049692922,-2.775557561562892e-17
0.9,0.2545962861211263,0.2262346692535762,0.2404154776873512,0.1680204188878962,0.231,-0.1554489467634945,2.775557561562892e-17
0.9,0.2562350710315635,0.2247843676052942,0.2405097193184289,0.1976309499492509,0.231,-0.1723698896673176,0.0
0.9,0.2567900200380579,0.224794952670223,0.2407924863541405,0.1939376235230238,0.231,-0.1752189988303714,2.775557561562892e-17
0.9,0.256464643563062,0.225435193128671,0.2409499183458665,0.1793395240142984,0.2309999999999999,-0.1698431007927177,-2.775557561562892e-17
0.9,0.2545995909633228,0.2269272342277235,0.2407634125955232,0.147178131996145,0.231,-0.1515143101167337,2.775557561562892e-17
0.9,0.2563441659184287,0.224969875788878,0.2406570208536534,0.1921995425624729,0.231,-0.1718779911880332,0.0
0.9,0.2554040693916462,0.2258634248879639,0.240633747139805,0.1738816196578174,0.2309999999999999,-0.1618229903690398,-2.775557561562892e-17
0.9,0.255356659079537,0.226011450886999,0.240684054983268,0.1699953559801106,0.231,-0.1607272776907891,0.0
0.9,0.255967163177362,0.2254025632987558,0.2406848632380589,0.1831346303722467,0.231,-0.1674194821628318,0.0
0.9,0.2560166653325444,0.2257354264631917,0.2408760458978681,0.1738559495376681,0.2309999999999999,-0.1657739137041352,-2.775557561562892e-17
0.9,0.2564569820325624,0.2246579563711423,0.2405574692018523,0.1994414450425164,0.231,-0.1742595431881657,2.775557561562892e-17
0.9,0.2567528946055257,0.2236278111406032,0.2401903528730644,0.2225560840383541,0.231,-0.1817344729119898,0.0
0.9,0.2544266944086013,0.2269107796490995,0.2406687370288504,0.148612916802572,0.2309999999999999,-0.1506968604623819,-2.775557561562892e-17
0.9,0.2558911117453021,0.2253983359297867,0.2406447238375444,0.1837046290604695,0.2309999999999999,-0.1670443264834806,-2.775557561562892e-17
0.9,0.2548782074701675,0.2254899136700024,0.2401840605700849,0.1874925563037163,0.2309999999999999,-0.1611933819618738,-2.775557561562892e-17
0.9,0.2568821172872708,0.2243554498049972,0.240618783546134,0.204280078757652,0.231,-0.1782253398927824,0.0
0.9,0.2562584384076943,0.2253824449477185,0.2408204416777064,0.1819392486775679,0.231,-0.1690635648677059,0.0
0.9,0.2536402695956499,0.2276176590917086,0.2406289643436792,0.1299770024140774,0.231,-0.1425217055719585,0.0
0.9,0.2570925186269366,0.2241695939068682,0.2406310562669024,0.2074665647480669,0.231,-0.1803955645704995,0.0
0.9,0.2557665840424811,0.2257371986194505,0.2407518913309658,0.1752550478942965,0.231,-0.1644503986577947,2.775557561562892e-17
0.9,0.2564236906483859,0.2252376085211219,0.2408306495847539,0.1847744598171381,0.231,-0.1707602299050501,0.0
0.9,0.2529835080116264,0.227812462917513,0.2403979854645697,0.1266350709940311,0.231,-0.1379417231395456,0.0
0.9,0.2533452681614431,0.2274388435275053,0.2403920558444742,0.1374622906408128,0.231,-0.1419801727575655,0.0
0.9,0.257024825052118,0.2244475797005007,0.2407362023763093,0.2011348789247455,0.2309999999999999,-0.1784434374123229,-2.775557561562892e-17
0.9,0.2565634260454434,0.2248984422514091,0.2407309341484263,0.1926910112532688,0.231,-0.1734375846928471,0.0
0.83,0.2433021042086099,0.2378041377081267,0.2405531209583683,0.0,0.2378041377081267,-0.0300959811741199,0.0068041377081267
0.83,0.2433460516725407,0.23753769076175,0.2404418712171453,0.0,0.23753769076175,-0.0318052658925114,0.0065376907617499
0.83,0.2431592493265823,0.2368125541969148,0.2399859017617486,0.0,0.2368125541969148,-0.0347984663426945,0.0058125541969148
0.83,0.2417148170069777,0.239022987593313,0.2403689023001454,0.0,0.239022987593313,-0.0147424639942801,0.0080229875933129
0.83,0.2390284385893208,0.2414172738027988,0.2402228561960598,1.0,0.2390284385893208,0.0130884568772664,0.0080284385893208
0.83,0.240458239170793,0.241037223822326,0.2407477314965595,1.0,0.240458239170793,0.0031675167000477,0.009458239170793
0.83,0.2412978692555349,0.2394624345154043,0.2403801518854696,0.0,0.2394624345154043,-0.0100518428907565,0.0084624345154043
0.83,0.2403618126002097,0.2405610135249352,0.2404614130625725,1.0,0.2403618126002097,0.0010906769436067,0.0093618126002097
0.83,0.2423316402732705,0.2377509445334964,0.2400412924033835,0.0,0.2377509445334964,-0.0251111051052512,0.0067509445334964
0.83,0.2401745467902528,0.2398040574315093,0.239989302110881,0.0,0.2398040574315093,-0.0020312539272251,0.0088040574315093
0.83,0.2417053475414761,0.2387125172533269,0.2402089323974015,0.0,0.2387125172533269,-0.0163984634949228,0.0077125172533269
0.83,0.2414175901616233,0.2393390434213798,0.2403783167915015,0.0,0.2393390434213798,-0.0113833286020541,0.0083390434213797
0.83,0.2418474256505819,0.237855726337872,0.239851575994227,0.0,0.237855726337872,-0.0218939792727999,0.006855726337872
0.83,0.24254534080794,0.2382339444397408,0.2403896426238404,0.0,0.2382339444397408,-0.0236113296984192,0.0072339444397408
0.83,0.2415048415105638,0.238784178747935,0.2401445101292494,0.0,0.238784178747935,-0.0149098984437723,0.007784178747935
0.83,0.2407575145739793,0.2401159816970644,0.2404367481355219,0.0,0.2401159816970644,-0.0035128073189574,0.0091159816970644
0.83,0.2417420209871799,0.23930059597012,0.24052130847865,0.0,0.23930059597012,-0.0133652522896177,0.00830059597012
0.83,0.239666812434149,0.240980014226521,0.240323413330335,1.0,0.239666812434149,0.0071929574039453,0.0086668124341489
0.83,0.2410599877573163,0.2397740383501756,0.2404170130537459,0.0,0.2397740383501756,-0.007041809433236,0.0087740383501755
0.83,0.2397561668328129,0.2410787269885859,0.2404174469106994,1.0,0.2397561668328129,0.0072422803315115,0.0087561668328128
0.83,0.2422913065479642,0.2385825053215894,0.2404369059347768,0.0,0.2385825053215894,-0.0203083818574345,0.0075825053215894
0.83,0.2419965896317913,0.2378910891377525,0.2399438393847719,0.0,0.2378910891377525,-0.0225122616704576,0.0068910891377524
0.83,0.2435357132092687,0.2380588338529251,0.2407972735310969,0.0,0.2380588338529251,-0.0299597730236245,0.0070588338529251
0.83,0.2411075953364336,0.2395251068978002,0.2403163511171169,0.0,0.2395251068978002,-0.0086681351821671,0.0085251068978002
0.83,0.2426220730116225,0.2380756406530135,0.240348856832318,0.0,0.2380756406530135,-0.0249014494359782,0.0070756406530135
0.83,0.2422796658456736,0.2393920969769183,0.240835881411296,0.0,0.2393920969769183,-0.0157935428099189,0.0083920969769183
0.83,0.2413606839883622,0.2393015871466658,0.240331135567514,0.0,0.2393015871466658,-0.0112783219863916,0.0083015871466658
0.83,0.243446472157471,0.2369668638200224,0.2402066679887467,0.0,0.2369668638200224,-0.0355049464299028,0.0059668638200224
0.83,0.2378150728462246,0.2427629031495717,0.2402889879978981,1.0,0.2378150728462246,0.0271046955448401,0.0068150728462246
0.83,0.242617721145694,0.2382308071777157,0.2404242641617049,0.0,0.2382308071777157,-0.0240225542031511,0.0072308071777157
0.83,0.2431509985075746,0.2372182353150092,0.2401846169112919,0.0,0.2372182353150092,-0.0325103056054889,0.0062182353150092
0.83,0.2428776754761278,0.2379984877238955,0.2404380816000117,0.0,0.2379984877238955,-0.0267173126785196,0.0069984877238955
0.83,0.2426081875498957,0.2379189524036987,0.2402635699767972,0.0,0.2379189524036987,-0.025689871928771,0.0069189524036987
0.83,0.2415401540615303,0.2385884916050449,0.2400643228332876,0.0,0.2385884916050449,-0.0161795531863231,0.0075884916050448
0.83,0.2427561233917579,0.2375803766717537,0.2401682500317558,0.0,0.2375803766717537,-0.0283630650120465,0.0065803766717537
0.83,0.2415915269392559,0.2390871114866806,0.2403393192129682,0.0,0.2390871114866806,-0.013717184485775,0.0080871114866806
0.83,0.239525979635116,0.2417904664994295,0.2406582230672727,1.0,0.239525979635116,0.0123917977491778,0.008525979635116
0.83,0.243281100160481,0.2376746575243986,0.2404778788424398,0.0,0.2376746575243986,-0.0306963853996322,0.0066746575243986
0.83,0.2393681003280655,0.2416211813674917,0.2404946408477786,1.0,0.2393681003280655,0.0123351108402214,0.0083681003280654
0.83,0.2407597836965685,0.2395288850057574,0.240144334351163,0.0,0.2395288850057574,-0.0067455847671051,0.0085288850057574
0.83,0.2425933454222012,0.2377888496700962,0.2401910975461487,0.0,0.2377888496700962,-0.0263267882203206,0.0067888496700962
0.83,0.243187238308644,0.2376821806125683,0.2404347094606062,0.0,0.2376821806125683,-0.0301449432151654,0.0066821806125683
0.83,0.2428350718339902,0.2384033847064034,0.2406192282701968,0.0,0.2384033847064034,-0.0242543022856125,0.0074033847064033
0.83,0.2407984626639642,0.2402425338862659,0.2405204982751151,0.0,0.2402425338862659,-0.0030433447761475,0.0092425338862659
0.83,0.2427218195784067,0.2379128909504399,0.2403173552644233,0.0,0.2379128909504399,-0.0263416120391124,0.0069128909504398
0.83,0.2416814403043218,0.2389302806489747,0.2403058604766483,0.0,0.2389302806489747,-0.0150701083021589,0.0079302806489747
0.83,0.2416196651415098,0.2391140456122313,0.2403668553768705,0.0,0.2391140456122313,-0.0137227047630266,0.0081140456122312
0.83,0.2423053388354169,0.2384339303729783,0.2403696346041976,0.0,0.2384339303729783,-0.0212028593586306,0.0074339303729782
0.83,0.2423609959432582,0.2387760647676248,0.2405685303554415,0.0,0.2387760647676248,-0.0196227429715176,0.0077760647676248
0.83,0.2428173476419784,0.23758557760325,0.2402014626226142,0.0,0.23758557760325,-0.0286673800270955,0.00658557760325
0.83,0.2431733913411139,0.2365156032344938,0.2398444972878038,0.0,0.2365156032344938,-0.0365190635658709,0.0055156032344938
0.83,0.2405650958052752,0.2401689319075562,0.2403670138564157,0.0,0.2401689319075562,-0.002169683017078,0.0091689319075562
0.83,0.2421775616437466,0.2384147675627112,0.2402961646032289,0.0,0.2384147675627112,-0.0206122902600984,0.0074147675627112
0.83,0.2411296148682555,0.2386753164663798,0.2399024656673177,0.0,0.2386753164663798,-0.0134594185583183,0.0076753164663798
0.83,0.2432812423603736,0.2371968188236105,0.2402390305919921,0.0,0.2371968188236105,-0.0333362763779021,0.0061968188236105
0.83,0.2426095002536966,0.2383115865989545,0.2404605434263255,0.0,0.2383115865989545,-0.0235327446948458,0.0073115865989545
0.83,0.2396700184903792,0.2411126902962417,0.2403913543933105,1.0,0.2396700184903792,0.0079005954178938,0.0086700184903791
0.83,0.2435035620415878,0.2370225121698899,0.2402630371057389,0.0,0.2370225121698899,-0.0355071476436588,0.0060225121698899
0.83,0.2420756138220142,0.2387699372184453,0.2404227755202297,0.0,0.2387699372184453,-0.0181016509055089,0.0077699372184452
0.83,0.242791564251629,0.2381669044430265,0.2404792343473278,0.0,0.2381669044430265,-0.025320544915971,0.0071669044430265
0.83,0.2388371008576703,0.2415014436200959,0.2401692722388831,1.0,0.2388371008576703,0.0146002163651712,0.0078371008576703
0.83,0.2392109334532905,0.2411509602531727,0.2401809468532316,1.0,0.2392109334532905,0.0106306751660496,0.0082109334532905
0.83,0.2434295645377077,0.2372909386347755,0.2403602515862416,0.0,0.2372909386347755,-0.033621674384058,0.0062909386347754
0.83,0.2429702804051748,0.2377719451827511,0.240371112793963,0.0,0.2377719451827511,-0.0284704153056967,0.006771945182751
0.82,0.2411023722390767,0.2399813898962982,0.2405418810676875,0.0,0.2399813898962982,-0.0061362755807041,0.0089813898962982
0.82,0.2411496708265274,0.2397119896396634,0.2404308302330954,0.0,0.2397119896396634,-0.0078723812609817,0.0087119896396634
0.82,0.2409609472733625,0.2389935509589512,0.2399772491161568,0.0,0.2389935509589512,-0.0107869110348484,0.0079935509589511
0.82,0.2394923353710004,0.2412393944416442,0.2403658649063223,1.0,0.2394923353710004,0.0095682347850927,0.0084923353710003
0.82,0.2367461293222033,0.2437341882338324,0.2402401587780178,1.0,0.2367461293222033,0.0382876419425806,0.0057461293222033
0.82,0.2382017396096832,0.2433085228978845,0.2407551312537839,1.0,0.2382017396096832,0.0279384796392134,0.0072017396096832
0.82,0.2390678607835461,0.241697211974796,0.240382536379171,1.0,0.2390678607835461,0.0143997229513674,0.0080678607835461
0.82,0.2381148037190028,0.2428164232343147,0.2404656134766587,1.0,0.2381148037190028,0.0257429255742736,0.0071148037190027
0.82,0.2401234970485987,0.239942846376774,0.2400331717126864,0.0,0.239942846376774,-0.0009903157749673,0.008942846376774
0.82,0.2379181245278104,0.2420720832722294,0.2399951039000199,1.0,0.2379181245278104,0.0227746602547707,0.0069181245278104
0.82,0.2394850466727729,0.2409326819018723,0.2402088642873226,1.0,0.2394850466727729,0.0079318943574828,0.0084850466727729
0.82,0.2391874996259129,0.2415726991578419,0.2403800993918774,1.0,0.2391874996259129,0.0130626913019573,0.0081874996259129
0.82,0.2396284714939231,0.2400712759779958,0.2398498737359594,1.0,0.2396284714939231,0.0024286964649313,0.008628471493923
0.82,0.2403333604733847,0.2404377695537246,0.2403855650135547,1.0,0.2403333604733847,0.0005717901657986,0.0093333604733847
0.82,0.2392760515735618,0.241004760280776,0.2401404059271689,1.0,0.2392760515735618,0.0094738105952734,0.0082760515735617
0.82,0.2385140531784133,0.2423780554264299,0.2404460543024216,1.0,0.2385140531784133,0.0211576981072774,0.0075140531784132
0.82,0.2395196128919384,0.2415166394463358,0.2405181261691371,1.0,0.2395196128919384,0.0109325272850984,0.0085196128919383
0.82,0.2373980689752372,0.2432624639662905,0.2403302664707638,1.0,0.2373980689752372,0.0321223131950751,0.0063980689752372
0.82,0.2388238213745527,0.2420072569520359,0.2404155391632943,1.0,0.2388238213745527,0.0174326107186855,0.0078238213745527
0.82,0.2374889603101706,0.2433659435054943,0.2404274519078325,1.0,0.2374889603101706,0.0321823743352478,0.0064889603101706
0.82,0.2400777508658906,0.2407816329797314,0.240429691922811,1.0,0.2400777508658906,0.0038542873807752,0.0090777508658906
0.82,0.2397773337772221,0.240102860458074,0.2399400971176481,1.0,0.2397773337772221,0.0017849908331772,0.0087773337772221
0.82,0.2413352459097957,0.2402324615766147,0.2407838537432052,0.0,0.2402324615766147,-0.0060325146554689,0.0092324615766147
0.82,0.2388770047174165,0.2417568350557949,0.2403169198866057,1.0,0.2388770047174165,0.0157744480812751,0.0078770047174165
0.82,0.2404147764996212,0.2402719276666582,0.2403433520831397,0.0,0.2402719276666582,-0.0007823971321248,0.0092719276666582
0.82,0.2400674535347849,0.2415986960932472,0.240833074814016,1.0,0.2400674535347849,0.0083751332978332,0.0090674535347849
0.82,0.2391323345400684,0.2415278406977115,0.2403300876188899,1.0,0.2391323345400684,0.0131210031214168,0.0081323345400684
0.82,0.2412462020224516,0.2391290372385542,0.2401876196305029,0.0,0.2391290372385542,-0.0116011190039058,0.0081290372385542
0.82,0.2354802441247124,0.2451486625447454,0.2403144533347289,1.0,0.2354802441247124,0.0529648323215854,0.0044802441247124
0.82,0.2404093427319115,0.2404227491123959,0.2404160459221537,1.0,0.2404093427319115,7.34128879686935e-05,0.0094093427319115
0.82,0.2409499919008482,0.2393919510594853,0.2401709714801668,0.0,0.2393919510594853,-0.0085377539657096,0.0083919510594853
0.82,0.2406702195098689,0.2401795398613985,0.2404248796856337,0.0,0.2401795398613985,-0.0026868784810261,0.0091795398613985
0.82,0.2404010192845522,0.2401175139097535,0.2402592665971529,0.0,0.2401175139097535,-0.0015531584993506,0.0091175139097535
0.82,0.2393154099146528,0.2408124368961469,0.2400639234053998,1.0,0.2393154099146528,0.0082059103730565,0.0083154099146528
0.82,0.2405534308232959,0.2397740907029365,0.2401637607631162,0.0,0.2397740907029365,-0.0042707077646546,0.0087740907029365
0.82,0.2393646452377699,0.2413057831905248,0.2403352142141473,1.0,0.2393646452377699,0.0106320949695288,0.0083646452377699
0.82,0.2372515675434237,0.2440788852117666,0.2406652263775951,1.0,0.2372515675434237,0.0373616717421705,0.0062515675434236
0.82,0.2410799276865206,0.239854418848411,0.2404671732674658,0.0,0.239854418848411,-0.0067098812994832,0.008854418848411
0.82,0.2370925465214413,0.2439253679609211,0.2405089572411812,1.0,0.2370925465214413,0.037408392969972,0.0060925465214413
0.82,0.2385191087105271,0.2417801033283869,0.240149606019457,1.0,0.2385191087105271,0.0178708554263937,0.0075191087105271
0.82,0.2403866987998756,0.2399867823633264,0.240186740581601,0.0,0.2399867823633264,-0.0021913585158468,0.0089867823633263
0.82,0.2409871719349147,0.2398597889361343,0.2404234804355245,0.0,0.2398597889361343,-0.0061733897131406,0.0088597889361343
0.82,0.2406307142737609,0.2405958019522833,0.2406132581130221,0.0,0.2405958019522833,-0.0001910716104875,0.0095958019522832
0.82,0.2385641035882833,0.2424972555725114,0.2405306795803973,1.0,0.2385641035882833,0.0215311684524506,0.0075641035882833
0.82,0.2405186253566533,0.240100248763588,0.2403094370601206,0.0,0.240100248763588,-0.0022917113065217,0.0091002487635879
0.82,0.2394608689763074,0.2411405861795508,0.2403007275779291,1.0,0.2394608689763074,0.0092011213795228,0.0084608689763074
0.82,0.239396645086759,0.2413310635721704,0.2403638543294647,1.0,0.239396645086759,0.0105944274112534,0.008396645086759
0.82,0.2400954967085085,0.2406375167171441,0.2403665067128263,1.0,0.2400954967085085,0.0029685024113608,0.0090954967085085
0.82,0.2401517239424358,0.2409809822666274,0.2405663531045316,1.0,0.2401517239424358,0.0045390551283179,0.0091517239424358
0.82,0.2406108746461234,0.2397714800358721,0.2401911773409977,0.0,0.2397714800358721,-0.0045994419256321,0.0087714800358721
0.82,0.2409772767877437,0.2386930813508199,0.2398351790692818,0.0,0.2386930813508199,-0.0125289645461568,0.0076930813508199
0.82,0.2383194085313506,0.242416180585975,0.2403677945586628,1.0,0.2383194085313506,0.0224372895382787,0.0073194085313506
0.82,0.2399587700209301,0.2406160436200713,0.2402874068205007,1.0,0.2399587700209301,0.0036005269376828,0.00895877002093
0.82,0.2389043997063816,0.2409060114785329,0.2399052055924573,1.0,0.2389043997063816,0.0109767656400678,0.0079043997063816
0.82,0.2410814225510558,0.2393666140328998,0.2402240182919778,0.0,0.2393666140328998,-0.0093953960084067,0.0083666140328998
0.82,0.2404016868048814,0.2404975979984125,0.2404496424016469,1.0,0.2404016868048814,0.0005251563145765,0.0094016868048813
0.82,0.2374049143948609,0.2434027657518823,0.2404038400733716,1.0,0.2374049143948609,0.0328465070613366,0.0064049143948609
0.82,0.2413051893881968,0.2391944745538483,0.2402498319710226,0.0,0.2391944745538483,-0.0115637276467561,0.0081944745538483
0.82,0.2398604042722287,0.2409744250944395,0.2404174146833341,1.0,0.2398604042722287,0.0061003253135036,0.0088604042722287
0.82,0.2405866017222194,0.2403534282130953,0.2404700149676573,0.0,0.2403534282130953,-0.001276654502057,0.0093534282130953
0.82,0.2365386741555145,0.24383055760541,0.2401846158804622,1.0,0.2365386741555145,0.0399588147551541,0.0055386741555144
0.82,0.2369135047031836,0.2434845642816785,0.240199034492431,1.0,0.2369135047031836,0.0360068838461395,0.0059135047031835
0.82,0.2412301465980982,0.2394621890213824,0.2403461678097403,0.0,0.2394621890213824,-0.009683234277962,0.0084621890213824
0.82,0.2407718168015071,0.2399476321876692,0.2403597244945881,0.0,0.2399476321876692,-0.0045139334931916,0.0089476321876691
0.81,0.2388898928071187,0.2421989958851917,0.2405444443461553,1.0,0.2388898928071187,0.0181141503564499,0.0078898928071187
0.81,0.2389406073873426,0.2419264699853436,0.2404335386863431,1.0,0.2389406073873426,0.0163498346230031,0.0079406073873426
0.81,0.2387499112007995,0.2412148003285248,0.2399823557646621,1.0,0.2387499112007995,0.0135144194893059,0.0077499112007995
0.81,0.2372566648827314,0.2434974437439893,0.2403770543133604,1.0,0.2372566648827314,0.0341795884806825,0.0062566648827314
0.81,0.2344479699132161,0.246097943103913,0.2402729565085646,1.0,0.2344479699132161,0.0638306328226689,0.0034479699132161
0.81,0.2359306414655319,0.2456244444388126,0.2407775429521722,1.0,0.2359306414655319,0.0530340912228197,0.0049306414655319
0.81,0.2368244544851701,0.2439742741942625,0.2403993643397163,1.0,0.2368244544851701,0.0391562909331355,0.0058244544851701
0.81,0.23585389151116,0.2451152567477949,0.2404845741294775,1.0,0.23585389151116,0.0507099588025843,0.00485389151116
0.81,0.2379025240459619,0.2421753348037705,0.2400389294248662,1.0,0.2379025240459619,0.0234233830782488,0.0069025240459618
0.81,0.23564696035668,0.2443845728683022,0.2400157666124911,1.0,0.23564696035668,0.0479055722504593,0.00464696035668
0.81,0.2372515911998065,0.2431946498758271,0.2402231205378168,1.0,0.2372515911998065,0.0325631570116511,0.0062515911998065
0.81,0.2369437509025505,0.2438488376810633,0.2403962942918069,1.0,0.2369437509025505,0.0378161837943837,0.0059437509025505
0.81,0.2373964064597255,0.242328162322162,0.2398622843909437,1.0,0.2373964064597255,0.0270495047803149,0.0063964064597255
0.81,0.2381083143615863,0.242682756078617,0.2403955352201016,1.0,0.2381083143615863,0.0250515419755166,0.0071083143615863
0.81,0.2370339085942655,0.2432674634732159,0.2401506860337408,1.0,0.2370339085942655,0.0341620240893727,0.0060339085942655
0.81,0.2362566753279902,0.2446838774589906,0.2404702763934904,1.0,0.2362566753279902,0.046143663257546,0.0052566753279902
0.81,0.2372840280081654,0.2437743997450153,0.2405292138765903,1.0,0.2372840280081654,0.0355313180150425,0.0062840280081654
0.81,0.2351143770970465,0.2455902648536188,0.2403523209753327,1.0,0.2351143770970465,0.0573831248576297,0.0041143770970465
0.81,0.2365740850417399,0.2442831568093771,0.2404286209255585,1.0,0.2365740850417399,0.0422159428388442,0.0055740850417399
0.81,0.2352067200052402,0.2456986371288786,0.2404526785670594,1.0,0.2352067200052402,0.0574545469739828,0.0042067200052402
0.81,0.2378511432870408,0.2430218821677508,0.2404365127273958,1.0,0.2378511432870408,0.0283139997720556,0.0068511432870408
0.81,0.237544979461842,0.2423560266628534,0.2399505030623477,1.0,0.237544979461842,0.0263807709795713,0.006544979461842
0.81,0.2391218701925901,0.2424464074097264,0.2407841388011583,1.0,0.2391218701925901,0.0181862625517468,0.0081218701925901
0.81,0.2366329824400039,0.2440309315702378,0.2403319570051208,1.0,0.2366329824400039,0.0405231166171746,0.0056329824400038
0.81,0.2381944667035762,0.242509107648309,0.2403517871759426,1.0,0.2381944667035762,0.0236316434127115,0.0071944667035762
0.81,0.2378423634434882,0.2438463618543404,0.2408443626489143,1.0,0.2378423634434882,0.0328390725045881,0.0068423634434882
0.81,0.2368906402172233,0.2437962105501669,0.2403434253836951,1.0,0.2368906402172233,0.0378245197700883,0.0058906402172233
0.81,0.2390331167213215,0.2413312535531608,0.2401821851372412,1.0,0.2390331167213215,0.0125929713913834,0.0080331167213215
0.81,0.2331261553132103,0.247586950201619,0.2403565527574147,1.0,0.2331261553132103,0.0792189555425053,0.0021261553132103
0.81,0.2381880797721897,0.2426554068427347,0.2404217433074622,1.0,0.2381880797721897,0.024463087932538,0.0071880797721896
0.81,0.2387362108921266,0.2416058929217779,0.2401710519069523,1.0,0.2387362108921266,0.0157253866512419,0.0077362108921266
0.81,0.2384497396289624,0.2424012704001321,0.2404255050145472,1.0,0.2384497396289624,0.0216382492554947,0.0074497396289623
0.81,0.2381810732270153,0.2423568999359799,0.2402689865814976,1.0,0.2381810732270153,0.0228767045860802,0.0071810732270153
0.81,0.2370774411855728,0.2430782768705207,0.2400778590280468,1.0,0.2370774411855728,0.0328933611313413,0.0060774411855728
0.81,0.2383380153555309,0.2420082521495879,0.2401731337525594,1.0,0.2383380153555309,0.0201122954096419,0.0073380153555309
0.81,0.2371244538932047,0.2435663699058425,0.2403454118995236,1.0,0.2371244538932047,0.0352844567071763,0.0061244538932047
0.81,0.2349620147488,0.2464131425506846,0.2406875786497423,1.0,0.2349620147488,0.0626669098957888,0.0039620147488
0.81,0.2388659638372758,0.2420746828516806,0.2404703233444782,1.0,0.2388659638372758,0.017568330897745,0.0078659638372758
0.81,0.2348016842164243,0.2462757044285745,0.2405386943224994,1.0,0.2348016842164243,0.0628187883098601,0.0038016842164242
0.81,0.2362646602275074,0.2440742887582525,0.24016947449288,1.0,0.2362646602275074,0.0427982321994613,0.0052646602275074
0.81,0.2381672428684668,0.2422253565689691,0.2401962997187179,1.0,0.2381672428684668,0.0222364058157886,0.0071672428684668
0.81,0.2387744089475457,0.242077503149983,0.2404259560487644,1.0,0.2387744089475457,0.0180873459659132,0.0077744089475457
0.81,0.2384136596741484,0.2428289253972205,0.2406212925356844,1.0,0.2384136596741484,0.0241642835429996,0.0074136596741483
0.81,0.236316195607585,0.244794974377484,0.2405555849925345,1.0,0.236316195607585,0.0464148661515859,0.005316195607585
0.81,0.2383027365700599,0.24232798081763,0.2403153586938449,1.0,0.2383027365700599,0.0220488184804823,0.0073027365700598
0.81,0.2372271598956696,0.2433922995063847,0.2403097297010271,1.0,0.2372271598956696,0.0337717578562724,0.0062271598956696
0.81,0.2371604343050718,0.2435898203871598,0.2403751273461158,1.0,0.2371604343050718,0.035212843360626,0.0061604343050718
0.81,0.237872845627503,0.2428821691115006,0.2403775073695018,1.0,0.237872845627503,0.0274346707547414,0.006872845627503
0.81,0.2379295121969596,0.2432269357696997,0.2405782239833297,1.0,0.2379295121969596,0.0289960666699877,0.0069295121969596
0.81,0.2383915363648918,0.2419980846662854,0.2401948105155886,1.0,0.2383915363648918,0.0197620627043799,0.0073915363648918
0.81,0.238768550824895,0.2409106013600981,0.2398395760924965,1.0,0.238768550824895,0.0117491344250013,0.007768550824895
0.81,0.2360595956849096,0.244706995617133,0.2403832956510213,1.0,0.2360595956849096,0.0473612834123866,0.0050595956849096
0.81,0.2377269434814664,0.2428584032771464,0.2402926733793063,1.0,0.2377269434814664,0.028110399820868,0.0067269434814663
0.81,0.2366658859028731,0.2431786247206086,0.2399222553117408,1.0,0.2366658859028731,0.0357154411801858,0.005665885902873
0.81,0.2388688873874164,0.2415763504312377,0.2402226189093271,1.0,0.2388688873874164,0.0148342598787836,0.0078688873874164
0.81,0.2381810531611809,0.2427242549476822,0.2404526540544316,1.0,0.2381810531611809,0.0248764111492103,0.0071810531611809
0.81,0.2351249923069503,0.2457381095874474,0.2404315509471988,1.0,0.2351249923069503,0.058121908147978,0.0041249923069502
0.81,0.2390939546367555,0.2414065100180094,0.2402502323273825,1.0,0.2390939546367555,0.0126695263172398,0.0080939546367554
0.81,0.2376321507856517,0.2432202066367114,0.2404261787111816,1.0,0.2376321507856517,0.0306002037270491,0.0066321507856517
0.81,0.2383688708849772,0.2425807609446863,0.2404748159148318,1.0,0.2383688708849772,0.0230607776020135,0.0073688708849772
0.81,0.2342236142072241,0.2462078071196024,0.2402157106634133,1.0,0.2342236142072241,0.0656731272155737,0.0032236142072241
0.81,0.2345990812127851,0.2458666760338778,0.2402328786233314,1.0,0.2345990812127851,0.0617420006396278,0.0035990812127851
0.81,0.2390178547644879,0.2416737616412775,0.2403458082028827,1.0,0.2390178547644879,0.0145466776864773,0.0080178547644879
0.81,0.2385606795840809,0.2421635041846079,0.2403620918843444,1.0,0.2385606795840809,0.0197322626664389,0.0075606795840809
0.8,0.236664550537526,0.2444580918140448,0.2405613211757854,1.0,0.236664550537526,0.0426624797916941,0.005664550537526
0.8,0.2367187492267201,0.244182258367327,0.2404505037970236,1.0,0.2367187492267201,0.0408684931740295,0.0057187492267201
0.8,0.2365260271136792,0.2434774348929624,0.2400017310033208,1.0,0.2365260271136792,0.0381126890711986,0.0055260271136792
0.8,0.2350076828821017,0.2457983238670319,0.2404030033745668,1.0,0.2350076828821017,0.0590991548636308,0.0040076828821017
0.8,0.232133656977378,0.2485101206009701,0.240321888789174,1.0,0.232133656977378,0.0897282016082348,0.0011336569773779
0.8,0.2336447293781208,0.2479863909756443,0.2408155601768825,1.0,0.2336447293781208,0.0784635995276921,0.0026447293781207
0.8,0.2345675166373651,0.2462948470752954,0.2404311818563302,1.0,0.2345675166373651,0.0642256838452486,0.003567516637365
0.8,0.2335789216566474,0.2474588033276881,0.2405188624921677,1.0,0.2335789216566474,0.0760000905074682,0.0025789216566474
0.8,0.2356686117915963,0.2444495442813818,0.2400590780364891,1.0,0.2356686117915963,0.0481371791557001,0.0046686117915963
0.8,0.2333608273163923,0.246742932237099,0.2400518797767457,1.0,0.2333608273163923,0.0733708535962189,0.0023608273163923
0.8,0.2350048599142208,0.245499619266082,0.2402522395901514,1.0,0.2350048599142208,0.0575029001180307,0.0040048599142207
0.8,0.2346861835233133,0.246168719833309,0.2404274516783111,1.0,0.2346861835233133,0.0628853120843024,0.0036861835233133
0.8,0.235151109869079,0.2446275626537483,0.2398893362614136,1.0,0.235151109869079,0.0519759362494427,0.0041511098690789
0.8,0.2358700758494512,0.2449700812144677,0.2404200785319595,1.0,0.2358700758494512,0.04983541472959,0.0048700758494512
0.8,0.2347782825571926,0.2455735064229839,0.2401758944900883,1.0,0.2347782825571926,0.0591624963910351,0.0037782825571926
0.8,0.2339852184566033,0.2470347666766973,0.2405099925666503,1.0,0.2339852184566033,0.0714535488851835,0.0029852184566033
0.8,0.2350351442862741,0.2460750688856061,0.2405551065859401,1.0,0.2350351442862741,0.0604386846682223,0.0040351442862741
0.8,0.2328155093096766,0.2479648610596526,0.2403901851846646,1.0,0.2328155093096766,0.0829849701872853,0.0018155093096766
0.8,0.2343106375416005,0.2466029878052905,0.2404568126734455,1.0,0.2343106375416005,0.0673161867636316,0.0033106375416005
0.8,0.232909205742268,0.2480782704637721,0.2404937381030201,1.0,0.232909205742268,0.083068535100651,0.001909205742268
0.8,0.2356113605772353,0.245304422836359,0.2404578917067971,1.0,0.2356113605772353,0.0530782023225802,0.0046113605772353
0.8,0.2352994084322789,0.2446517650551503,0.2399755867437146,1.0,0.2352994084322789,0.0512825430877599,0.0042994084322789
0.8,0.2368954586752155,0.2447018149875958,0.2407986368314056,1.0,0.2368954586752155,0.0427038635480274,0.0058954586752155
0.8,0.2343753946348815,0.246348625881975,0.2403620102584283,1.0,0.2343753946348815,0.0655857163186379,0.0033753946348814
0.8,0.2359610168639537,0.2447883468236254,0.2403746818437895,1.0,0.2359610168639537,0.0483481056754813,0.0049610168639536
0.8,0.2356042839237436,0.2461362496991154,0.2408702668114295,1.0,0.2356042839237436,0.0576055674176387,0.0046042839237435
0.8,0.2346354715189408,0.2461079114462915,0.2403716914826162,1.0,0.2346354715189408,0.0628399683924239,0.0036354715189408
0.8,0.2368070960944443,0.2435746393085119,0.2401908677014781,1.0,0.2368070960944443,0.0370845112137758,0.0058070960944443
0.8,0.2307521688871668,0.2500799410750817,0.2404160549811242,0.987177460991178,0.231,0.1058829403817609,0.0
0.8,0.2359538146165503,0.2449299288730129,0.2404418717447816,1.0,0.2359538146165503,0.0491537649710118,0.0049538146165503
0.8,0.2365095394581436,0.2438611908664196,0.2401853651622816,1.0,0.2365095394581436,0.0402862913400603,0.0055095394581436
0.8,0.2362161074534827,0.2446648373402181,0.2404404723968504,1.0,0.2362161074534827,0.0462654787369047,0.0052161074534826
0.8,0.2359482422259648,0.2446382573753138,0.2402932498006393,1.0,0.2359482422259648,0.0476069194055084,0.0049482422259647
0.8,0.2348261235153626,0.245387214883499,0.2401066691994308,1.0,0.2348261235153626,0.0578904387122722,0.0038261235153626
0.8,0.2361097677963573,0.2442839940752156,0.2401968809357864,1.0,0.2361097677963573,0.0447930955989133,0.0051097677963573
0.8,0.2348708237493378,0.2458700777194104,0.2403704507343741,1.0,0.2348708237493378,0.0602475937618887,0.0038708237493378
0.8,0.2326570802990007,0.2487947176293694,0.2407258989641851,1.0,0.2326570802990007,0.0883173520051179,0.0016570802990007
0.8,0.2366390908759026,0.2443365951714152,0.2404878430236589,1.0,0.2366390908759026,0.0421454933193528,0.0056390908759026
0.8,0.2324952573004413,0.2486736965675361,0.2405844769339887,1.0,0.2324952573004413,0.0885763649380966,0.0014952573004413
0.8,0.2339962883020397,0.2464127093252647,0.2402044988136522,1.0,0.2339962883020397,0.0680447140916984,0.0029962883020397
0.8,0.2359348667234201,0.2445057132852978,0.2402202900043589,1.0,0.2359348667234201,0.0469637164737333,0.0049348667234201
0.8,0.236548838115484,0.2443364416731473,0.2404426398943156,1.0,0.236548838115484,0.0426443526417408,0.0055488381154839
0.8,0.2361838024207327,0.2451038961015321,0.2406438492611324,1.0,0.2361838024207327,0.0488189127471363,0.0051838024207327
0.8,0.2340546014007321,0.2471369509105512,0.2405957761556416,1.0,0.2340546014007321,0.0716157611017647,0.0030546014007321
0.8,0.2360740463913969,0.2445972122928892,0.2403356293421431,1.0,0.2360740463913969,0.046687078939517,0.0050740463913969
0.8,0.2349801924193143,0.2456865959687393,0.2403333941940268,1.0,0.2349801924193143,0.0586492894553631,0.0039801924193143
0.8,0.2349109098926893,0.2458915094888573,0.2404012096907733,1.0,0.2349109098926893,0.060140125317484,0.0039109098926893
0.8,0.2356372764337358,0.245169045755867,0.2404031610948014,1.0,0.2356372764337358,0.0522029199217872,0.0046372764337358
0.8,0.2356942429580412,0.245515087610899,0.2406046652844701,1.0,0.2356942429580412,0.0537556511441468,0.0046942429580412
0.8,0.2361592163817262,0.2442665420943814,0.2402128792380538,1.0,0.2361592163817262,0.0444244154056594,0.0051592163817262
0.8,0.2365471075379362,0.2431692798666595,0.2398581937022978,1.0,0.2365471075379362,0.0363222657104225,0.0055471075379362
0.8,0.2337854769187819,0.2470427005684128,0.2404140887435973,1.0,0.2337854769187819,0.072610936758825,0.0027854769187819
0.8,0.2354819651823554,0.2451430056699528,0.2403124854261541,1.0,0.2354819651823554,0.0529247029242119,0.0044819651823554
0.8,0.2344139465028521,0.2454943605382762,0.2399541535205641,1.0,0.2344139465028521,0.0607642918965836,0.003413946502852
0.8,0.2366435240857095,0.2438271406929004,0.240235332389305,1.0,0.2366435240857095,0.0393597687073676,0.0056435240857095
0.8,0.2359474866383417,0.244992698794081,0.2404700927162114,1.0,0.2359474866383417,0.04952824513614,0.0049474866383417
0.8,0.2328300337920389,0.2481201535308279,0.2404750936614334,1.0,0.2328300337920389,0.0837362431830202,0.0018300337920389
0.8,0.2368697341121555,0.2436597488175213,0.2402647414648384,1.0,0.2368697341121555,0.0371998377607372,0.0058697341121555
0.8,0.2353907318201426,0.2455084576915663,0.2404495947558544,1.0,0.2353907318201426,0.0554054498329537,0.0043907318201426
0.8,0.2361382590687162,0.2448500568447685,0.2404941579567424,1.0,0.2361382590687162,0.0476990089984008,0.0051382590687162
0.8,0.2318915517613085,0.2486348966634365,0.2402632242123725,1.0,0.2318915517613085,0.0917549708471483,0.0008915517613084
0.8,0.2322672403159311,0.2482990735399818,0.2402831569279565,1.0,0.2322672403159311,0.0878485174023411,0.001267240315931
0.8,0.2367925657596166,0.2439267989742042,0.2403596823669104,1.0,0.2367925657596166,0.0390753308798577,0.0057925657596165
0.8,0.2363367583596865,0.244420683693783,0.2403787210267347,1.0,0.2363367583596865,0.0442752715155678,0.0053367583596865
0.78,0.2335377035752762,0.247681895519886,0.2406097995475811,1.0,0.2335377035752762,0.0774279700338174,0.0025377035752761
0.78,0.233596884153841,0.2474011234436817,0.2404990037987613,1.0,0.233596884153841,0.0755899952681082,0.002596884153841
0.78,0.2334012424045207,0.2467059939177864,0.2400536181611536,1.0,0.2334012424045207,0.072946211072046,0.0024012424045207
0.78,0.2318470868303225,0.2490827754911969,0.2404649311607597,1.0,0.2318470868303225,0.0944006207343999,0.0008470868303225
0.78,0.2288767742025142,0.2519600426792976,0.2404184084409059,0.9080188405891808,0.231,0.1264785506415948,0.0
0.78,0.2304298995334547,0.2513618365075831,0.2408958680205189,0.9727640845063752,0.231,0.1145230619439718,0.0
0.78,0.2313954292112297,0.2496079898555184,0.240501709533374,1.0,0.2313954292112297,0.099744459659647,0.0003954292112296
0.78,0.2303807527110769,0.2508061408265193,0.2405934467687981,0.969682471372237,0.231,0.1118450411465543,0.0
0.78,0.2325296916465056,0.247694817417031,0.2401122545317683,1.0,0.2325296916465056,0.0831372135762196,0.0015296916465055
0.78,0.2301454056265096,0.2501131226008815,0.2401292641136955,0.9572011975837188,0.231,0.10948129189642,0.0
0.78,0.2318474669439179,0.2487900816924721,0.240318774318195,1.0,0.2318474669439179,0.0928330032071547,0.0008474669439178
0.78,0.2315126813280957,0.2494813643095164,0.240497022818806,1.0,0.2315126813280957,0.0984091489158385,0.0005126813280957
0.78,0.2319957936982965,0.247909397798686,0.2399525957484912,1.0,0.2319957936982965,0.0872825188119441,0.0009957936982964
0.78,0.2327246609680819,0.2482347758072,0.2404797183876409,1.0,0.2327246609680819,0.0849405781856718,0.0017246609680819
0.78,0.2316081142348215,0.248866073147682,0.2402370936912518,1.0,0.2316081142348215,0.094584015983179,0.0006081142348215
0.78,0.2307918977437902,0.2503930040547934,0.2405924508992918,0.989383137211342,0.231,0.1073277540642265,0.0
0.78,0.2318747077920043,0.2493593638187187,0.2406170358053615,1.0,0.2318747077920043,0.0957237482723321,0.0008747077920043
0.78,0.2295819727994602,0.2513593290983564,0.2404706509489083,0.93488524589132,0.231,0.1192974964610003,0.0
0.78,0.2311291515952045,0.249915846999987,0.2405224992975957,1.0,0.2311291515952045,0.1028852008029896,0.0001291515952045
0.78,0.22967736662007,0.2514800490237214,0.2405787078218957,0.939336208479168,0.231,0.119399661502497,0.0
0.78,0.23246382688744,0.2485623472629614,0.2405130870752007,1.0,0.23246382688744,0.0881564462901387,0.0014638268874399
0.78,0.2321437391753367,0.2479285875234377,0.2400361633493872,1.0,0.2321437391753367,0.0865552783436871,0.0011437391753366
0.78,0.2337668063967324,0.2479204413596294,0.2408436238781809,1.0,0.2337668063967324,0.0774282684048792,0.0027668063967323
0.78,0.2312023433608998,0.2496579045945396,0.2404301239777197,1.0,0.2312023433608998,0.1010969065925255,0.0002023433608997
0.78,0.2328223709290114,0.2480412699100276,0.2404318204195195,1.0,0.2328223709290114,0.083356258663169,0.0018223709290113
0.78,0.2324594608437265,0.2494042791632992,0.2409318700035128,1.0,0.2324594608437265,0.0926834551882351,0.0014594608437265
0.78,0.2314659569436832,0.249408351418538,0.2404371541811106,1.0,0.2314659569436832,0.0982818099906577,0.0004659569436832
0.78,0.2336791717684166,0.2467759673316808,0.2402275695500487,1.0,0.2336791717684166,0.0717700105859466,0.0026791717684166
0.78,0.2274050403493762,0.2536544124295595,0.2405297263894679,0.8630458801207777,0.231,0.1438061926869764,0.0
0.78,0.2328142799592908,0.2481759072239152,0.240495093591603,1.0,0.2328142799592908,0.0841232769477675,0.0018142799592907
0.78,0.2333807904586085,0.2470794588209102,0.2402301246397594,1.0,0.2333807904586085,0.0750690786572843,0.0023807904586085
0.78,0.233077183314333,0.2478955034719205,0.2404863433931268,1.0,0.233077183314333,0.0811485365523163,0.002077183314333
0.78,0.2328109262404015,0.2478939479373833,0.2403524370888924,1.0,0.2328109262404015,0.0826303177141531,0.0018109262404015
0.78,0.2316622024716892,0.2486833870163271,0.2401727947440081,1.0,0.2316622024716892,0.0933025880128564,0.0006622024716891
0.78,0.2329789311194597,0.2475311685798082,0.2402550498496339,1.0,0.2329789311194597,0.0797431771081877,0.0019789311194597
0.78,0.2317035159663677,0.2491589964862517,0.2404312562263097,1.0,0.2317035159663677,0.0956144160678287,0.0007035159663677
0.78,0.2294147066970472,0.2521998695953205,0.2408072881461838,0.9304243155938572,0.231,0.124705204766002,0.0
0.78,0.2335100259867726,0.2475646127793523,0.2405373193830624,1.0,0.2335100259867726,0.0769530848716764,0.0025100259867726
0.78,0.2292504631219264,0.2521023782691353,0.2406764206955308,0.9234402514273624,0.231,0.1251175033171627,0.0
0.78,0.2308075585942632,0.2497520528820658,0.2402798057381645,0.9898418293561592,0.231,0.1038217926513396,0.0
0.78,0.2327981186885005,0.2477596804272339,0.2402788995578672,1.0,0.2327981186885005,0.0819817401743367,0.0017981186885005
0.78,0.23342177260575,0.2475595453704108,0.2404906589880804,1.0,0.23342177260575,0.0774190280016484,0.00242177260575
0.78,0.2330507762996198,0.2483504558604156,0.2407006160800177,1.0,0.2330507762996198,0.083734937660526,0.0020507762996198
0.78,0.2308757513236315,0.2504812775434689,0.2406785144335502,0.9936625686566491,0.231,0.1073257156737892,0.0
0.78,0.2329426482907857,0.2478351506423138,0.2403888994665498,1.0,0.2329426482907857,0.0815775895409269,0.0019426482907856
0.78,0.2318225001553466,0.2489614206882802,0.2403919604218134,1.0,0.2318225001553466,0.0938897591643292,0.0008225001553466
0.78,0.231749552977762,0.2491772696982504,0.2404634113380062,1.0,0.231749552977762,0.0954534979699222,0.000749552977762
0.78,0.2324960802965565,0.2484328828524683,0.2404644815745124,1.0,0.2324960802965565,0.0872824244259162,0.0014960802965565
0.78,0.2325532147602289,0.248780670207599,0.240666942483914,1.0,0.2325532147602289,0.0888240686443797,0.0015532147602288
0.78,0.2330224326187376,0.2475040433804725,0.240263237999605,1.0,0.2330224326187376,0.079354122873863,0.0020224326187376
0.78,0.2334259634067069,0.2463919068972272,0.239908935151967,1.0,0.2334259634067069,0.0711172537643705,0.0024259634067069
0.78,0.2305880253165558,0.2503794670711624,0.2404837461938591,0.9791842004967484,0.231,0.1084043887033445,0.0
0.78,0.2323272343119892,0.2484037021345241,0.2403654682232566,1.0,0.2323272343119892,0.0880725974389726,0.0013272343119892
0.78,0.2312490246337152,0.2488000609672462,0.2400245428004807,1.0,0.2312490246337152,0.0962496884815364,0.0002490246337152
0.78,0.2335167110187882,0.2470385785580035,0.2402776447883959,1.0,0.2335167110187882,0.0740897738563668,0.0025167110187882
0.78,0.2328090528174245,0.2482300515095332,0.2405195521634788,1.0,0.2328090528174245,0.0844427075645537,0.0018090528174245
0.78,0.2296022041240805,0.2515248279192386,0.2405635160216595,0.9362395720065128,0.231,0.1200624061757611,0.0
0.78,0.2337442301336788,0.2468748898527768,0.2403095599932278,1.0,0.2337442301336788,0.0719388598397405,0.0027442301336788
0.78,0.2322409346595054,0.2487746591246495,0.2405077968920774,1.0,0.2322409346595054,0.0905424647740371,0.0012409346595053
0.78,0.2330040346599757,0.2480889195616936,0.2405464771108347,1.0,0.2330040346599757,0.0825949271493091,0.0020040346599757
0.78,0.2286083428905804,0.2521082576558622,0.2403583002732213,0.8982269879143155,0.231,0.1287863352989691,0.0
0.78,0.2289835303017774,0.2517807505080459,0.2403821404049117,0.9115475623792032,0.231,0.1249222757467423,0.0
0.78,0.2336655526160896,0.2471421203651058,0.2404038364905977,1.0,0.2336655526160896,0.0738149453005201,0.0026655526160896
0.78,0.2332120361227919,0.2476414802782962,0.240426758200544,1.0,0.2332120361227919,0.0790313393535879,0.0022120361227919
0.79,0.2357985307406021,0.245345118639211,0.2405718246899065,1.0,0.2357985307406021,0.0522590333709895,0.0047985307406021
0.79,0.2358540989035099,0.2450679521166445,0.2404610255100772,1.0,0.2358540989035099,0.0504531373669261,0.0048540989035099
0.79,0.2356605768022189,0.2443658043078695,0.2400131905550442,1.0,0.2356605768022189,0.0477283354784108,0.0046605768022189
0.79,0.2341323781988508,0.2467019182878218,0.2404171482433363,1.0,0.2341323781988508,0.0688424540971535,0.0031323781988508
0.79,0.2312322242287204,0.2494584485205349,0.2403453363746276,1.0,0.2312322242287204,0.0998637842930676,0.0002322242287204
0.79,0.2327546853691886,0.2489145629117805,0.2408346241404845,1.0,0.2327546853691886,0.0884118473659554,0.0017546853691886
0.79,0.2336890666209099,0.2472062656937996,0.2404476661573547,1.0,0.2336890666209099,0.0740283558673624,0.0026890666209099
0.79,0.2326933363989293,0.2483794641675845,0.2405364002832569,1.0,0.2326933363989293,0.085891193965035,0.0016933363989293
0.79,0.2347992511356367,0.2453424906667151,0.2400708709011759,1.0,0.2347992511356367,0.0577984567854539,0.0037992511356367
0.79,0.232470653293843,0.2476696730539264,0.2400701631738847,1.0,0.232470653293843,0.0833331235759606,0.001470653293843
0.79,0.2341304375242601,0.2464048467477659,0.240267642136013,1.0,0.2341304375242601,0.0672540958214711,0.0031304375242601
0.79,0.2338074060636676,0.2470799417093487,0.2404436738865081,1.0,0.2338074060636676,0.0726887178319863,0.0028074060636676
0.79,0.234277255571691,0.2455304958348008,0.2399038757032459,1.0,0.234277255571691,0.061721184949316,0.0032772555716909
0.79,0.2349989663801411,0.2458682870604309,0.240433626720286,1.0,0.2349989663801411,0.0595250049533222,0.003998966380141
0.79,0.2339003548811357,0.2464792455401591,0.2401898002106474,1.0,0.2339003548811357,0.0689382870534567,0.0029003548811357
0.79,0.2331009871131259,0.2479583756222674,0.2405296813676967,1.0,0.2331009871131259,0.0813525647318851,0.0021009871131259
0.79,0.2341598812421469,0.2469786033280871,0.240569242285117,1.0,0.2341598812421469,0.0701773545312509,0.0031598812421469
0.79,0.2319203436832369,0.2488981525207929,0.2404092481020149,1.0,0.2319203436832369,0.0930020087979395,0.0009203436832369
0.79,0.2334296144179634,0.2475142373808838,0.2404719258994236,1.0,0.2334296144179634,0.0771319556428546,0.0024296144179633
0.79,0.2320145353675202,0.249013557565158,0.2405140464663391,1.0,0.2320145353675202,0.0930905286762671,0.0010145353675201
0.79,0.2347396580038938,0.2462007598677028,0.2404702089357983,1.0,0.2347396580038938,0.06276025785681,0.0037396580038937
0.79,0.2344254523130964,0.2455532945103072,0.2399893734117018,1.0,0.2344254523130964,0.0610183269790218,0.0034254523130964
0.79,0.236028975223127,0.2455874064246678,0.2408081908238974,1.0,0.236028975223127,0.0522887824114777,0.005028975223127
0.79,0.2334966835394129,0.2472589529854846,0.2403778182624487,1.0,0.2334966835394129,0.075386057825119,0.0024966835394129
0.79,0.2350917775056606,0.2456833409969988,0.2403875592513297,1.0,0.2350917775056606,0.0580110985759043,0.0040917775056606
0.79,0.2347332940745753,0.2470354124141343,0.2408843532443548,1.0,0.2347332940745753,0.0672879556531227,0.0037332940745753
0.79,0.233757723560837,0.2470158404487614,0.2403867820047992,1.0,0.233757723560837,0.0726214727343903,0.002757723560837
0.79,0.2359407927970729,0.2444554886138163,0.2401981407054446,1.0,0.2359407927970729,0.0466589321750865,0.0049407927970728
0.79,0.2298265208059387,0.2510614220986541,0.2404439714522964,0.9447381846571706,0.231,0.1163316642333953,2.775557561562892e-17
0.79,0.235084298377525,0.2458230381977233,0.2404536682876241,1.0,0.235084298377525,0.0588063498061615,0.0040842983775249
0.79,0.2356429969187323,0.2447467082130957,0.240194852565914,1.0,0.2356429969187323,0.049887679697512,0.0046429969187323
0.79,0.2353467937601467,0.2455536952592265,0.2404502445096866,1.0,0.2353467937601467,0.0558937936793833,0.0043467937601467
0.79,0.2350793157860651,0.2455340444135012,0.2403066800997831,1.0,0.2350793157860651,0.0572746325356989,0.0040793157860651
0.79,0.2339499030916962,0.2462940077579285,0.2401219554248123,1.0,0.2339499030916962,0.0676641797207773,0.0029499030916961
0.79,0.2352426316041556,0.2451774963846273,0.2402100639943915,1.0,0.2352426316041556,0.0544409578213336,0.0042426316041556
0.79,0.2339936817596795,0.2467748502453512,0.2403842660025153,1.0,0.2339936817596795,0.0700085007873336,0.0029936817596795
0.79,0.2317595048155826,0.2497308626253201,0.2407451837204513,1.0,0.2317595048155826,0.0983544085423675,0.0007595048155825
0.79,0.2357724648143382,0.2452247583648656,0.2404986115896019,1.0,0.2357724648143382,0.0517535172995364,0.0047724648143382
0.79,0.231597050588814,0.2496163019435228,0.2406066762661684,1.0,0.231597050588814,0.0986555321039059,0.000597050588814
0.79,0.2331132974306251,0.2473312500566929,0.240222273743659,1.0,0.2331132974306251,0.0779177925876797,0.0021132974306251
0.79,0.2350661062372744,0.2454010603660688,0.2402335833016716,1.0,0.2350661062372744,0.0566300898986644,0.0040661062372744
0.79,0.2356827454583767,0.2452233320119825,0.2404530387351796,1.0,0.2356827454583767,0.052243808926238,0.0046827454583767
0.79,0.2353160510559981,0.2459971729770715,0.2406566120165348,1.0,0.2353160510559981,0.0584570276715945,0.0043160510559981
0.79,0.233174304219398,0.2480568742019722,0.2406155892106851,1.0,0.233174304219398,0.0814706211810414,0.002174304219398
0.79,0.2352067474378351,0.2454881675645379,0.2403474575011865,1.0,0.2352067474378351,0.0563184237218405,0.0042067474378351
0.79,0.2341056832956559,0.246587569031269,0.2403466261634624,1.0,0.2341056832956559,0.0683759261264014,0.0031056832956559
0.79,0.2340353943497494,0.2467954458911556,0.2404154201204525,1.0,0.2340353943497494,0.0698865962456836,0.0030353943497494
0.79,0.2347672793131988,0.2460670425523502,0.2404171609327745,1.0,0.2347672793131988,0.0618858562351318,0.0037672793131988
0.79,0.2348243226569738,0.2464135727256843,0.240618947691329,1.0,0.2348243226569738,0.0634353813038752,0.0038243226569738
0.79,0.2352904598708068,0.2451572981902726,0.2402238790305397,1.0,0.2352904598708068,0.0540659776361522,0.0042904598708068
0.79,0.2356826402433094,0.2440560513004368,0.2398693457718731,1.0,0.2356826402433094,0.0459276258107046,0.0046826402433094
0.79,0.2329001486879046,0.2479603777970152,0.2404302632424599,1.0,0.2329001486879046,0.0824871166162724,0.0019001486879045
0.79,0.2346082565815164,0.2460401261518662,0.2403241913666913,1.0,0.2346082565815164,0.0626261439474569,0.0036082565815164
0.79,0.2335374639051495,0.246403795040326,0.2399706294727377,1.0,0.2335374639051495,0.0705582574220153,0.0025374639051495
0.79,0.2357775060529722,0.2447108256865802,0.2402441658697762,1.0,0.2357775060529722,0.0489469017015979,0.0047775060529721
0.79,0.2350782609561401,0.2458834297540141,0.2404808453550771,1.0,0.2350782609561401,0.0591656449699482,0.0040782609561401
0.79,0.231936422988906,0.2490563031743743,0.2404963630816401,1.0,0.231936422988906,0.0937575270725081,0.000936422988906
0.79,0.2360041141701664,0.2445444271194435,0.240274270644805,1.0,0.2360041141701664,0.0467891896722656,0.0050041141701664
0.79,0.2345183980265217,0.2464070572188014,0.2404627276226615,1.0,0.2345183980265217,0.0651036536132794,0.0035183980265217
0.79,0.2352701925647057,0.2457411683993811,0.2405056804820434,1.0,0.2352701925647057,0.0573312032261594,0.0042701925647056
0.79,0.2309829956064465,0.2495894144361518,0.2402862050212991,0.9990861006779912,0.231,0.1019657072177246,0.0
0.79,0.2313586456854612,0.2492557864133374,0.2403072160493993,1.0,0.2313586456854612,0.0980700207179277,0.0003586456854612
0.79,0.235926528700983,0.2448114722252659,0.2403690004631245,1.0,0.235926528700983,0.0486645031381689,0.004926528700983
0.79,0.2354713116813574,0.2453069155412454,0.2403891136113013,1.0,0.2354713116813574,0.0538694500830165,0.0044713116813573
0.83,0.2447107490940936,0.2364240932752703,0.240567421184682,0.0,0.2364240932752703,-0.0453614488508027,0.0054240932752703
0.83,0.2447525732626466,0.2361594596120402,0.2404560164373434,0.0,0.2361594596120402,-0.0470541795334396,0.0051594596120402
0.83,0.2445669806903998,0.2354300485167513,0.2399985146035755,0.0,0.2354300485167513,-0.0500977861020965,0.0044300485167513
0.83,0.2431378693328001,0.2376184085338715,0.2403781389333358,0.0,0.2376184085338715,-0.030228680105337,0.0066184085338715
0.83,0.2404886553019892,0.2399506066487669,0.2402196309753781,0.0,0.2399506066487669,-0.002947984035396,0.0089506066487669
0.83,0.2419024736958183,0.2395988099149473,0.2407506418053828,0.0,0.2395988099149473,-0.0126028800641893,0.0085988099149473
0.83,0.2427256588086506,0.2380463587830911,0.2403860087958708,0.0,0.2380463587830911,-0.0256265119171836,0.0070463587830911
0.83,0.2418002822804559,0.2391322371878717,0.2404662597341638,0.0,0.2391322371878717,-0.0146081573242933,0.0081322371878716
0.83,0.2437456510582717,0.2363615977936658,0.2400536244259687,0.0,0.2363615977936658,-0.0404790630417877,0.0053615977936658
0.83,0.2416186607245867,0.2383676645360074,0.239993162630297,0.0,0.2383676645360074,-0.017824005123028,0.0073676645360074
0.83,0.2431270141962119,0.2373056011640533,0.2402163076801326,0.0,0.2373056011640533,-0.031897204238799,0.0063056011640532
0.83,0.2428453062367953,0.2379237796388439,0.2403845429378197,0.0,0.2379237796388439,-0.0269532657853444,0.0069237796388439
0.83,0.2432682486772027,0.2364515420967834,0.2398598953869931,0.0,0.2364515420967834,-0.0373892052506747,0.0054515420967834
0.83,0.2439617031558985,0.2368372115660109,0.2403994573609547,0.0,0.2368372115660109,-0.0390175541485431,0.0058372115660108
0.83,0.2429318691104031,0.2373771539827797,0.2401545115465914,0.0,0.2373771539827797,-0.030441141201652,0.0063771539827796
0.83,0.2421936982504994,0.2386830766068385,0.240438387428669,0.0,0.2386830766068385,-0.0192230926005552,0.0076830766068385
0.83,0.2431650321064384,0.2378962884029039,0.2405306602546711,0.0,0.2378962884029039,-0.0288429708908721,0.0068962884029038
0.83,0.241118745296662,0.2395347927936753,0.2403267690451687,0.0,0.2395347927936753,-0.0086758975627263,0.0085347927936753
0.83,0.2424916516899662,0.2383591647249286,0.2404254082074474,0.0,0.2383591647249286,-0.0226291937413947,0.0073591647249286
0.83,0.2412070709843203,0.2396304975874175,0.2404187842858689,0.0,0.2396304975874175,-0.00863321985175,0.0086304975874175
0.83,0.2437086883677511,0.2371887768221095,0.2404487325949303,0.0,0.2371887768221095,-0.0357012130891127,0.0061887768221094
0.83,0.2434176122943568,0.2364893666096268,0.2399534894519918,0.0,0.2364893666096268,-0.037990909972744,0.0054893666096268
0.83,0.2449447514074733,0.2366810994734463,0.2408129254404598,0.0,0.2366810994734463,-0.0452039940358635,0.0056810994734463
0.83,0.242535741652975,0.2381110357153171,0.240323388684146,0.0,0.2381110357153171,-0.0242364626177036,0.0071110357153171
0.83,0.2440354495230162,0.236683620857855,0.2403595351904356,0.0,0.236683620857855,-0.0402672961678323,0.005683620857855
0.83,0.2436962703240242,0.237993538375112,0.2408449043495681,0.0,0.237993538375112,-0.0311911136680653,0.0069935383751119
0.83,0.2427874322729215,0.2378909115526566,0.2403391719127891,0.0,0.2378909115526566,-0.0268197717305744,0.0068909115526566
0.83,0.2448554296176892,0.2355963611798737,0.2402258953987814,0.0,0.2355963611798737,-0.0507347042806416,0.0045963611798737
0.83,0.2393074179259048,0.2412547009739865,0.2402810594499457,1.0,0.2393074179259048,0.0106673968975097,0.0083074179259048
0.83,0.2440318578373377,0.2368414969963179,0.2404366774168278,0.0,0.2368414969963179,-0.0393741643126392,0.0058414969963179
0.83,0.2445604495562668,0.2358404014768219,0.2402004255165443,0.0,0.2358404014768219,-0.0477841045572267,0.0048404014768219
0.83,0.2442911496700451,0.2366161604435385,0.2404536550567918,0.0,0.2366161604435385,-0.0420262859469378,0.0056161604435385
0.83,0.244021597492067,0.2365254410804745,0.2402735192862707,0.0,0.2365254410804745,-0.0410679550547674,0.0055254410804744
0.83,0.2429646439825759,0.2371791889840278,0.2400719164833019,0.0,0.2371791889840278,-0.0317132055909221,0.0061791889840278
0.83,0.2441666834730128,0.2361897911359989,0.2401782373045058,0.0,0.2361897911359989,-0.0437139089982703,0.0051897911359988
0.83,0.243017349302816,0.2376812115815101,0.240349280442163,0.0,0.2376812115815101,-0.0292269994531235,0.0066812115815101
0.83,0.2409814638822128,0.2403416472570207,0.2406615555696167,0.0,0.2403416472570207,-0.0035011733442573,0.0093416472570206
0.83,0.2446906497121393,0.2362930732403408,0.2404918614762401,0.0,0.2362930732403408,-0.0459785991826366,0.0052930732403408
0.83,0.2408242368634909,0.2401623702692157,0.2404933035663533,0.0,0.2401623702692157,-0.0036235652097256,0.0091623702692157
0.83,0.2421942447377073,0.2381025734095967,0.240148409073652,0.0,0.2381025734095967,-0.0224233494590921,0.0071025734095967
0.83,0.2440064046900953,0.2363956488708771,0.2402010267804862,0.0,0.2363956488708771,-0.0417044797901386,0.0053956488708771
0.83,0.2445961234269587,0.236301783673173,0.2404489535500658,0.0,0.236301783673173,-0.0454188062424512,0.005301783673173
0.83,0.2442467153213457,0.237013766717035,0.2406302410191904,0.0,0.237013766717035,-0.0395856242934429,0.0060137667170349
0.83,0.2422289732190951,0.2388139870725667,0.2405214801458309,0.0,0.2388139870725667,-0.0186949927147712,0.0078139870725666
0.83,0.2441327163841399,0.2365263597932614,0.2403295380887006,0.0,0.2365263597932614,-0.0416651265336465,0.0055263597932613
0.83,0.2431032896396926,0.2375295089031179,0.2403163992714053,0.0,0.2375295089031179,-0.0305315589314165,0.0065295089031179
0.83,0.2430430630124071,0.2377091220844921,0.2403760925484496,0.0,0.2377091220844921,-0.0292127385783047,0.006709122084492
0.83,0.2437204535924137,0.2370373087092306,0.2403788811508221,0.0,0.2370373087092306,-0.0366023915260877,0.0060373087092306
0.83,0.2437756784605063,0.2373785691075165,0.2405771237840114,0.0,0.2373785691075165,-0.0350159427575687,0.0063785691075165
0.83,0.244230267998256,0.2362001452181626,0.2402152066082093,0.0,0.2362001452181626,-0.0440010251806768,0.0052001452181626
0.83,0.2445797765157364,0.2351352570023606,0.2398575167590485,0.0,0.2351352570023606,-0.0518054595767938,0.0041352570023606
0.83,0.2420026086681827,0.2387454676974258,0.2403740381828042,0.0,0.2387454676974258,-0.0178383386531348,0.0077454676974258
0.83,0.2435983185735629,0.2370196412206203,0.2403089798970916,0.0,0.2370196412206203,-0.0360373504952962,0.0060196412206203
0.83,0.2425543698459784,0.2372616830096137,0.2399080264277961,0.0,0.2372616830096137,-0.0290254581536812,0.0062616830096137
0.83,0.2446899595986384,0.235821364435966,0.2402556620173022,0.0,0.235821364435966,-0.0485906136062956,0.0048213644359659
0.83,0.244023305294543,0.2369260580961351,0.2404746816953391,0.0,0.2369260580961351,-0.0388600203694426,0.0059260580961351
0.83,0.2411196748150638,0.2396625238617469,0.2403910993384053,0.0,0.2396625238617469,-0.0079798946604427,0.0086625238617469
0.83,0.2449112753763182,0.2356457256029794,0.2402785004896488,0.0,0.2356457256029794,-0.0507626224094406,0.0046457256029793
0.83,0.2434940632433235,0.2373728482301159,0.2404334557367197,0.0,0.2373728482301159,-0.0335193271965188,0.0063728482301158
0.83,0.2442035623712875,0.2367811270881182,0.2404923447297029,0.0,0.2367811270881182,-0.0406387204187888,0.0057811270881182
0.83,0.2403073015166811,0.2400275604268532,0.2401674309717671,0.0,0.2400275604268532,-0.0015329369178171,0.0090275604268531
0.83,0.2406803229942163,0.2396743550653371,0.2401773390297767,0.0,0.2396743550653371,-0.0055123954072269,0.0086743550653371
0.83,0.2448379440067029,0.2359147364982649,0.2403763402524839,0.0,0.2359147364982649,-0.0488730993980108,0.0049147364982649
0.83,0.2443781460677485,0.2363928244496637,0.2403854852587061,0.0,0.2363928244496637,-0.0437343039268913,0.0053928244496637
0.82,0.2425021204027497,0.238592797208832,0.2405474588057909,0.0,0.238592797208832,-0.021399698451155,0.007592797208832
0.82,0.2425472815049068,0.2383252936272674,0.2404362875660871,0.0,0.2383252936272674,-0.0231185986358877,0.0073252936272673
0.82,0.2423597850246983,0.2376025895036739,0.2399811872641861,0.0,0.2376025895036739,-0.0260831843411819,0.0066025895036739
0.82,0.2409065952126269,0.2398257667266324,0.2403661809696296,0.0,0.2398257667266324,-0.0059194274368306,0.0088257667266323
0.82,0.2381987165493813,0.2422560934307909,0.2402274049900861,1.0,0.2381987165493813,0.0222303995279502,0.0071987165493812
0.82,0.2396377809577854,0.2418596701232972,0.2407487255405413,1.0,0.2396377809577854,0.0121555686391259,0.0086377809577854
0.82,0.2404869286549265,0.2402718347012629,0.2403793816780947,0.0,0.2402718347012629,-0.0011779701004093,0.0092718347012629
0.82,0.2395447353335695,0.2413778028168331,0.2404612690752013,1.0,0.2395447353335695,0.0100365636282124,0.0085447353335694
0.82,0.2415286017786736,0.2385449144852697,0.2400367581319716,0.0,0.2385449144852697,-0.0163563859207034,0.0075449144852697
0.82,0.2393541326534504,0.2406253297052475,0.239989731179349,1.0,0.2393541326534504,0.0069694988934974,0.0083541326534504
0.82,0.2408979164132833,0.2395166474673071,0.2402072819402952,0.0,0.2395166474673071,-0.0075682921812043,0.0085166474673071
0.82,0.2406066482315624,0.2401480140110219,0.2403773311212921,0.0,0.2401480140110219,-0.0025117426134626,0.0091480140110219
0.82,0.2410404801558747,0.2386582278837608,0.2398493540198177,0.0,0.2386582278837608,-0.0130662910264156,0.0076582278837608
0.82,0.2417409305912119,0.2390321945204001,0.240386562555806,0.0,0.2390321945204001,-0.0148343139615767,0.0080321945204
0.82,0.2406943399089447,0.2395884251936886,0.2401413825513166,0.0,0.2395884251936886,-0.0060606951352963,0.0085884251936886
0.82,0.2399417308432091,0.2409351631398499,0.2404384469915295,1.0,0.2399417308432091,0.0054396614484388,0.008941730843209
0.82,0.2409338246266356,0.2401032343231707,0.2405185294749032,0.0,0.2401032343231707,-0.0045469635462245,0.0091032343231707
0.82,0.2388419330318953,0.2418064413138701,0.2403241871728827,1.0,0.2388419330318953,0.0162379501088827,0.0078419330318953
0.82,0.2402468230529485,0.2405828261142038,0.2404148245835761,1.0,0.2402468230529485,0.0018399480689341,0.0092468230529485
0.82,0.2389318565447007,0.2419068772836868,0.2404193669141938,1.0,0.2389318565447007,0.0162911224578508,0.0079318565447007
0.82,0.2414863209624406,0.2393790481177574,0.240432684540099,0.0,0.2393790481177574,-0.0115388672020717,0.0083790481177574
0.82,0.2411895329229373,0.2386922073555885,0.2399408701392629,0.0,0.2386922073555885,-0.0136938834572883,0.0076922073555884
0.82,0.2427354794029286,0.2388461773790253,0.2407908283909769,0.0,0.2388461773790253,-0.0212753973659431,0.0078461773790253
0.82,0.2402964465419528,0.2403333866363238,0.2403149165891383,1.0,0.2402964465419528,0.000202340898201,0.0092964465419528
0.82,0.2418193632196625,0.2388711747067071,0.2403452689631848,0.0,0.2388711747067071,-0.0161475892221225,0.007871174706707
0.82,0.2414751502405987,0.2401913674344879,0.2408332588375433,0.0,0.2401913674344879,-0.0070216426701967,0.0091913674344879
0.82,0.2405503419594259,0.2401079005624018,0.2403291212609138,0.0,0.2401079005624018,-0.0024233936976985,0.0091079005624017
0.82,0.2426462998256883,0.2377500649164923,0.2401981823710903,0.0,0.2377500649164923,-0.0268289693028542,0.0067500649164922
0.82,0.2369665912012788,0.2436261816228588,0.2402963864120688,1.0,0.2369665912012788,0.0364819358923167,0.0059665912012788
0.82,0.2418146028147794,0.2390247776021959,0.2404196902084877,0.0,0.2390247776021959,-0.0152769649574235,0.0080247776021959
0.82,0.2423505533787744,0.23800562075581,0.2401780870672922,0.0,0.23800562075581,-0.0238093278078326,0.00700562075581
0.82,0.2420749087217888,0.2387884954294433,0.2404317020756161,0.0,0.2387884954294433,-0.0179957071165179,0.0077884954294433
0.82,0.24180549839445,0.2387153219454019,0.240260410169926,0.0,0.2387153219454019,-0.0169293778686747,0.0077153219454019
0.82,0.2407311119746394,0.2393939890031304,0.2400625504888849,0.0,0.2393939890031304,-0.0073294260485048,0.0083939890031304
0.82,0.2419550584433678,0.2383750228937871,0.2401650406685774,0.0,0.2383750228937871,-0.0196184450094787,0.007375022893787
0.82,0.2407817156151652,0.23989068530288,0.2403362004590226,0.0,0.23989068530288,-0.0048803643519941,0.00889068530288
0.82,0.2386990563820595,0.242619013961045,0.2406590351715523,1.0,0.2386990563820595,0.0214511159169503,0.0076990563820595
0.82,0.2424805964609329,0.2384642145395335,0.2404724055002332,0.0,0.2384642145395335,-0.0219904496954239,0.0074642145395335
0.82,0.2385407796403217,0.2424554392333915,0.2404981094368566,1.0,0.2385407796403217,0.0214319156507245,0.0075407796403217
0.82,0.2399449993648266,0.2403441987951996,0.2401445990800131,1.0,0.2399449993648266,0.0021876921725225,0.0089449993648266
0.82,0.2417908497482686,0.2385850109342691,0.2401879303412689,0.0,0.2385850109342691,-0.0175666669859417,0.007585010934269
0.82,0.2423871270270247,0.2384709975118312,0.240429062269428,0.0,0.2384709975118312,-0.0214441713514992,0.0074709975118312
0.82,0.2420333974793511,0.23919752898582,0.2406154632325856,0.0,0.23919752898582,-0.0155204655203982,0.00819752898582
0.82,0.2399859542296351,0.2410591201953942,0.2405225372125146,1.0,0.2399859542296351,0.00587485007953,0.008985954229635
0.82,0.2419205687176793,0.2387052293434908,0.2403128990305851,0.0,0.2387052293434908,-0.0176124616972805,0.0077052293434908
0.82,0.2408739087191212,0.2397308632065909,0.240302385962856,0.0,0.2397308632065909,-0.0062613116291956,0.0087308632065909
0.82,0.240811247380962,0.2399170365433584,0.2403641419621602,0.0,0.2399170365433584,-0.0048973955849285,0.0089170365433584
0.82,0.2415016789677538,0.2392321033882523,0.240366891178003,0.0,0.2392321033882523,-0.0124299289647076,0.0082321033882523
0.82,0.2415575584256474,0.2395747264880248,0.2405661424568361,0.0,0.2395747264880248,-0.010853339110046,0.0085747264880248
0.82,0.2420149213783411,0.2383773492878893,0.2401961353331152,0.0,0.2383773492878893,-0.0199319872810501,0.0073773492878893
0.82,0.2423747103262431,0.2373043799981219,0.2398395451621825,0.0,0.2373043799981219,-0.0278114012873653,0.0063043799981219
0.82,0.2397485242577871,0.2409827332736204,0.2403656287657038,1.0,0.2397485242577871,0.0067594675856341,0.0087485242577871
0.82,0.2413706668022999,0.2392120968709257,0.2402913818366128,0.0,0.2392120968709257,-0.0118245103040257,0.0082120968709256
0.82,0.240320409588713,0.2394832703989884,0.2399018399938507,0.0,0.2394832703989884,-0.0045908675028472,0.0084832703989884
0.82,0.2424812229896992,0.2379828078026793,0.2402320153961893,0.0,0.2379828078026793,-0.0246466336323256,0.0069828078026793
0.82,0.241806580610051,0.2391034039970484,0.2404549923035497,0.0,0.2391034039970484,-0.0148009875697854,0.0081034039970483
0.82,0.2388464504930741,0.2419419046013633,0.2403941775472187,1.0,0.2388464504930741,0.0169518399311066,0.007846450493074
0.82,0.2427040862619789,0.2378092765106405,0.2402566813863097,0.0,0.2378092765106405,-0.0268166934435034,0.0068092765106404
0.82,0.2412700248431425,0.2395684133942172,0.2404192191186798,0.0,0.2395684133942172,-0.0093179134018914,0.0085684133942172
0.82,0.2419896773109441,0.2389588903671298,0.2404742838390369,0.0,0.2389588903671298,-0.0165939122746876,0.0079588903671297
0.82,0.2380015933840427,0.2423445652402107,0.2401730793121267,1.0,0.2380015933840427,0.0237989221409631,0.0070015933840427
0.82,0.2383758283439173,0.2419956788757433,0.2401857536098303,1.0,0.2383758283439173,0.0198354658855595,0.0073758283439172
0.82,0.242629709307727,0.2380774154568309,0.240353562382279,0.0,0.2380774154568309,-0.0249332214376416,0.0070774154568309
0.82,0.2421707504666702,0.2385600531559328,0.2403654018113015,0.0,0.2385600531559328,-0.0197751957206784,0.0075600531559328
0.75,0.2328814873550677,0.2483659354794999,0.2406237114172839,1.0,0.2328814873550677,0.0847652334772,0.0018814873550677
0.75,0.2329417268206027,0.2480840820718946,0.2405129044462487,1.0,0.2329417268206027,0.0829176740236079,0.0019417268206027
0.75,0.2327454612588366,0.247390999242541,0.2400682302506888,1.0,0.2327454612588366,0.0802974338727895,0.0017454612588365
0.75,0.2311837087806144,0.2497798381704225,0.2404817734755184,1.0,0.2311837087806144,0.1018525473064813,0.0001837087806144
0.75,0.2281924862096482,0.2526932624358439,0.240442874322746,0.8854112308756137,0.231,0.1342462988828396,0.0
0.75,0.2297547737130306,0.2520788091853168,0.2409167914491737,0.9442203767990248,0.231,0.1221405618959767,0.0
0.75,0.230729591197883,0.2503112321672884,0.2405204116825857,0.9861906975753716,0.231,0.1072430487406488,0.0
0.75,0.2297093275092861,0.2515168546372193,0.2406130910732527,0.9408152752422518,0.231,0.1194145421537498,0.0
0.75,0.2318709388245658,0.2483833960538067,0.2401271674391862,1.0,0.2318709388245658,0.0905239942092586,0.0008709388245657
0.75,0.2294701113501656,0.2508289625362288,0.2401495369431972,0.9283721471484068,0.231,0.1171096288217343,0.0
0.75,0.2311847673598442,0.2494884469105645,0.2403366071352043,1.0,0.2311847673598442,0.1002909858217335,0.0001847673598441
0.75,0.2308464617592166,0.2501845809915197,0.2405155213753682,0.9920603322929734,0.231,0.1059096885131019,0.0
0.75,0.2313335389400619,0.2486058302363629,0.2399696845882124,1.0,0.2313335389400619,0.0947348411825275,0.0003335389400619
0.75,0.2320644800985594,0.2489275862248671,0.2404960331617132,1.0,0.2320644800985594,0.0923504721945702,0.0010644800985594
0.75,0.230942690991759,0.2495649720576915,0.2402538315247253,0.9969225570144676,0.231,0.1020621167091251,0.0
0.75,0.2301214748103685,0.2511060983569214,0.2406137865836449,0.9581348129651897,0.231,0.1149036543576236,0.0
0.75,0.2312113665152279,0.250056414918944,0.2406338907170859,1.0,0.2312113665152279,0.1031723423510622,0.0002113665152279
0.75,0.228902844967084,0.2520804865062434,0.2404916657366637,0.9095181867675048,0.231,0.126969779105518,2.775557561562892e-17
0.75,0.2304613026172053,0.2506191466839081,0.2405402246505567,0.9732760417725166,0.231,0.110395383421596,0.0
0.75,0.2289985615745072,0.2522027799732466,0.2406006707738769,0.9137467855585468,0.231,0.1270761183844966,0.0
0.75,0.231803209695225,0.2492537280095363,0.2405284688523807,1.0,0.231803209695225,0.0955607845620967,0.000803209695225
0.75,0.2314814157063814,0.2486239873386998,0.2400527015225406,1.0,0.2314814157063814,0.094000607680005,0.0004814157063814
0.75,0.2331101640933605,0.248603397708845,0.2408567809011027,1.0,0.2331101640933605,0.0847572471722999,0.0021101640933605
0.75,0.2305362956874997,0.2503603632111397,0.2404483294493197,0.9766090227473616,0.231,0.1085941952510696,0.0
0.75,0.232163616394405,0.2487315474969403,0.2404475819456726,1.0,0.232163616394405,0.0907454465146406,0.0011636163944049
0.75,0.2317994618002098,0.2500977446472538,0.2409486032237318,1.0,0.2317994618002098,0.1000871556336184,0.0007994618002098
0.75,0.2308006726598053,0.2501088904859964,0.2404547815729008,0.9896765542014798,0.2309999999999999,0.1057640664229255,-2.775557561562892e-17
0.75,0.2330227101275529,0.2474552297540359,0.2402389699407944,1.0,0.2330227101275529,0.0790904602891107,0.0020227101275528
0.75,0.2267007848751398,0.254415545039617,0.2405581649573784,0.8448763366759846,0.231,0.1518355571575993,0.0
0.75,0.23215537873292,0.2488646765017232,0.2405100276173216,1.0,0.23215537873292,0.0915039674694875,0.00115537873292
0.75,0.2327241699008384,0.2477623064303039,0.2402432381655712,1.0,0.2327241699008384,0.082409915494096,0.0017241699008384
0.75,0.2324183667733121,0.2485810738623087,0.2404997203178104,1.0,0.2324183667733121,0.0885115082335581,0.001418366773312
0.75,0.2321525230313831,0.2485847704178629,0.240368646724623,1.0,0.2321525230313831,0.0900220478099114,0.0011525230313831
0.75,0.2309981199447618,0.249382971235167,0.2401905455899644,0.9998977388933684,0.231,0.1007780212587023,0.0
0.75,0.2323218927476799,0.248220109287284,0.240271001017482,1.0,0.2323218927476799,0.0871189427451089,0.0013218927476799
0.75,0.2310387014029966,0.2498570733044259,0.2404478873537113,1.0,0.2310387014029966,0.1030806965788164,3.870140299663816e-05
0.75,0.2287336750982569,0.2529234065204767,0.2408285408093668,0.9063104561937676,0.231,0.1323943930981337,0.0
0.75,0.2328533339339575,0.2482495769263457,0.2405514554301516,1.0,0.2328533339339575,0.084299430285293,0.0018533339339575
0.75,0.2285688721450347,0.252830927998392,0.2406999000717133,0.8997971206702632,0.231,0.132839324991274,0.0
0.75,0.2301381398983507,0.2504609683234136,0.2402995541108821,0.957591527929922,0.231,0.1113760595720312,2.775557561562892e-17
0.75,0.2321398232945844,0.2484500935577688,0.2402949584261766,1.0,0.2321398232945844,0.0893721567739351,0.0011398232945844
0.75,0.2327655265587086,0.248243363948031,0.2405044452533698,1.0,0.2327655265587086,0.0847577554991148,0.0017655265587086
0.75,0.2323932899622434,0.2490393378826911,0.2407163139224672,1.0,0.2323932899622434,0.0911039516398994,0.0013932899622433
0.75,0.2302084611865441,0.2511912345643833,0.2406998478754637,0.9622767305730948,0.231,0.1148654066252967,0.0
0.75,0.2322855015472618,0.2485221381354507,0.2404038198413562,1.0,0.2322855015472618,0.0889408704930208,0.0012855015472618
0.75,0.2311597426667676,0.2496564048920279,0.2404080737793978,1.0,0.2311597426667676,0.1013285855891354,0.0001597426667676
0.75,0.2310860153879958,0.2498746333475336,0.2404803243677647,1.0,0.2310860153879958,0.1029080848673671,8.6015387995797e-05
0.75,0.2318368575539029,0.2491254749009925,0.2404811662274477,1.0,0.2318368575539029,0.094686335642701,0.0008368575539029
0.75,0.2318939880294882,0.249473623081943,0.2406838055557156,1.0,0.2318939880294882,0.0962258351995277,0.0008939880294882
0.75,0.2323641115707352,0.248191040723386,0.2402775761470606,1.0,0.2323641115707352,0.0867264562732805,0.0013641115707352
0.75,0.2327709790982471,0.2470756086896138,0.2399232938939304,1.0,0.2327709790982471,0.0784598870632744,0.0017709790982471
0.75,0.2299166736724839,0.2510880377213585,0.2405023556969212,0.9488305843206332,0.231,0.1159639593702717,0.0
0.75,0.2316651235146833,0.2490956433459983,0.2403803834303408,1.0,0.2316651235146833,0.0954914229525658,0.0006651235146832
0.75,0.2305847128638703,0.2495016415946999,0.2400431772292851,0.9780467991374906,0.231,0.1037405772318542,0.0
0.75,0.2328605118249908,0.2477199159818875,0.2402902139034392,1.0,0.2328605118249908,0.0814190644044974,0.0018605118249908
0.75,0.2321504012764196,0.248916996284104,0.2405336987802618,1.0,0.2321504012764196,0.0918117587104774,0.0011504012764196
0.75,0.2289243075489935,0.2522480859815342,0.2405861967652638,0.911005309152202,0.231,0.1277369431453245,0.0
0.75,0.2330882596264106,0.2475570474378525,0.2403226535321315,1.0,0.2330882596264106,0.0792704119516487,0.0020882596264106
0.75,0.2315798481173089,0.2494678152196019,0.2405238316684554,1.0,0.2315798481173089,0.0979593011420296,0.0005798481173089
0.75,0.2323462748825001,0.2487762302128583,0.2405612525476792,1.0,0.2323462748825001,0.0899601784260131,0.0013462748825
0.75,0.227918309638257,0.2528467933099713,0.2403825514741142,0.8763787480086619,0.2309999999999999,0.1366165724530146,-2.775557561562892e-17
0.75,0.2282932578502582,0.2525211786499512,0.2404072182501047,0.8882800479611911,0.231,0.1327627378677911,0.0
0.75,0.2330092643505034,0.2478243865088189,0.2404168254296611,1.0,0.2330092643505034,0.0811470598235906,0.0020092643505034
0.75,0.2325562857361701,0.2483248397324175,0.2404405627342938,1.0,0.2325562857361701,0.0863663192027701,0.00155628573617
0.81,0.240280619359749,0.2408017717078954,0.2405411955338222,1.0,0.240280619359749,0.0028527988159248,0.0092806193597489
0.81,0.2403291812664413,0.240531229050992,0.2404302051587167,1.0,0.2403291812664413,0.0011063623792375,0.0093291812664413
0.81,0.2401397298157998,0.2398153004528121,0.2399775151343059,0.0,0.2398153004528121,-0.0017787839934091,0.0088153004528121
0.81,0.2386620052152239,0.2420746716458157,0.2403683384305198,1.0,0.2386620052152239,0.0186904276533201,0.0076620052152238
0.81,0.2358928676720997,0.2446081702711924,0.240250518971646,1.0,0.2358928676720997,0.0477512843558687,0.0048928676720997
0.81,0.2373583965384797,0.2441649748006084,0.2407616856695441,1.0,0.2373583965384797,0.0372379714613606,0.0063583965384796
0.81,0.2382346771748029,0.242539486770414,0.2403870819726084,1.0,0.2382346771748029,0.0235754274427932,0.0072346771748028
0.81,0.2372751664121711,0.2436666626191372,0.2404709145156541,1.0,0.2372751664121711,0.0349957743834687,0.0062751664121711
0.81,0.2392985930863023,0.2407687387132421,0.2400336658997722,1.0,0.2392985930863023,0.0080592552152929,0.0082985930863023
0.81,0.2370747742254138,0.2429272765544488,0.2400010253899313,1.0,0.2370747742254138,0.032087240079198,0.0060747742254138
0.81,0.238655536631764,0.2417693979174784,0.2402124672746212,1.0,0.238655536631764,0.017061465086928,0.007655536631764
0.81,0.2383542203893963,0.2424146053494856,0.240384412869441,1.0,0.2383542203893963,0.0222369455004112,0.0073542203893963
0.81,0.2387994736884504,0.2409061567511665,0.2398528152198085,1.0,0.2387994736884504,0.011554705501388,0.0077994736884504
0.81,0.2395069693952123,0.2412682429865826,0.2403876061908974,1.0,0.2395069693952123,0.0096454885784043,0.0085069693952123
0.81,0.2384433326134059,0.2418417116395571,0.2401425221264815,1.0,0.2384433326134059,0.0186241425326283,0.0074433326134059
0.81,0.2376757329333166,0.2432308557635423,0.2404532943484294,1.0,0.2376757329333166,0.0304175050187138,0.0066757329333165
0.81,0.2386893131479761,0.2423518002354834,0.2405205566917297,1.0,0.2386893131479761,0.0200500035754715,0.0076893131479761
0.81,0.2365500813682363,0.2441232487985617,0.240336665083399,1.0,0.2365500813682363,0.0414824624068954,0.0055500813682362
0.81,0.2379883029026807,0.2428490516763073,0.240418677289494,1.0,0.2379883029026807,0.0266178080082333,0.0069883029026806
0.81,0.2366415234405257,0.2442285332467089,0.2404350283436173,1.0,0.2366415234405257,0.0415466701096125,0.0056415234405256
0.81,0.2392507769802682,0.2416103487121784,0.2404305628462233,1.0,0.2392507769802682,0.0129204833707798,0.0082507769802681
0.81,0.2389482267567142,0.2409363501929171,0.2399422884748157,1.0,0.2389482267567142,0.0109016422595402,0.0079482267567142
0.81,0.2405131789573421,0.2410514852598123,0.2407823321085772,1.0,0.2405131789573421,0.0029446839122688,0.0095131789573421
0.81,0.2380435958684894,0.242597996380878,0.2403207961246837,1.0,0.2380435958684894,0.024947085488808,0.0070435958684893
0.81,0.2395901416449175,0.2410995282743329,0.2403448349596252,1.0,0.2395901416449175,0.0082670455144762,0.0085901416449174
0.81,0.2392410233544706,0.2424301786342998,0.2408356009943852,1.0,0.2392410233544706,0.0174431179553318,0.0082410233544706
0.81,0.2382997815413418,0.2423669013799309,0.2403333414606364,1.0,0.2382997815413418,0.0222770665281184,0.0072997815413418
0.81,0.2404242318618114,0.2399437294845166,0.240183980673164,0.0,0.2399437294845166,-0.0026329533854749,0.0089437294845166
0.81,0.2346065868650424,0.2460496831995584,0.2403281350323004,1.0,0.2346065868650424,0.0626869611112754,0.0036065868650423
0.81,0.2395843376991383,0.2412486886318521,0.2404165131654952,1.0,0.2395843376991383,0.0091139460639626,0.0085843376991383
0.81,0.2401277578949913,0.2402109847123547,0.240169371303673,1.0,0.2401277578949913,0.0004560672360423,0.0091277578949913
0.81,0.239845522693779,0.2410014173358418,0.2404234700148104,1.0,0.239845522693779,0.0063295160887901,0.008845522693779
0.81,0.2395764912470932,0.2409459443514254,0.2402612177992593,1.0,0.2395764912470932,0.0075023982838879,0.0085764912470932
0.81,0.2384842288626603,0.2416505827090726,0.2400674057858665,1.0,0.2384842288626603,0.0173562585191013,0.0074842288626603
0.81,0.2397305822767238,0.240600621896966,0.2401656020868449,1.0,0.2397305822767238,0.0047677079757242,0.0087305822767238
0.81,0.2385326473513598,0.2421419717902413,0.2403373095708006,1.0,0.2385326473513598,0.0197692560674092,0.0075326473513598
0.81,0.2364014222860032,0.2449420136969887,0.2406717179914959,1.0,0.2364014222860032,0.0467378816855927,0.0054014222860032
0.81,0.2402576277191261,0.2406757718032958,0.240466699761211,1.0,0.2402576277191261,0.0022894137148916,0.0092576277191261
0.81,0.236241934381009,0.2447944416594468,0.2405181880202279,1.0,0.236241934381009,0.046823515219682,0.0052419343810089
0.81,0.2376818611130513,0.24262866765419,0.2401552643836206,1.0,0.2376818611130513,0.0271094054654623,0.0066818611130513
0.81,0.2395623570104444,0.2408149324235692,0.2401886447170068,1.0,0.2395623570104444,0.0068635120859217,0.0085623570104443
0.81,0.2401653073913915,0.2406802408959172,0.2404227741436544,1.0,0.2401653073913915,0.0028197054360017,0.0091653073913915
0.81,0.2398072526122421,0.2414219162592543,0.2406145844357482,1.0,0.2398072526122421,0.0088368838087249,0.0088072526122421
0.81,0.237729262774939,0.2433471315093838,0.2405381971421614,1.0,0.237729262774939,0.0307536785094206,0.006729262774939
0.81,0.2396955972591107,0.2409243965807546,0.2403099969199326,1.0,0.2396955972591107,0.0067309049111032,0.0086955972591107
0.81,0.2386312625718045,0.2419735339018477,0.2403023982368261,1.0,0.2386312625718045,0.0183083130732855,0.0076312625718045
0.81,0.2385661141234856,0.2421665925110182,0.2403663533172519,1.0,0.2385661141234856,0.0197191733527488,0.0075661141234856
0.81,0.2392699658963532,0.2414678779320576,0.2403689219142054,1.0,0.2392699658963532,0.0120373708000096,0.0082699658963532
0.81,0.2393263723277278,0.2418118309199702,0.240569101623849,1.0,0.2393263723277278,0.0136044644428781,0.0083263723277278
0.81,0.2397865834580222,0.2405951687198775,0.2401908760889499,1.0,0.2397865834580222,0.0044306264116749,0.0087865834580222
0.81,0.2401569041620868,0.2395134686172829,0.2398351863896848,0.0,0.2395134686172829,-0.0035292676115705,0.0085134686172829
0.81,0.2374802075833117,0.2432634179638722,0.240371812773592,1.0,0.2374802075833117,0.0316738459491838,0.0064802075833117
0.81,0.2391298518845871,0.2414455496241019,0.2402877007543445,1.0,0.2391298518845871,0.0126853895096399,0.0081298518845871
0.81,0.2380730246234976,0.2417466747745639,0.2399098496990307,1.0,0.2380730246234976,0.020146112970709,0.0070730246234976
0.81,0.2402596450485675,0.2401841170458276,0.2402218810471975,0.0,0.2401841170458276,-0.0004138173142895,0.0091841170458275
0.81,0.239576908161051,0.2413213132422692,0.2404491107016601,1.0,0.239576908161051,0.0095514385073369,0.008576908161051
0.81,0.2365583137978973,0.2442663675655049,0.2404123406817011,1.0,0.2365583137978973,0.0422123214483087,0.0055583137978973
0.81,0.2404839134698755,0.2400128167215527,0.2402483650957141,0.0,0.2400128167215527,-0.0025809413248572,0.0090128167215526
0.81,0.2390328169389821,0.2418051789570581,0.2404189979480201,1.0,0.2390328169389821,0.0151813654542147,0.0080328169389821
0.81,0.2397628971283999,0.2411773751556926,0.2404701361420463,1.0,0.2397628971283999,0.0077444607484795,0.0087628971283999
0.81,0.235679218780208,0.2447094033790321,0.24019431107962,1.0,0.235679218780208,0.0494847603130361,0.004679218780208
0.81,0.2360543310816667,0.2443651720932985,0.2402097515874826,1.0,0.2360543310816667,0.0455401634992496,0.0050543310816666
0.81,0.240408478703995,0.2402803292242075,0.2403444039641012,0.0,0.2402803292242075,-0.0007018852234241,0.0092803292242075
0.81,0.2399505544647417,0.240767389216831,0.2403589718407864,1.0,0.2399505544647417,0.0044736889360361,0.0089505544647417
0.8,0.2380461290724665,0.2430521524155521,0.2405491407440093,1.0,0.2380461290724665,0.0274032242812956,0.0070461290724665
0.8,0.2380981588696403,0.242778392124369,0.2404382754970047,1.0,0.2380981588696403,0.0256278143063741,0.0070981588696403
0.8,0.2379066995257781,0.2420693135294029,0.2399880065275905,1.0,0.2379066995257781,0.0228225776248605,0.006906699525778
0.8,0.2364039749531419,0.2443663109571749,0.2403851429551584,1.0,0.2364039749531419,0.0436084398534484,0.0054039749531418
0.8,0.2335708094156162,0.2470084049066819,0.240289607161149,1.0,0.2335708094156162,0.0736253285704244,0.0025708094156161
0.8,0.2350641060653128,0.2465161189846768,0.2407901125249948,1.0,0.2350641060653128,0.0626535199016857,0.0040641060653128
0.8,0.2359687691058886,0.2448505394100722,0.2404096542579804,1.0,0.2359687691058886,0.0486414949579825,0.0049687691058886
0.8,0.2349914198817884,0.246000103217024,0.2404957615494062,1.0,0.2349914198817884,0.0602777716664839,0.0039914198817884
0.8,0.2370555137041134,0.2430342050433376,0.2400448593737255,1.0,0.2370555137041134,0.0327750502554615,0.0060555137041134
0.8,0.2347803599440076,0.2452749028968855,0.2400276314204465,1.0,0.2347803599440076,0.0575385262479755,0.0037803599440075
0.8,0.236399751907419,0.2440650497363091,0.2402324008218641,1.0,0.236399751907419,0.0419996398694459,0.005399751907419
0.8,0.2360878617518763,0.2447248110468647,0.2404063363993705,1.0,0.2360878617518763,0.0473009364850558,0.0050878617518763
0.8,0.2365451068886206,0.243196505379826,0.2398708061342233,1.0,0.2365451068886206,0.0364812725795784,0.0055451068886205
0.8,0.2372596914969427,0.2435465330683131,0.2404031122826279,1.0,0.2372596914969427,0.0344293363851349,0.0062596914969427
0.8,0.2361787155781664,0.2441382301401985,0.2401584728591825,1.0,0.2361787155781664,0.0436211195384557,0.0051787155781664
0.8,0.2353955410855061,0.2455714695825415,0.2404835053340238,1.0,0.2353955410855061,0.0557188741961307,0.0043955410855061
0.8,0.2364313738820179,0.2446431774240929,0.2405372756530554,1.0,0.2364313738820179,0.0449554922153123,0.0054313738820179
0.8,0.234242963846081,0.2464866512412843,0.2403648075436826,1.0,0.234242963846081,0.067067155780345,0.0032429638460809
0.8,0.2357159485795365,0.2451590893470469,0.2404375189632917,1.0,0.2357159485795365,0.0517123741334792,0.0047159485795365
0.8,0.2343358331692009,0.246596918754565,0.2404663759618829,1.0,0.2343358331692009,0.0671430888562385,0.0033358331692009
0.8,0.2370019316398234,0.2438838477706365,0.2404428897052299,1.0,0.2370019316398234,0.0376842814955029,0.0060019316398234
0.8,0.2366935737600568,0.2432229718995877,0.2399582728298223,1.0,0.2366935737600568,0.035803130111035,0.0056935737600568
0.8,0.2382777213556666,0.2432981658214339,0.2407879435885502,1.0,0.2382777213556666,0.0274635490958192,0.0072777213556666
0.8,0.2357770541858072,0.2449060929177103,0.2403415735517587,1.0,0.2357770541858072,0.050005608713922,0.0047770541858072
0.8,0.2373476566351982,0.2433698467473915,0.2403587516912948,1.0,0.2373476566351982,0.032984035501999,0.0063476566351981
0.8,0.2369937762172726,0.2447111272556205,0.2408524517364466,1.0,0.2369937762172726,0.0422104616247369,0.0059937762172726
0.8,0.2360356198667652,0.2446691275773796,0.2403523737220724,1.0,0.2360356198667652,0.0472893431873893,0.0050356198667652
0.8,0.2381891041224679,0.2421784809333717,0.2401837925279198,1.0,0.2381891041224679,0.0218605273254139,0.0071891041224678
0.8,0.2322267885577656,0.2485273342487905,0.240377061403278,1.0,0.2322267885577656,0.0892979617144833,0.0012267885577655
0.8,0.237340943260721,0.2435143781244892,0.2404276606926051,1.0,0.237340943260721,0.03380586078333,0.0063409432607209
0.8,0.2378919455663261,0.2424576229203494,0.2401747842433378,1.0,0.2378919455663261,0.0250192541047578,0.0068919455663261
0.8,0.2376028618356662,0.243256083178709,0.2404294725071876,1.0,0.2376028618356662,0.0309567858054393,0.0066028618356662
0.8,0.2373344670672102,0.2432184551071133,0.2402764610871617,1.0,0.2373344670672102,0.0322345775617041,0.0063344670672101
0.8,0.2362238685664603,0.2439501725168295,0.2400870205416449,1.0,0.2362238685664603,0.0423514835955449,0.0052238685664603
0.8,0.2374931440883542,0.2428677211053051,0.2401804325968297,1.0,0.2374931440883542,0.0294517021557318,0.0064931440883541
0.8,0.2362700137479535,0.2444362760103268,0.2403531448791401,1.0,0.2362700137479535,0.0447295486977536,0.0052700137479534
0.8,0.2340883221086551,0.2473121163026666,0.2407002192056609,1.0,0.2340883221086551,0.0723688939131954,0.0030883221086551
0.8,0.2380216242594189,0.2429288899843185,0.2404752571218686,1.0,0.2380216242594189,0.0268682302811309,0.0070216242594188
0.8,0.2339274470941087,0.2471808727680566,0.2405541599310827,1.0,0.2339274470941087,0.0725612207041082,0.0029274470941087
0.8,0.2354046787402288,0.2449572456166046,0.2401809621784167,1.0,0.2354046787402288,0.0523499433742269,0.0044046787402287
0.8,0.2373208138512554,0.2430865541927213,0.2402036840219883,1.0,0.2373208138512554,0.0315932699206078,0.0063208138512554
0.8,0.2379305516833387,0.2429306321809466,0.2404305919321427,1.0,0.2379305516833387,0.0273799135258816,0.0069305516833387
0.8,0.2375681733015726,0.2436880695468521,0.2406281214242123,1.0,0.2375681733015726,0.0334935755519361,0.0065681733015726
0.8,0.2354587599485514,0.2456792797288838,0.2405690198387176,1.0,0.2354587599485514,0.0559494949699719,0.0044587599485514
0.8,0.2374576934260803,0.2431849868071322,0.2403213401166063,1.0,0.2374576934260803,0.0313720773480659,0.0064576934260803
0.8,0.2363752288038937,0.244258695855269,0.2403169623295814,1.0,0.2363752288038937,0.0431848016213707,0.0053752288038937
0.8,0.2363075386059451,0.2444589826521015,0.2403832606290233,1.0,0.2363075386059451,0.0446445471390903,0.0053075386059451
0.8,0.2370252033973584,0.243745790311756,0.2403854968545572,1.0,0.2370252033973584,0.0368067831869629,0.0060252033973584
0.8,0.2370820008063103,0.2440910441508997,0.240586522478605,1.0,0.2370820008063103,0.0383648249915227,0.0060820008063103
0.8,0.2375451362349324,0.2428547535742534,0.2401999449045929,1.0,0.2375451362349324,0.0290940955246588,0.0065451362349324
0.8,0.2379262504279337,0.2417636394812843,0.239844944954609,1.0,0.2379262504279337,0.021047975937678,0.0069262504279336
0.8,0.2351974780790001,0.245588840642703,0.2403931593608516,1.0,0.2351974780790001,0.0569134002559397,0.0041974780790001
0.8,0.2368757551969419,0.2437211583852008,0.2402984567910713,1.0,0.2368757551969419,0.0374997232685265,0.0058757551969418
0.8,0.2358120862962734,0.244053099533499,0.2399325929148862,1.0,0.2358120862962734,0.0451931623426797,0.0048120862962734
0.8,0.2380251114311011,0.2424264047796818,0.2402257581053914,1.0,0.2380251114311011,0.0241149129905609,0.0070251114311011
0.8,0.237334173577062,0.2435809269894346,0.2404575502832483,1.0,0.237334173577062,0.0342044833871195,0.006334173577062
0.8,0.2342550470275592,0.2466373368956588,0.240446191961609,1.0,0.2342550470275592,0.0678109381883023,0.0032550470275591
0.8,0.2382506319369708,0.242257475820559,0.2402540538787649,1.0,0.2382506319369708,0.021951853497548,0.0072506319369707
0.8,0.2367823163812465,0.244084320007314,0.2404333181942802,1.0,0.2367823163812465,0.0399859712872547,0.0057823163812464
0.8,0.2375231075205599,0.2434377351438994,0.2404804213322297,1.0,0.2375231075205599,0.0323836551813101,0.0065231075205599
0.8,0.233339815442975,0.2471237591600792,0.2402317873015271,1.0,0.233339815442975,0.0755362327063631,0.002339815442975
0.8,0.2337154185961932,0.2467845874256919,0.2402500030109425,1.0,0.2337154185961932,0.0716139826122197,0.0027154185961931
0.8,0.2381741275282781,0.2425246194468731,0.2403493734875756,1.0,0.2381741275282781,0.0238281741059329,0.0071741275282781
0.8,0.2377174460608398,0.2430159550331896,0.2403667005470147,1.0,0.2377174460608398,0.0290194488897403,0.0067174460608398
0.7135,0.2197347816479623,0.2626446132867006,0.2411896974673314,0.7374676636608467,0.231,0.2349444591962739,0.0
0.7135,0.219817334817981,0.2623374239442994,0.2410773793811402,0.7370027812312995,0.231,0.2328762199919751,2.775557561562892e-17
0.7135,0.2196077059478139,0.2616865216784894,0.2406471138131516,0.7292629591787422,0.231,0.2307327379629904,2.775557561562892e-17
0.7135,0.2178877595103067,0.2643426040962812,0.2411151818032939,0.7177422375092375,0.231,0.2544996836530209,0.0
0.7135,0.2144171263978354,0.2681056920700994,0.2412614092339673,0.6911283921534996,0.231,0.2942478105043231,0.0
0.7135,0.2161922100781149,0.2671107117093505,0.2416514608937327,0.7091864558559338,0.231,0.2786645226525412,2.775557561562892e-17
0.7135,0.2173803723937872,0.265011006526121,0.2411956894599541,0.7140573949031855,0.231,0.2609139371747542,2.775557561562892e-17
0.7135,0.2162391581578838,0.2663905114477783,0.241314834802831,0.7056741070018046,0.231,0.2747053815270508,0.0
0.7135,0.2186736325452412,0.2627549546776228,0.240714293611432,0.7203721018679704,0.231,0.2417141300897125,0.0
0.7135,0.215900294720229,0.2658365912196451,0.2408684429699371,0.6976206419323161,0.231,0.2738696544534904,2.775557561562892e-17
0.7135,0.2179029178116995,0.2640807192263482,0.2409918185190238,0.7163770949011488,0.231,0.2530636176056076,0.0
0.7135,0.217481914681163,0.2648919488217137,0.2411869317514383,0.7148686862624575,0.2309999999999999,0.2597058439235962,-2.775557561562892e-17
0.7135,0.2180612410743571,0.2631497119969804,0.2406054765356687,0.7130362005877913,0.231,0.2473388612257432,0.0
0.7135,0.2188330400234193,0.2633973892924784,0.2411152146579489,0.7269799699503721,0.231,0.244095168850025,0.0
0.7135,0.217602839611926,0.2641755292819055,0.2408891844469157,0.7123387014362256,0.231,0.255313091208817,2.775557561562892e-17
0.7135,0.2166697190156808,0.2660358805619728,0.2413527997888268,0.7097144980396896,0.231,0.2703513051551383,2.775557561562892e-17
0.7135,0.2179164184044275,0.2646206343079922,0.2412685263562098,0.7198629429388644,0.231,0.2557607510210036,0.0
0.7135,0.2152541910931637,0.2672119979121048,0.2412330945026342,0.6969500856395621,0.231,0.2847261435912234,0.0
0.7135,0.2170687039223058,0.2653296228217608,0.2411991633720333,0.7113337997828404,0.2309999999999999,0.2643820168413273,-2.775557561562892e-17
0.7135,0.2153531225127666,0.2673699873986113,0.2413615549556889,0.699196068014254,0.231,0.2849472708953486,0.0
0.7135,0.218563820119378,0.2636938002310842,0.2411288101752311,0.7244363979368076,0.231,0.2471979459793267,2.775557561562892e-17
0.7135,0.218208268490538,0.2631485110938967,0.2406783897922174,0.7153613160845297,0.231,0.2464705997862162,2.775557561562892e-17
0.7135,0.219950960165814,0.2628611171061278,0.2414060386359709,0.7425075874330935,0.231,0.2348016789983826,0.0
0.7135,0.2171823699962599,0.2650465173092463,0.2411144436527531,0.7113156552568286,0.231,0.262260480914489,2.775557561562892e-17
0.7135,0.2189611225693506,0.2631456941581048,0.2410534083637277,0.7275321000574446,0.2309999999999999,0.2420483978518155,-2.775557561562892e-17
0.7135,0.2185765715521651,0.2645760815227477,0.2415763265374564,0.729922591441086,0.2309999999999999,0.251662529757896,-2.775557561562892e-17
0.7135,0.2174637614745878,0.2647512333849046,0.2411074974297462,0.7137457770826835,0.231,0.2590897530391283,0.0
0.7135,0.2198694741586455,0.2616335079679578,0.2407514910633016,0.7334901630389766,0.2309999999999999,0.2289315724429876,-2.775557561562892e-17
0.7135,0.2124290185578043,0.2705557605271266,0.2414923895424655,0.6805088189529543,0.231,0.3185408869263447,0.0
0.7135,0.2189532501043394,0.2632439577617002,0.2410986039330198,0.7280072834045467,0.2309999999999999,0.2426011453727914,-2.775557561562892e-17
0.7135,0.2195689715833646,0.2620146186785055,0.240791795130935,0.7306902073842105,0.2309999999999999,0.2326562458863363,-2.775557561562892e-17
0.7135,0.2192142855126116,0.2628979884559804,0.241056136984296,0.7302034009647204,0.2309999999999999,0.2392907980043639,-2.775557561562892e-17
0.7135,0.2189632510752351,0.2630059810194946,0.2409846160473648,0.7267029328109629,0.231,0.2413152866276962,0.0
0.7135,0.2176875087439053,0.264001394101293,0.2408444514225991,0.7125593943724008,0.231,0.2539198368691611,0.0
0.7135,0.2191601531526767,0.2625963469704156,0.2408782500615461,0.7274197896573522,0.2309999999999999,0.2380499227180446,-2.775557561562892e-17
0.7135,0.2177116574993694,0.2644465586190201,0.2410791080591948,0.7156655479678938,0.231,0.2560678684833135,2.775557561562892e-17
0.7135,0.2150425985124286,0.2681143871665031,0.2415784928394658,0.6993242192837552,0.231,0.2905827816771225,2.775557561562892e-17
0.7135,0.219696246654175,0.2625500933169654,0.2411231699855702,0.7362254680478907,0.231,0.2346811087013012,2.775557561562892e-17
0.7135,0.2148619581641619,0.2681294300633297,0.2414956941137458,0.697037586721096,0.231,0.2917299155490407,0.0
0.7135,0.2167101494924279,0.2652890207799288,0.2409995851361783,0.7058422699242749,0.231,0.2662847426776755,0.0
0.7135,0.2189516854510605,0.262859506680763,0.2409055960659117,0.7255998086102006,0.231,0.2406271108829014,0.0
0.7135,0.2196195841013394,0.262511349785724,0.2410654669435317,0.7346713123819056,0.231,0.2349282468530351,2.775557561562892e-17
0.7135,0.2192236057172527,0.2634196939479608,0.2413216498326068,0.7335421582726217,0.231,0.2419268496798279,2.775557561562892e-17
0.7135,0.2168277017292789,0.2660392711430553,0.2414334864361671,0.7120128774687351,0.231,0.2694380932509415,2.775557561562892e-17
0.7135,0.2191223941021738,0.2628577398798076,0.2409900669909907,0.7284208987802175,0.231,0.2396200453990422,0.0
0.7135,0.217877110926218,0.2641727449523338,0.2410249279392759,0.7165415411228797,0.231,0.2536885255925605,0.0
0.7135,0.217786869925601,0.2644455464114614,0.2411162081685312,0.7168130116506168,0.2309999999999999,0.2556211075602008,-2.775557561562892e-17
0.7135,0.2186307047509256,0.2635869306754209,0.2411088177131732,0.7248591269683353,0.2309999999999999,0.2462558850118141,-2.775557561562892e-17
0.7135,0.2186845030458548,0.2639422712559304,0.2413133871508926,0.7278810369751414,0.231,0.2477708261842033,0.0
0.7135,0.2191738656431585,0.2625354661634697,0.2408546659033141,0.7272671161826245,0.2309999999999999,0.2376553686645239,-2.775557561562892e-17
0.7135,0.2196519292960434,0.2613399612137067,0.240495945254875,0.727785885254315,0.231,0.2286802175052567,0.0
0.7135,0.2164408394617928,0.2659266397812322,0.2411837396215125,0.705791147274061,0.231,0.2711408267337574,0.0
0.7135,0.2183974059290589,0.2635446909445605,0.2409710484368097,0.7208559924120816,0.2309999999999999,0.2474044582713306,-2.775557561562892e-17
0.7135,0.2172680295475481,0.264159870331657,0.2407139499396025,0.7071565069139806,0.231,0.2572001850722245,2.775557561562892e-17
0.7135,0.2197149844877995,0.2619356264962152,0.2408253054920074,0.7327133133136382,0.2309999999999999,0.2313958014730381,-2.775557561562892e-17
0.7135,0.2189548650054865,0.2632582768264838,0.2411065709159852,0.7281217292433282,0.231,0.2426655308872138,2.775557561562892e-17
0.7135,0.2153032390142371,0.2674178978710137,0.2413605684426254,0.6988033438173071,0.231,0.2854870789175967,0.0
0.7135,0.2199434889121662,0.2617932950240471,0.2408683919681067,0.7358049626735335,0.231,0.2293270910566431,0.0
0.7135,0.2183315624550545,0.2639464009359673,0.2411389816955109,0.7222737607577745,0.2309999999999999,0.2498589365676105,-2.775557561562892e-17
0.7135,0.2191691622211753,0.2631290315348159,0.2411490968779956,0.7308718619153494,0.231,0.2407463934601199,2.775557561562892e-17
0.7135,0.2140079129698567,0.2684021407852389,0.2412050268775478,0.6876123126921553,0.231,0.298189124976242,0.0
0.7135,0.2143646251155919,0.2681308293648836,0.2412477272402378,0.6905979301183934,0.2309999999999999,0.2946876256895567,-2.775557561562892e-17
0.7135,0.2198580766679845,0.2620684273650059,0.2409632520164952,0.7360381245825164,0.231,0.2312481665099417,0.0
0.7135,0.219420583789714,0.2625856103912892,0.2410030970905016,0.7317407836402571,0.231,0.2364732873148858,2.775557561562892e-17
0.7125,0.2194975409893182,0.2629127633939248,0.2412051521916215,0.735059309302045,0.2309999999999999,0.237712887513305,-2.775557561562892e-17
0.7125,0.2195805179815709,0.2626050462939805,0.2410927821377757,0.7345820519981081,0.2309999999999999,0.2356401187372629,-2.775557561562892e-17
0.7125,0.2193706319621471,0.2619549301676436,0.2406627810648954,0.726909482416883,0.2309999999999999,0.2335053674242135,-2.775557561562892e-17
0.7125,0.2176477254793431,0.2646163113254851,0.2411320184024141,0.7157190432687117,0.231,0.2573158070416266,0.0
0.7125,0.214167225252044,0.2683972826866238,0.2412822539693339,0.689604334860568,0.231,0.2972175289532011,0.0
0.7125,0.2159467414990818,0.2673942981057182,0.2416705198024,0.7074057643589545,0.231,0.2815618472254741,0.0
0.7125,0.2171393000026833,0.2652874437908199,0.2412133718967516,0.7121238970642961,0.231,0.2637502805322667,0.0
0.7125,0.2159957340386424,0.2666705522572389,0.2413331431479407,0.7039108083894147,0.2309999999999999,0.2775747616714576,-2.775557561562892e-17
0.7125,0.2184354895876299,0.2630248064375625,0.2407301480125962,0.7182170237176646,0.231,0.244501080415614,2.775557561562892e-17
0.7125,0.2156546160309095,0.2661197238744714,0.2408871699526904,0.6959209119960653,0.231,0.2767717295656902,0.0
0.7125,0.2176631478665427,0.2643550251283397,0.2410090864974412,0.7143646193816795,0.231,0.2558820911497326,0.0
0.7125,0.217240405448049,0.2651687068728363,0.2412045561604427,0.7129129524119785,0.231,0.262546331525155,2.775557561562892e-17
0.7125,0.2178216543827731,0.2634229638033032,0.2406223090930381,0.7110094910718974,0.231,0.2501532888240707,2.775557561562892e-17
0.7125,0.2185941720657689,0.2636692837608417,0.2411317279133053,0.7247743273903597,0.231,0.2468939700937227,0.0
0.7125,0.2173619577090262,0.2644503120365324,0.2409061348727793,0.7103733505715818,0.231,0.2581416298754961,0.0
0.7125,0.2164265883139009,0.2663171099966026,0.2413718491552517,0.7078921768189883,0.231,0.2732241848706827,0.0
0.7125,0.2176764074592615,0.2648943992584911,0.2412854033588763,0.7178280559370196,0.231,0.2585759554193492,2.775557561562892e-17
0.7125,0.2150070601720725,0.2674976848737004,0.2412523725228864,0.6953181655041053,0.231,0.2876482684466896,2.775557561562892e-17
0.7125,0.2168267902167653,0.2656064367193349,0.2412166134680501,0.7094441883155492,0.231,0.2672256287633188,0.0
0.7125,0.2151059782866575,0.2676564154525943,0.2413811968696259,0.6975472979767143,0.231,0.2878722200133725,2.775557561562892e-17
0.7125,0.2183248255027628,0.263965131696221,0.2411449785994919,0.7222811248568276,0.231,0.2499948218219669,0.0
0.7125,0.2179686778817043,0.2634214352933385,0.2406950565875214,0.7132996354812972,0.231,0.2492826825514891,0.0
0.7125,0.2197134166474288,0.2631289112649179,0.2414211639561733,0.7400332887598928,0.231,0.2375683268180706,0.0
0.7125,0.2169412044081157,0.2653227464274224,0.241131975417769,0.7094181994804114,0.2309999999999999,0.2650971179190209,-2.775557561562892e-17
0.7125,0.2187227826321718,0.2634164928897808,0.2410696377609762,0.725303240723049,0.2309999999999999,0.2448387329589989,-2.775557561562892e-17
0.7125,0.2183379549878801,0.2648480274210193,0.2415929912044497,0.7277569276994301,0.231,0.2544573018031537,0.0
0.7125,0.2172229358445387,0.2650265678998373,0.241124751872188,0.7117987993145765,0.2309999999999999,0.2619194804763729,-2.775557561562892e-17
0.7125,0.2196320842755444,0.2618997605157143,0.2407659223956293,0.7310494274664701,0.231,0.2316938889445026,0.0
0.7125,0.2121680810486713,0.2708641596337204,0.2415161203411958,0.6791622301642903,0.2309999999999999,0.3216633572472364,-2.775557561562892e-17
0.7125,0.2187149808418551,0.2635140305700563,0.2411145057059557,0.7257750056601896,0.2309999999999999,0.2453870278467389,-2.775557561562892e-17
0.7125,0.2193315705697712,0.262282245749502,0.2408069081596366,0.7283295458941856,0.231,0.235425800938462,0.0
0.7125,0.2189759096253529,0.263166977044262,0.2410714433348075,0.7279067676581618,0.231,0.2420716939150369,0.0
0.7125,0.2187252724486736,0.2632768187645192,0.2410010456065964,0.7244825698236068,0.2309999999999999,0.2441041751652974,-2.775557561562892e-17
0.7125,0.217447199625403,0.2642762055092688,0.2408617025673359,0.7105896202834748,0.2309999999999999,0.2567453560864434,-2.775557561562892e-17
0.7125,0.2189226716416042,0.2628662406488383,0.2408944561452213,0.7251627796456956,0.231,0.2408315317191047,2.775557561562892e-17
0.7125,0.2174710174188945,0.2647208732097361,0.2410959453143153,0.7136714524380027,0.231,0.258891142530655,0.0
0.7125,0.2147946152678224,0.268401383884047,0.2415979995759347,0.6976989072370081,0.2309999999999999,0.2935145626338793,-2.775557561562892e-17
0.7125,0.2194588023888682,0.2628187022876502,0.2411387523382592,0.7338278538909632,0.2309999999999999,0.2374535891472657,-2.775557561562892e-17
0.7125,0.2146135925863501,0.2684185206438308,0.2415160566150904,0.6954478334002417,0.231,0.294675473722378,0.0
0.7125,0.2164675227959523,0.2655680592798595,0.2410177910379059,0.704026101449814,0.231,0.2691458073771278,2.775557561562892e-17
0.7125,0.2187137061540538,0.2631300671689858,0.2409218866615198,0.7233836008804112,0.231,0.2434151265441282,2.775557561562892e-17
0.7125,0.2193823840434593,0.2627791841645868,0.241080784104023,0.7322932583943041,0.231,0.2376957824125889,2.775557561562892e-17
0.7125,0.2189860019487588,0.2636897566747777,0.2413378793117682,0.7312530429519221,0.231,0.2447069550087304,0.0
0.7125,0.2165860167760802,0.2663186445213978,0.241452330648739,0.7101704881203098,0.231,0.2722921856520117,0.0
0.7125,0.2188849038000529,0.2631268670658797,0.2410058854329663,0.7261627806353482,0.2309999999999999,0.2423970336580641,-2.775557561562892e-17
0.7125,0.2176373338152759,0.2644455220389097,0.2410414279270928,0.7145228924289531,0.231,0.2564989871024661,0.0
0.7125,0.2175467780814735,0.2647194407420803,0.2411331094117769,0.7148089346722201,0.231,0.2584386526051931,2.775557561562892e-17
0.7125,0.2183924122046452,0.2638585851279637,0.2411254986663044,0.7227040020144592,0.231,0.2490503652855227,2.775557561562892e-17
0.7125,0.2184460871581946,0.2642140614243854,0.24133007429129,0.7257052984519119,0.231,0.2505652716726314,0.0
0.7125,0.2189358161078498,0.2628049232570936,0.2408703696824717,0.7249959099667216,0.2309999999999999,0.2404381912512001,-2.775557561562892e-17
0.7125,0.2194152462810807,0.2616077060823188,0.2405114761816998,0.725430710285838,0.231,0.231448116546739,2.775557561562892e-17
0.7125,0.2161971620131424,0.2662062288345357,0.2412016954238391,0.7039969164046656,0.231,0.2740100094621349,0.0
0.7125,0.2181579340469255,0.2638161329054627,0.2409870334761941,0.718734722916621,0.231,0.2502059771402565,0.0
0.7125,0.2170275837665401,0.2644353974544607,0.2407314906105004,0.705271870889503,0.231,0.2600316138518634,0.0
0.7125,0.2194777815068204,0.2622024701955923,0.2408401258512063,0.730314746653551,0.231,0.2341597575815426,0.0
0.7125,0.2187167461664705,0.26352763173103,0.2411221889487503,0.7258868313184116,0.231,0.2454467780588285,0.0
0.7125,0.2150566649188121,0.2677041961469547,0.2413804305328834,0.6971684196909613,0.2309999999999999,0.2884080686595227,-2.775557561562892e-17
0.7125,0.2197062254743224,0.2620605970893834,0.2408834112818529,0.7333504406978006,0.231,0.2320932198092489,0.0
0.7125,0.218092417690851,0.2642184810402779,0.2411554493655645,0.7201672683105889,0.2309999999999999,0.2526607602231747,-2.775557561562892e-17
0.7125,0.2189313847009817,0.2633986776799698,0.2411650311904758,0.7285956825678378,0.2309999999999999,0.2435266027434148,-2.775557561562892e-17
0.7125,0.2137551574625825,0.2686970818427486,0.2412261196526655,0.6861259824447857,0.231,0.3011939050605055,2.775557561562892e-17
0.7125,0.2141112379122085,0.2684271443793466,0.2412691911457775,0.6890641584337833,0.231,0.2977022960202538,0.0
0.7125,0.21962069688028,0.2623359755644083,0.2409783362223441,0.7336011031587111,0.231,0.2340156964887261,0.0
0.7125,0.2191835743496844,0.2628533516859326,0.2410184630178085,0.7294141080836859,0.231,0.2392398801382451,0.0
0.7115,0.2192601561668327,0.2631814638096505,0.2412208099882416,0.7327073244576543,0.231,0.240485163764089,0.0
0.7115,0.2193435580592818,0.2628732158919349,0.2411083869756083,0.7322183880808213,0.2309999999999999,0.2384078415281896,-2.775557561562892e-17
0.7115,0.2191334141360915,0.2622238874289026,0.2406786507824971,0.7246123108634275,0.231,0.2362818321428115,2.775557561562892e-17
0.7115,0.2174075420680728,0.2648905884012176,0.2411490652346452,0.7137408194798327,0.231,0.2601359256451849,0.0
0.7115,0.2139171193304298,0.2686895588356038,0.2413033390830168,0.6881117433530337,0.231,0.3001921929371196,0.0
0.7115,0.2157010951226244,0.267678517752694,0.2416898064376592,0.7056624953057022,0.231,0.2844636723573943,0.0
0.7115,0.2168980745895402,0.2655644627114301,0.2412312686504851,0.710232750884654,0.231,0.2665907005419352,0.0
0.7115,0.2157521490469294,0.2669511950323807,0.241351672039655,0.7021848618545855,0.231,0.2804483854632789,0.0
0.7115,0.2181972025682834,0.2632952100870413,0.2407462063276624,0.7161116835063855,0.2309999999999999,0.2472918976963001,-2.775557561562892e-17
0.7115,0.2154087561443082,0.2664034894729119,0.2409061228086101,0.6942577627531901,0.231,0.2796783320969978,0.0
0.7115,0.2174232290717098,0.264629903833336,0.2410265664525229,0.7123972193159727,0.231,0.2587045648350443,0.0
0.7115,0.2169987362187413,0.2654460550113936,0.2412223956150674,0.7110002342713304,0.231,0.2653909803520988,0.0
0.7115,0.2175819193259446,0.2636967809224206,0.2406393501241826,0.7090291457129564,0.231,0.2529716771103283,2.775557561562892e-17
0.7115,0.2183551552738239,0.2639417422469966,0.2411484487604103,0.7226191832782428,0.2309999999999999,0.2496967201717053,-2.775557561562892e-17
0.7115,0.2171209237726808,0.2647256736275354,0.2409232987001081,0.7084518610089114,0.231,0.2609742300374609,0.0
0.7115,0.2161832951483682,0.2665989494788246,0.2413911223135964,0.7061090439387411,0.231,0.276101340960273,0.0
0.7115,0.2174362473407705,0.2651687352813097,0.2413024913110401,0.7158381378291869,0.2309999999999999,0.2613951594751735,-2.775557561562892e-17
0.7115,0.2147597463927592,0.267784018126617,0.2412718822596881,0.6937203835866954,0.231,0.2905750072803323,2.775557561562892e-17
0.7115,0.2165847207380671,0.2658838396321407,0.2412342801851039,0.7075956003816971,0.231,0.2700733816851957,0.0
0.7115,0.2148586480741991,0.2679434946920038,0.2414010713831014,0.6959329647872229,0.231,0.2908018201791005,2.775557561562892e-17
0.7115,0.2180856826812016,0.2642370256077303,0.241161354144466,0.7201746146508127,0.2309999999999999,0.2527956439215253,-2.775557561562892e-17
0.7115,0.2177289393934509,0.2636949253135282,0.2407119323534896,0.7112851961965112,0.2309999999999999,0.2520987259621883,-2.775557561562892e-17
0.7115,0.2194757257450258,0.2633972566622535,0.2414364912036397,0.7376167448103702,0.231,0.2403388486606361,0.0
0.7115,0.2166998854733,0.2655995584504341,0.241149721961867,0.7075621644057442,0.231,0.2679378451405556,0.0
0.7115,0.2184842943517714,0.2636878515356142,0.2410860729436928,0.7231256470076626,0.2309999999999999,0.247632993360088,-2.775557561562892e-17
0.7115,0.2180991936111505,0.2651205328600072,0.2416098632355788,0.7256393247207824,0.231,0.2572559786635942,2.775557561562892e-17
0.7115,0.2169819583485399,0.2653024806945681,0.241142219521554,0.7098946581935635,0.231,0.264753264071067,0.0
0.7115,0.219394548909153,0.2621665590397842,0.2407805539744686,0.7286671574377154,0.231,0.2344600497707023,0.0
0.7115,0.2119068417623539,0.2711734157705907,0.2415401287664723,0.6778427206709711,0.231,0.3247922563590621,0.0
0.7115,0.2184765657861279,0.2637846588258753,0.2411306123060016,0.723593879731692,0.231,0.2481768022087909,2.775557561562892e-17
0.7115,0.2190940250337205,0.2625504209884012,0.2408222230110608,0.7260247955514796,0.2309999999999999,0.2381992014007921,-2.775557561562892e-17
0.7115,0.2187373850675399,0.2634365223203775,0.2410869536939587,0.7256632748167493,0.231,0.2448565091873713,0.0
0.7115,0.2184871505957931,0.263548212479512,0.2410176815376525,0.7223134812824298,0.231,0.2468969348991505,0.0
0.7115,0.2172067405544579,0.2645515913427994,0.2408791659486286,0.7086640000787867,0.231,0.2595748948388001,0.0
0.7115,0.2186850470985153,0.2631366848441659,0.2409108659713406,0.7229583986995018,0.231,0.2436169812506718,0.0
0.7115,0.2172302258287449,0.2649957629624366,0.2411129943955908,0.7117215675244133,0.231,0.2617184558350871,2.775557561562892e-17
0.7115,0.2145464450965956,0.268689037280409,0.2416177411885023,0.6961069974716986,0.231,0.2964510384853256,0.0
0.7115,0.2192212132073084,0.2630878643923456,0.241154538799827,0.7314865285018769,0.2309999999999999,0.2402299356322794,-2.775557561562892e-17
0.7115,0.2143650357926587,0.2687082758395381,0.2415366558160984,0.6938908281326059,0.231,0.2976257849508819,0.0
0.7115,0.2162247370535428,0.265847692339464,0.2410362146965034,0.7022494355419988,0.231,0.2720110576271644,0.0
0.7115,0.2184755827589691,0.2634011811330925,0.2409383819460308,0.7212186883581996,0.231,0.2462070075024696,0.0
0.7115,0.2191450409109455,0.2630475637973888,0.2410963023541672,0.7299708921120991,0.231,0.240467136632299,0.0
0.7115,0.2187482559407768,0.2639603734492639,0.2413543146950204,0.7290163625509616,0.2309999999999999,0.247490914687547,-2.775557561562892e-17
0.7115,0.2163441768743624,0.2665986113293984,0.2414713941018804,0.7083675642842919,0.2309999999999999,0.2751504216485623,-2.775557561562892e-17
0.7115,0.2186472710942852,0.2633965428640046,0.2410219069791449,0.7239568731021565,0.231,0.2451778551392742,2.775557561562892e-17
0.7115,0.2173974081103554,0.2647188648065056,0.2410581364584305,0.7125491724190477,0.231,0.2593134216487107,2.775557561562892e-17
0.7115,0.217306536812701,0.2649939065670423,0.2411502216898716,0.7128492668427708,0.231,0.2612602024452553,0.0
0.7115,0.2181539758687807,0.2641307995003182,0.2411423876845494,0.7205978335047992,0.231,0.251848743156565,0.0
0.7115,0.218207524923362,0.2644864120729884,0.2413469684981752,0.7235785935111606,0.2309999999999999,0.2533636325993851,-2.775557561562892e-17
0.7115,0.2186976211279679,0.2630749359720495,0.2408862785500087,0.7227777544617977,0.231,0.2432249027210251,0.0
0.7115,0.219178421760387,0.2618759952459854,0.2405272085031862,0.7231323170249867,0.2309999999999999,0.2342198139518765,-2.775557561562892e-17
0.7115,0.2159533171310635,0.2664864277631605,0.241219872447112,0.7022411112095813,0.231,0.2768835169095345,0.0
0.7115,0.2179183151042227,0.2640881350756224,0.2410032250899225,0.7166615571843065,0.2309999999999999,0.2530114298658925,-2.775557561562892e-17
0.7115,0.2167869869444269,0.2647114993715083,0.2407492431579676,0.7034291569017299,0.231,0.26286707313804,0.0
0.7115,0.219240435031766,0.2624698567831633,0.2408551459074647,0.7279731143326285,0.231,0.2369275272389732,0.0
0.7115,0.2184784828781601,0.2637975402407972,0.2411380115594786,0.7237030545087387,0.231,0.2482319032421056,2.775557561562892e-17
0.7115,0.214809910715015,0.267991137696122,0.2414005242055685,0.6955675864579686,0.231,0.2913336303897693,0.0
0.7115,0.2194688156133946,0.2623284460446082,0.2408986308290014,0.7309546472848838,0.231,0.2348631940129601,0.0
0.7115,0.2178531250570135,0.2644911260192993,0.2411721255381564,0.718108094864148,0.2309999999999999,0.2554665405845069,-2.775557561562892e-17
0.7115,0.2186934632171971,0.2636688809460149,0.241181172081606,0.7263719292835493,0.231,0.2463106970576178,0.0
0.7115,0.213502177800235,0.2689927434075709,0.2412474606039029,0.6846703217339031,0.231,0.3042039368499891,0.0
0.7115,0.2138576125934403,0.2687241993457289,0.2412909059695846,0.6875623503981754,0.231,0.3007223901555713,0.0
0.7115,0.2193831705899698,0.2626040748152262,0.240993622702598,0.731221971907709,0.2309999999999999,0.2367870947957064,-2.775557561562892e-17
0.7115,0.2189464221710351,0.2631216395855736,0.2410340308783043,0.7271416297546525,0.231,0.2420102983395309,0.0
0.7105,0.219022627037151,0.2634507162433295,0.2412366716402403,0.730409901104113,0.231,0.2432612987857483,2.775557561562892e-17
0.7105,0.21910645491332,0.2631419344288881,0.241124194671104,0.7299099449462064,0.2309999999999999,0.2411793990633095,-2.775557561562892e-17
0.7105,0.2188960523289038,0.2624933951642942,0.240694723746599,0.7223696013585782,0.231,0.2390621429097728,0.0
0.7105,0.2171672091276774,0.2651654371134124,0.2411663231205449,0.7118062175871647,0.231,0.2629600508796927,0.0
0.7105,0.2136668080107748,0.2689825233746986,0.2413246656927367,0.6866497725792833,0.2309999999999999,0.3031718225472798,-2.775557561562892e-17
0.7105,0.2154552705724655,0.2679633729839331,0.2417093217781993,0.7039556046851245,0.231,0.2873700137588855,0.0
0.7105,0.2166566959835809,0.2658420651561065,0.2412493805698437,0.708382711002785,0.2309999999999999,0.2694352091731755,-2.775557561562892e-17
0.7105,0.2155084029750652,0.2672324417676664,0.2413704223713658,0.7004952167975182,0.2309999999999999,0.2833262658439062,-2.775557561562892e-17
0.7105,0.2179587713597555,0.2635661673150759,0.2407624693374157,0.7140545219240232,0.2309999999999999,0.2500865926592406,-2.775557561562892e-17
0.7105,0.2151627146497972,0.2666878903828416,0.2409253025163194,0.6926301536115683,0.231,0.2825894782141616,0.0
0.7105,0.217183161280646,0.2649053571501184,0.2410442592153822,0.7104735340103556,0.231,0.2615310501118923,0.0
0.7105,0.2167569067484077,0.2657239952267177,0.2412404509875627,0.7091292601988926,0.231,0.2682398034572486,2.775557561562892e-17
0.7105,0.2173420357573023,0.2639711651257316,0.240656600441517,0.7070937324438895,0.231,0.255794037385469,2.775557561562892e-17
0.7105,0.2181159894855711,0.2642147665372424,0.2411653780114067,0.7205129650188461,0.2309999999999999,0.252503430490657,-2.775557561562892e-17
0.7105,0.2168797376403684,0.2650016159049735,0.240940676772671,0.7065729171669227,0.2309999999999999,0.2638109035033835,-2.775557561562892e-17
0.7105,0.2159398392846427,0.2668814010846316,0.2414106201846371,0.7043639774043877,0.231,0.2789827868399939,0.0
0.7105,0.2171959379012734,0.2654436441726545,0.2413197910369639,0.7138918476024071,0.231,0.2642183746137037,2.775557561562892e-17
0.7105,0.2145122493602593,0.2680710000844054,0.2412916247223324,0.6921558024259998,0.231,0.2935063764201382,0.0
0.7105,0.216342495301495,0.2661618334770326,0.2412521643892638,0.705786844320182,0.231,0.272925287932497,0.0
0.7105,0.214611131438354,0.2682312276023698,0.2414211795203619,0.694352122914608,0.231,0.2937360883287987,0.0
0.7105,0.2178463915002534,0.2645094837323364,0.2411779376162949,0.7181153697589109,0.231,0.2556004235677347,0.0
0.7105,0.2174890528847501,0.2639689829229985,0.2407290179038743,0.7093165350263709,0.2309999999999999,0.2549187412497526,-2.775557561562892e-17
0.7105,0.2192378872932209,0.2636661550304678,0.2414520211618443,0.7352561036963814,0.2309999999999999,0.2431132556442103,-2.775557561562892e-17
0.7105,0.2164584130221405,0.2658769552507035,0.241167684136422,0.7057463388821962,0.231,0.2707826745716841,2.775557561562892e-17
0.7105,0.2182456575650685,0.2639597718642663,0.2411027147146674,0.7209977130595897,0.231,0.2504311903765748,0.0
0.7105,0.2178602872911874,0.2653935995665742,0.2416269434288808,0.7235683338731602,0.231,0.2600585712587067,0.0
0.7105,0.2167408288255043,0.2655789736110419,0.2411599012182731,0.70803208768245,0.2309999999999999,0.2675911155971018,-2.775557561562892e-17
0.7105,0.2191568679073922,0.2624339052353567,0.2407953865713744,0.7263414313032216,0.231,0.2372300657834931,2.775557561562892e-17
0.7105,0.2116452988495231,0.2714835340857386,0.2415644164676308,0.6765495995315892,0.231,0.3279276238624362,2.775557561562892e-17
0.7105,0.2182380047918969,0.2640558442556383,0.2411469245237676,0.721462309059717,0.2309999999999999,0.2509704794642031,-2.775557561562892e-17
0.7105,0.2188563348305467,0.2628191460927188,0.2408377404616327,0.7237741440820378,0.231,0.2409764580937268,2.775557561562892e-17
0.7105,0.2184987116728938,0.2637066260394275,0.2411026688561607,0.7234712438678534,0.2309999999999999,0.2476452551070183,-2.775557561562892e-17
0.7105,0.2182488853933398,0.2638201638766615,0.2410345246350007,0.7201940557509957,0.231,0.2496935765802583,0.0
0.7105,0.2169661313795511,0.2648275534202232,0.2408968423998871,0.7067812024364198,0.2309999999999999,0.2624084646919551,-2.775557561562892e-17
0.7105,0.2184472793935372,0.2634076812500386,0.2409274803217879,0.7208049730843854,0.231,0.2464062820216856,2.775557561562892e-17
0.7105,0.2169892825668807,0.2652712297056775,0.2411302561362791,0.7098145732846592,0.231,0.2645498201046534,2.775557561562892e-17
0.7105,0.214298087568318,0.268977349859357,0.2416377187138375,0.6945475902219856,0.231,0.2993922262496759,2.775557561562892e-17
0.7105,0.2189834789620006,0.2633575813595363,0.2411705301607685,0.7291996820499818,0.231,0.2430101591092168,0.0
0.7105,0.2141162873063254,0.2689986982433497,0.2415574927748375,0.6923656886529993,0.231,0.3005808670039738,0.0
0.7105,0.2159817920631115,0.2661279219161296,0.2410548569896205,0.7005111265633468,0.231,0.2748805061178065,0.0
0.7105,0.2182373151339814,0.2636728502791566,0.240955082706569,0.7191034544825022,0.231,0.2490027645638928,2.775557561562892e-17
0.7105,0.2189075545686526,0.2633164903554,0.2411120224620263,0.7277024270652294,0.231,0.2432423201438014,0.0
0.7105,0.2185103675716914,0.264231545974546,0.2413709567731187,0.7268304784653411,0.2309999999999999,0.2502787393856813,-2.775557561562892e-17
0.7105,0.2161021818496175,0.2668791734964187,0.2414906776730181,0.7066029777027759,0.231,0.2780128135330126,0.0
0.7105,0.2184094958599754,0.2636667689496377,0.2410381324048065,0.7218015297766462,0.231,0.2479625204402595,2.775557561562892e-17
0.7105,0.2171573336662452,0.2649927750195723,0.2410750543429088,0.7106190317863145,0.231,0.2621318405113344,0.0
0.7105,0.2170661459702066,0.2652689456854581,0.2411675458278324,0.7109326820826823,0.2309999999999999,0.2640857685388771,-2.775557561562892e-17
0.7105,0.2179153956169277,0.2644035755251565,0.2411594855710421,0.7185391123313003,0.231,0.2546510295065674,2.775557561562892e-17
0.7105,0.2179688161965312,0.2647593249517622,0.2413640705741467,0.7214994204992057,0.231,0.256165920077821,0.0
0.7105,0.2184592805600131,0.2633455060398534,0.2409023932999333,0.720610960134769,0.2309999999999999,0.2460155140596405,-2.775557561562892e-17
0.7105,0.2189414556086785,0.2621448303708549,0.2405431429897667,0.7208888320021134,0.2309999999999999,0.2369953202266281,-2.775557561562892e-17
0.7105,0.2157093045330572,0.2667672386859221,0.2412382716094897,0.700522637262151,0.231,0.2797613631026312,0.0
0.7105,0.2176785489620279,0.2643606991890371,0.2410196240755325,0.7146350163136964,0.231,0.2558208275152898,0.0
0.7105,0.2165462389253062,0.2649881779029053,0.2407672084141057,0.7016271152693199,0.231,0.2657065745790248,0.0
0.7105,0.2190029449241026,0.2627377879219555,0.2408703664230291,0.7256865635373073,0.231,0.2396991210714163,0.0
0.7105,0.2182400750052975,0.2640680040636928,0.2411540395344951,0.7215688062525489,0.231,0.2510209172789597,2.775557561562892e-17
0.7105,0.2145629760318129,0.2682787248919114,0.2414208504618622,0.6939999103243087,0.231,0.2942637800523364,0.0
0.7105,0.2192312591707179,0.2625968435950486,0.2409140513828832,0.7286156525846531,0.2309999999999999,0.2376370246196606,-2.775557561562892e-17
0.7105,0.2176136844029143,0.2647643376473499,0.2411890110251321,0.7160948008993823,0.231,0.2582762889534125,0.0
0.7105,0.2184553976330502,0.2639396430691388,0.2411975203510945,0.7241989562171229,0.2309999999999999,0.2490986873304306,-2.775557561562892e-17
0.7105,0.2132489731505224,0.2692891287488126,0.2412690509496675,0.6832445117261746,0.231,0.3072192439054716,0.0
0.7105,0.2136037481212733,0.2690219978686023,0.2413128729949378,0.686091640244104,0.231,0.3037479345967373,0.0
0.7105,0.2191454976389988,0.262872726845461,0.2410091122422298,0.7288988445842502,0.231,0.2395623724670728,0.0
0.7105,0.2187091271199385,0.2633904757691304,0.2410498014445344,0.7249216227432789,0.2309999999999999,0.2447845525672782,-2.775557561562892e-17
0.7095,0.2187849534565088,0.2637205224116472,0.2412527379340779,0.7281653080728508,0.231,0.2460413034628965,0.0
0.7095,0.2188692084056425,0.2634112036026622,0.2411402060041523,0.7276549570646731,0.231,0.24395480208692,0.0
0.7095,0.2186585463997282,0.2627634550830194,0.2407110007413738,0.7201795906915175,0.231,0.2418463105615196,0.0
0.7095,0.2169267265089717,0.2654408592595694,0.2411837928842705,0.7099139427396051,0.231,0.265788194211185,0.0
0.7095,0.2134162906650655,0.2692761791819583,0.2413462349235119,0.6852176078078471,0.231,0.3061564380283268,0.0
0.7095,0.21520926746976,0.2682488661466431,0.2417290668082015,0.7022840872828429,0.231,0.2902808872366735,2.775557561562892e-17
0.7095,0.2164151640135731,0.2661202530012204,0.2412677085073967,0.7065725807260594,0.231,0.272283818449593,0.0
0.7095,0.2152644956147129,0.2675142944667463,0.2413893950407296,0.6988408619553051,0.231,0.2862084158161397,2.775557561562892e-17
0.7095,0.2177201958344247,0.2638376798175622,0.2407789378259934,0.7120440445009755,0.231,0.2528851760767858,2.775557561562892e-17
0.7095,0.2149164911336384,0.2669729289863873,0.2409447100600129,0.6910370834082672,0.231,0.2855051841875597,0.0
0.7095,0.2169429443464959,0.265181386895171,0.2410621656208334,0.7085922573200867,0.2309999999999999,0.264361558480592,-2.775557561562892e-17
0.7095,0.2165149167911367,0.2660025295180504,0.2412587231545935,0.7072988085160627,0.231,0.271092813960486,0.0
0.7095,0.2171020035299775,0.2642461181921077,0.2406740608610426,0.7052018779093453,0.2309999999999999,0.2586203809994682,-2.775557561562892e-17
0.7095,0.2178766745386644,0.2644883584256389,0.2411825164821517,0.7184541649866714,0.231,0.2553141125076146,0.0
0.7095,0.2166383991490938,0.2652781407269433,0.2409582699380185,0.7047352558828885,0.231,0.2666516621350925,0.0
0.7095,0.2156962204873234,0.2671644669001559,0.2414303436937396,0.702655897970114,0.2309999999999999,0.281868535993361,-2.775557561562892e-17
0.7095,0.2169554789927894,0.2657191277363367,0.2413373033645631,0.7119878973562446,0.231,0.2670456123098881,0.0
0.7095,0.2142645686768389,0.2683586331747339,0.2413116009257864,0.690623518892497,0.231,0.2964423922952064,0.0
0.7095,0.2161001137218961,0.266440420179467,0.2412702669506815,0.7040167744973467,0.2309999999999999,0.2757813598870768,-2.775557561562892e-17
0.7095,0.2143634279387933,0.2685196166844701,0.2414415223116317,0.6928038614509267,0.231,0.296675041508851,0.0
0.7095,0.2176069518049684,0.2647825078443178,0.2411947298246431,0.716101953650311,0.231,0.258409172100831,0.0
0.7095,0.2172490182146245,0.2642436098976912,0.2407463140561578,0.7073922489185012,0.231,0.2577427396920928,2.775557561562892e-17
0.7095,0.2189999011262221,0.2639356081093838,0.241467754617803,0.732949592219067,0.231,0.2458915589360908,0.0
0.7095,0.2162167868844041,0.2661549387088624,0.2411858627966332,0.7039695588342638,0.2309999999999999,0.2736316182598333,-2.775557561562892e-17
0.7095,0.2180068721085653,0.2642322556520718,0.2411195638803185,0.7189178997464508,0.2309999999999999,0.2532333353803244,-2.775557561562892e-17
0.7095,0.2176212358972449,0.2656672292747056,0.2416442325859752,0.7215425644829876,0.231,0.2628650905527614,2.775557561562892e-17
0.7095,0.2164995471138842,0.2658560484991608,0.2411777978065225,0.7062098714630248,0.231,0.2704330468811793,0.0
0.7095,0.2189190411177437,0.2627018008047954,0.2408104209612696,0.7240704110794297,0.231,0.2400039478924955,0.0
0.7095,0.211383450434934,0.2717945197865179,0.2415889851107259,0.675282199510483,0.231,0.3310694998409363,2.775557561562892e-17
0.7095,0.217999297713456,0.2643275885931048,0.2411634431532804,0.7193787631769745,0.2309999999999999,0.2537680706667071,-2.775557561562892e-17
0.7095,0.2186184998155224,0.2630884227671191,0.2408534612913208,0.721575857058394,0.231,0.2437575818829438,2.775557561562892e-17
0.7095,0.2182598892746984,0.2639772899641148,0.2411185896194065,0.7213290665440005,0.231,0.2504379430098791,0.0
0.7095,0.2180104767180461,0.2640926746751924,0.2410515756966192,0.718122748961901,0.231,0.2524941110038436,2.775557561562892e-17
0.7095,0.2167253719488394,0.2651040935676428,0.2409147327582411,0.7049399493513598,0.231,0.2652460772623395,0.0
0.7095,0.2182093683964004,0.2636792315671039,0.2409442999817521,0.718700899635856,0.231,0.2491994447874939,0.0
0.7095,0.2167481874708498,0.2655472752759231,0.2411477313733865,0.7079492021228211,0.231,0.2673852470996429,2.775557561562892e-17
0.7095,0.2140495422495447,0.2692663241398156,0.2416579331946801,0.6930198180665444,0.2309999999999999,0.3023381430533677,-2.775557561562892e-17
0.7095,0.2187455995050897,0.2636278549250833,0.2411867272150865,0.7269655818265466,0.231,0.2457942705788665,2.775557561562892e-17
0.7095,0.2138673466466319,0.2692897904646023,0.2415785685556171,0.6908715644218323,0.231,0.3035407377718567,2.775557561562892e-17
0.7095,0.2157386876221327,0.2664087499762163,0.2410737187991745,0.6988100730719277,0.231,0.2777541655977886,0.0
0.7095,0.2179989031471163,0.2639450763203104,0.2409719897337134,0.717036350255417,0.2309999999999999,0.2518024085797778,-2.775557561562892e-17
0.7095,0.2186699248813052,0.2635859655168028,0.241127945199054,0.7254861527364863,0.231,0.2460213436231852,2.775557561562892e-17
0.7095,0.2182723367196028,0.2645032759607497,0.2413878063401762,0.7246938199977296,0.231,0.2530704398179633,0.0
0.7095,0.2158600315269846,0.2671603329603951,0.2415101822436898,0.7048756430277983,0.2309999999999999,0.2808793736531758,-2.775557561562892e-17
0.7095,0.2181715779721025,0.2639375470050731,0.2410545624885878,0.719695173095633,0.231,0.2507510402026509,0.0
0.7095,0.2169171103373828,0.265267254449942,0.2410921823936624,0.708731175033683,0.231,0.2649542550194605,0.0
0.7095,0.2168256054045031,0.2655445599040638,0.2411850826542834,0.7090579069051097,0.2309999999999999,0.2669153623950975,-2.775557561562892e-17
0.7095,0.2176766713224766,0.2646769149423174,0.2411767931323969,0.7165263911121711,0.231,0.2574572352632505,2.775557561562892e-17
0.7095,0.2177299608325476,0.265032801818142,0.2413813813253447,0.7194663387872691,0.231,0.2589721452697255,0.0
0.7095,0.2182207942602994,0.2636166351993443,0.2409187147298218,0.7184939087953051,0.2309999999999999,0.2488100362995899,-2.775557561562892e-17
0.7095,0.218704347700439,0.2624142131299324,0.2405592804151857,0.7186984636364401,0.231,0.239774645921305,0.0
0.7095,0.2154651239348881,0.2670486637326156,0.2412568938337518,0.6988404416209477,0.231,0.2826435621454262,0.0
0.7095,0.2174386354813202,0.2646338269868736,0.2410362312340969,0.7126536817403526,0.2309999999999999,0.2586341812018202,-2.775557561562892e-17
0.7095,0.2163053395528847,0.2652654348765333,0.240785387214709,0.6998645458106882,0.231,0.2685501298746138,0.0
0.7095,0.2187653110448074,0.2630062652818823,0.2408857881633449,0.7234533213359216,0.2309999999999999,0.2424745497515015,-2.775557561562892e-17
0.7095,0.2180015224123495,0.2643390249147117,0.2411702736635306,0.7194825597907912,0.231,0.2538138310576914,0.0
0.7095,0.2143158604955697,0.2685669601212838,0.2414414103084268,0.6924644916041066,0.231,0.2971985336881375,0.0
0.7095,0.2189935559875684,0.2628657914533125,0.2409296737204404,0.7263316107562751,0.231,0.2404147226273076,0.0
0.7095,0.2173740955777269,0.2650381177063132,0.2412061066420201,0.714126005029253,0.231,0.2610900166803911,0.0
0.7095,0.2182171878116502,0.2642109657928633,0.2412140768022567,0.722075186048619,0.231,0.2518905845357773,2.775557561562892e-17
0.7095,0.2129955426723391,0.2695862411621251,0.2412908919172321,0.6818477628278354,0.231,0.3102398499926119,0.0
0.7095,0.2133496434454957,0.2693205435851437,0.2413350935153197,0.6846511935583228,0.2309999999999999,0.3067789561018683,-2.775557561562892e-17
0.7095,0.2189076778689372,0.2631419333905513,0.2410248056297442,0.7266299163743324,0.2309999999999999,0.2423415405875313,-2.775557561562892e-17
0.7095,0.218471689062347,0.2636598619224875,0.2410657754924172,0.722752433995756,0.231,0.2475626535151607,0.0
0.7045,0.2175944137384249,0.2650779198682134,0.2413361668033191,0.7176790984024415,0.231,0.2599997559431279,0.0
0.7045,0.2176808205899828,0.264765868949233,0.2412233447696079,0.7171250774047354,0.2309999999999999,0.2578898788331067,-2.775557561562892e-17
0.7045,0.2174688499677883,0.2641220977556777,0.240795473861733,0.7099633857490161,0.231,0.2558253846884211,0.0
0.7045,0.2157220630012056,0.2668266349471702,0.2412743489741879,0.7010455930450118,0.231,0.2799895871290982,2.775557561562892e-17
0.7045,0.2121605911541984,0.2707549294295125,0.2414577602918554,0.6784773170868174,0.231,0.3211550230046691,0.0
0.7045,0.2139765602150995,0.2696859840485346,0.2418312721318171,0.6944244148746066,0.231,0.3049037959088362,2.775557561562892e-17
0.7045,0.2152051976802787,0.267520039487359,0.2413626185838188,0.6980818105506796,0.231,0.2865887991542459,0.0
0.7045,0.2140425321464417,0.2689327181970012,0.2414876251717215,0.6910655788643405,0.2309999999999999,0.3006836690034524,-2.775557561562892e-17
0.7045,0.2165251489804001,0.2652036312891707,0.2408643901347854,0.7026437486734891,0.231,0.2669368001677186,0.0
0.7045,0.2136826285260187,0.2684077717975748,0.2410452001617967,0.6835573113431725,0.231,0.3001526887402621,2.775557561562892e-17
0.7045,0.2157396173746229,0.2665702461659554,0.2411549317702891,0.6997797786837684,0.231,0.2785748527103404,0.0
0.7045,0.2153025509987657,0.2674041827911241,0.2413533668949449,0.6987148298196565,0.231,0.2854211415106913,2.775557561562892e-17
0.7045,0.2158996073547255,0.265629479258514,0.2407645433066197,0.6963516681786565,0.231,0.2728122498502894,2.775557561562892e-17
0.7045,0.2166778567091225,0.2658648951807823,0.2412713759449524,0.7088228172320341,0.2309999999999999,0.2694275026782573,-2.775557561562892e-17
0.7045,0.2154294155788611,0.2666695686065244,0.2410494920926928,0.6961253333351154,0.231,0.280917151654767,0.0
0.7045,0.2144756741848726,0.2685890828566424,0.2415323785207575,0.69463528133374,0.231,0.2963623075971102,2.775557561562892e-17
0.7045,0.2157509372200069,0.2671052293105954,0.2414280832653011,0.7030615716969891,0.231,0.281242544266576,0.0
0.7045,0.2130233963796811,0.2698066515872958,0.2414150239834885,0.6834171701747003,0.231,0.3111927549043874,0.0
0.7045,0.2148858571577417,0.2678423145542994,0.2413640858560206,0.6957095766133005,0.231,0.2901246426771511,0.0
0.7045,0.2131220918325848,0.2699714932841716,0.2415467925583782,0.6855216112936546,0.231,0.3114406873713435,2.775557561562892e-17
0.7045,0.2164075201680758,0.2661561808487144,0.2412818505083951,0.7066759258987778,0.231,0.2725128484704955,0.0
0.7045,0.216046617488488,0.2656253479310713,0.2408359827097797,0.6983911774661248,0.231,0.2719228773783404,2.775557561562892e-17
0.7045,0.2178077487296078,0.2652912555878206,0.2415495021587141,0.7221719257218155,0.231,0.2598419143672283,0.0
0.7045,0.2150063449123856,0.2675537222706094,0.2412800335914975,0.6956336188087355,0.231,0.2879384760187167,0.0
0.7045,0.2168107090235756,0.2656031891926927,0.2412069491081341,0.709191028469067,0.231,0.2673036818093333,0.0
0.7045,0.21642379822623,0.2670438840315511,0.2417338411288906,0.7120470749530472,0.231,0.2769569745324194,0.0
0.7045,0.2152908500500403,0.2672502178237148,0.2412705339368775,0.6976647210492272,0.231,0.2847043172867205,0.0
0.7045,0.2177277149892351,0.2640495793500257,0.2408886471696304,0.7134768819452083,0.231,0.2539317350512415,0.0
0.7045,0.2100695583362093,0.2733626456200664,0.2417161019781379,0.6693092000723285,0.231,0.3468779446340673,2.775557561562892e-17
0.7045,0.2168035659366918,0.2656947550920892,0.2412491605143905,0.7096320562343916,0.231,0.267815126138766,0.0
0.7045,0.2174271474706873,0.2644431398589746,0.240935143664831,0.7113141329184414,0.2309999999999999,0.257721590904985,-2.775557561562892e-17
0.7045,0.2170635363628859,0.2653390749041875,0.2412013056335367,0.711314175704308,0.2309999999999999,0.2644609125940804,-2.775557561562892e-17
0.7045,0.2168162769226117,0.2654636803585447,0.2411399786405782,0.7084382294716349,0.231,0.2665555552828276,0.0
0.7045,0.2155193156254285,0.2664955298170559,0.2410074227212422,0.6963155342141102,0.231,0.279495191007755,0.0
0.7045,0.2170176594570037,0.2650453518381465,0.2410315056475751,0.7088691992104504,0.231,0.2632235681635726,0.0
0.7045,0.2155404287670861,0.2669362503676696,0.2412383395673779,0.6992056795383852,0.231,0.2816237382406947,2.775557561562892e-17
0.7045,0.2128039833980553,0.2707212103060647,0.24176259685206,0.6858272128455732,0.231,0.3171392698816795,0.0
0.7045,0.2175540188487427,0.2649876330048709,0.2412708259268068,0.7165305366148209,0.231,0.2597735362201288,0.0
0.7045,0.2126197436543671,0.2707553913308066,0.2416875674925869,0.6838384523050255,0.231,0.3184125570175864,0.0
0.7045,0.2145207665193728,0.2678219369856779,0.2411713517525254,0.6908279248568349,0.2309999999999999,0.2921860783222105,-2.775557561562892e-17
0.7045,0.2168046731496917,0.2653146204110597,0.2410596467803757,0.7073728657377234,0.231,0.2658593160182902,0.0
0.7045,0.2174796215152137,0.264941629599665,0.2412106255574393,0.7151326075220227,0.231,0.2599744374033059,2.775557561562892e-17
0.7045,0.217080040942518,0.2658703481545932,0.2414751945485556,0.7146982699457795,0.231,0.2670874561360365,0.0
0.7045,0.2146469442940707,0.2685751581689463,0.2416110512315085,0.696762519450919,0.231,0.2952751339220669,2.775557561562892e-17
0.7045,0.216979844343538,0.2652997761927855,0.2411398102681617,0.7098473627776793,0.231,0.2647518315142811,2.775557561562892e-17
0.7045,0.2157137553125517,0.2666482523969348,0.2411810038547432,0.6998842520792223,0.231,0.2791266621729167,0.0
0.7045,0.2156206514798423,0.2669313212747212,0.2412759863772818,0.7002699714964039,0.2309999999999999,0.2811241544314553,-2.775557561562892e-17
0.7045,0.2164808847739138,0.2660521243137536,0.2412665045438337,0.7071060687434023,0.231,0.2715474408267218,2.775557561562892e-17
0.7045,0.2165334793581479,0.2664087079983532,0.2414710936782505,0.7099457779690178,0.2309999999999999,0.2730627309822082,-2.775557561562892e-17
0.7045,0.2170261717359388,0.2649807287493042,0.2410034502426215,0.7086027035936009,0.231,0.2628417005193104,2.775557561562892e-17
0.7045,0.2175166774061365,0.2637694004781016,0.240643038942119,0.7084858642185321,0.2309999999999999,0.2537289380658865,-2.775557561562892e-17
0.7045,0.2142416908848889,0.2684650761471798,0.2413533835160343,0.6909394528938512,0.231,0.2971203491474503,0.0
0.7045,0.2162368531170755,0.2660079826898367,0.2411224179034561,0.7033793082525488,0.2309999999999999,0.2727606824965771,-2.775557561562892e-17
0.7045,0.2150985669012144,0.2666604609036392,0.2408795139024268,0.6916049457369081,0.231,0.2828291272637275,0.0
0.7045,0.2175749801942843,0.2643569043324502,0.2409659422633672,0.71302976410149,0.231,0.2564095925805973,2.775557561562892e-17
0.7045,0.216806583887321,0.2657025451173355,0.2412545645023282,0.7097221170085831,0.231,0.267837280426795,2.775557561562892e-17
0.7045,0.2130775567663908,0.2700179412799348,0.2415477490231628,0.6852419704094884,0.231,0.3119419297305665,0.0
0.7045,0.2178028333747787,0.2642188458178801,0.2410108395963294,0.7156764243503493,0.231,0.2543616120457299,2.775557561562892e-17
0.7045,0.2161739235845411,0.2664156073654964,0.2412947654750187,0.7049048658460987,0.231,0.2752187464455304,0.0
0.7045,0.2170239703335677,0.2655760499621273,0.2413000101478475,0.7121435420819499,0.2309999999999999,0.265909061981938,-2.775557561562892e-17
0.7045,0.2117249727823977,0.2710828265598245,0.2414038996711111,0.6752741888229726,0.231,0.3254232123923641,0.0
0.7045,0.2120754793822375,0.2708246097161353,0.2414500445491864,0.6778757317732892,0.231,0.3220171745516782,0.0
0.7045,0.2177163711575507,0.2644963451049119,0.2411063581312312,0.7160402684833338,0.231,0.2562961293421115,0.0
0.7045,0.2172823489674258,0.2650151017345977,0.2411487253510117,0.712615547243098,0.231,0.2615112365416545,0.0
0.73,0.2281456651833519,0.2533813957884021,0.240763530485877,0.8868931174880723,0.231,0.1381529014970004,0.0
0.73,0.2282136923647154,0.2530912505407655,0.2406524714527404,0.8879991510594867,0.231,0.1362323470151816,2.775557561562892e-17
0.73,0.228012806993624,0.2524130837728802,0.2402129453832521,0.8775754458279125,0.231,0.1337825544966955,0.0
0.73,0.226395387611003,0.2548924279143804,0.2406439077626917,0.8384178728746354,0.2309999999999999,0.1560909378036097,-2.775557561562892e-17
0.73,0.2232454398861587,0.2580828493713653,0.240664144628762,0.7774070968986883,0.231,0.1908957003800588,0.0
0.73,0.2248776110173171,0.2573441588117377,0.2411108849145274,0.8114247002345287,0.231,0.1776462275950581,0.0
0.73,0.2259229892442102,0.2554701571809898,0.2406965732126,0.828172677440602,0.231,0.161829845579196,0.0
0.73,0.2248611869209197,0.2567329127148674,0.2407970498178936,0.8073900008186573,0.231,0.1745397049619397,0.0
0.73,0.2271168093107968,0.2534319225494125,0.2402743659301047,0.8524349618414401,0.231,0.1442718904489215,0.0
0.73,0.2245912365988354,0.2560858659918755,0.2403385512953554,0.7965124999190868,0.231,0.1726954886040086,0.0
0.73,0.226401410351665,0.2546108870146455,0.2405061486831552,0.8369842268513343,0.231,0.1545736103800397,0.0
0.73,0.2260361384416585,0.2553442810972458,0.2406902097694521,0.8306319981899246,0.231,0.1605210581318952,0.0
0.73,0.2265534835426969,0.2537130148190686,0.2401332491808827,0.8362815465386363,0.2309999999999999,0.1489690157559167,-2.775557561562892e-17
0.73,0.227299323803778,0.2540083935037972,0.2406538586537876,0.8614449609145556,0.231,0.1462769570680231,0.0
0.73,0.2261392179516461,0.2546922684954615,0.2404157432235538,0.8297631266790599,0.231,0.1565000016763924,0.0
0.73,0.2252803754537734,0.2563403987121198,0.2408103870829466,0.815852534988376,0.231,0.170078288258368,0.0
0.73,0.2264233461607071,0.255169148991665,0.240796247576186,0.8407887973696107,0.231,0.1573878126495926,0.0
0.73,0.2239959931195457,0.257378131937014,0.2406870625282798,0.7901869943459342,0.231,0.1828888646030018,2.775557561562892e-17
0.73,0.2256397728212898,0.2557797555519061,0.2407097641865979,0.8221555988728145,0.231,0.1650770988582934,0.0
0.73,0.224093643936567,0.2575122667778959,0.2408029553572314,0.7933381008480128,0.231,0.1830288272561979,0.0
0.73,0.2270350025346122,0.2543240975610039,0.240679550047808,0.8547039591619585,0.231,0.1494479339967889,0.0
0.73,0.2267009287407969,0.2537239133828938,0.2402124210618454,0.8409105686828586,0.2309999999999999,0.1481853159482773,-2.775557561562892e-17
0.73,0.2283707464764363,0.2536111028590347,0.2409909246677355,0.895831362928918,0.231,0.1380890321541281,0.0
0.73,0.2257281067804709,0.2555139190099,0.2406210128951854,0.823006565041045,0.2309999999999999,0.1631746169975589,-2.775557561562892e-17
0.73,0.2274088097110085,0.2537934095688302,0.2406011096399194,0.8638906669669718,0.231,0.1445188210660053,0.0
0.73,0.2270362570289135,0.2551827326047378,0.2411094948168257,0.8591744475997205,0.2309999999999999,0.1539633932040081,-2.775557561562892e-17
0.73,0.2259982223531186,0.2552478863899332,0.2406230543715259,0.8289970906815896,0.231,0.1602307836008376,0.0
0.73,0.2282849043441857,0.2524355697158484,0.240360237030017,0.8875767762903933,0.231,0.1323565562982487,0.0
0.73,0.2215977351003042,0.2600272409172672,0.2408124880087857,0.7553373456198451,0.231,0.2105527312149988,0.0
0.73,0.2273999495435255,0.2539150686945983,0.2406575091190619,0.8642265027751599,0.231,0.1452115493336148,0.0
0.73,0.2279853755830124,0.2527688308147636,0.240377103198888,0.8783614153556195,0.231,0.1358227668237317,0.0
0.73,0.2276630698726749,0.2536085728533199,0.2406358213629974,0.871386955580921,0.2309999999999999,0.1420959832869512,-2.775557561562892e-17
0.73,0.2274010555149936,0.2536501158848985,0.2405255856999461,0.8628924451279539,0.231,0.1438061781448472,0.0
0.73,0.2262046417878395,0.2545144364951562,0.2403595391414978,0.8306113392294886,0.231,0.1551891495063164,0.0
0.73,0.2275803152316781,0.2532708760914322,0.2404255956615551,0.8668894467898106,0.231,0.1407818970518524,2.775557561562892e-17
0.73,0.2262397073535988,0.2549778234201454,0.2406087653868721,0.834356134014557,0.231,0.1574296262532113,2.775557561562892e-17
0.73,0.2238125335699189,0.2582397516915188,0.2410261426307188,0.7912272085216308,0.231,0.1884476217810993,0.0
0.73,0.2281139648912954,0.2532721443786124,0.2406930546349538,0.8852844217062865,0.231,0.1377553438978627,0.0
0.73,0.223643109268578,0.2581843217523486,0.2409137155104633,0.7870112192825124,0.231,0.1891337611189911,2.775557561562892e-17
0.73,0.2253047507664008,0.2556627549354957,0.2404837528509483,0.8123971127391488,0.231,0.1663807855593424,0.0
0.73,0.2273890039127864,0.2535119861516451,0.2404504950322157,0.8617693778529585,0.231,0.1431450024411809,0.0
0.73,0.2280296668024167,0.2532564063657362,0.2406430365840765,0.8822545739560312,0.231,0.138150944094604,0.0
0.73,0.2276486105278787,0.2540904156843612,0.2408695131061199,0.8732541347957226,0.231,0.1447221346900582,0.0
0.73,0.2253910378126038,0.2564004583890202,0.240895748100812,0.8191207032206858,0.2309999999999999,0.1697593709724774,-2.775557561562892e-17
0.73,0.2275432466380063,0.2535586280824016,0.240550937360204,0.8671265547506181,0.231,0.1425137032315917,0.0
0.73,0.2263760194693728,0.2547533605742863,0.2405646900218296,0.837053777747116,0.231,0.155469163077254,2.775557561562892e-17
0.73,0.2262965435305604,0.2549896791462476,0.240643111338404,0.8360772927561075,0.231,0.1571673889389844,0.0
0.73,0.2270794162402246,0.2542042353243505,0.2406418257822876,0.8554613858394449,0.231,0.1485627292107865,0.0
0.73,0.2271360887948711,0.2545549540801766,0.2408455214375238,0.8590783694028477,0.231,0.1500889575317721,0.0
0.73,0.2276129023672723,0.2532287264554065,0.2404208144113394,0.8677732318478637,0.231,0.1403736493140206,0.0
0.73,0.2280444362181175,0.2520876317708419,0.2400660339944797,0.877072755349795,0.231,0.1318774386888974,0.0
0.73,0.2250681744214339,0.2562895535701862,0.2406788639958101,0.8100075736467557,0.231,0.1710278045121316,0.0
0.73,0.2268863345118676,0.2541697936857389,0.2405280640988032,0.8492249292174827,0.231,0.1494814732840161,2.775557561562892e-17
0.73,0.2257893776297027,0.2546474844872788,0.2402184310584908,0.8194399100393761,0.231,0.1582642444726629,0.0
0.73,0.2281249221741407,0.2527147024381289,0.2404198123061348,0.8830783441334841,0.231,0.1347434948910686,0.0
0.73,0.2273969811700248,0.2539540478585116,0.2406755145142682,0.8643291869452907,0.231,0.1454341921357953,0.0
0.73,0.2240267170739973,0.2575604179736206,0.2407935675238089,0.7920514962879914,0.231,0.1836656021083036,0.0
0.73,0.2283538154487757,0.252558258915678,0.2404560371822268,0.8906736048344694,0.231,0.1326154731372075,2.775557561562892e-17
0.73,0.2268083181977014,0.2545514015812684,0.2406798598894849,0.8489107449108766,0.231,0.1519383453493854,0.0
0.73,0.2275993730363171,0.2538164667141322,0.2407079198752247,0.870289704668504,0.231,0.1435562554172116,0.0
0.73,0.2229272910646551,0.2582792944788827,0.2406032927717689,0.7716477665846809,0.231,0.193757024712198,0.0
0.73,0.2232989067946091,0.2579691968286646,0.2406340518116368,0.7778762970305024,0.231,0.189993749414014,0.0
0.73,0.2282725180846591,0.2528271391140787,0.2405498285993689,0.8889218484751621,0.231,0.134500760471198,0.0
0.73,0.22782404491823,0.2533348366767595,0.2405794407974947,0.8755054287678818,0.231,0.1397340830169424,0.0
0.75,0.2321748064133089,0.2491055183731666,0.2406401623932377,1.0,0.2321748064133089,0.0926829680577507,0.0011748064133088
0.75,0.2322361915458612,0.2488224825522654,0.2405293370490633,1.0,0.2322361915458612,0.090824946118817,0.0012361915458612
0.75,0.2320392498238603,0.2481316089505085,0.2400854293871844,1.0,0.2320392498238603,0.088230077592339,0.0010392498238603
0.75,0.2304692845666061,0.2505335618834746,0.2405014232250403,0.9735492375323316,0.231,0.1098946243098581,0.0
0.75,0.227455260064773,0.2534865044280168,0.2404708822463949,0.8638274880077504,0.231,0.1426332522392548,0.0
0.75,0.2290275506479384,0.2528543031373074,0.2409409268926229,0.9172170293479311,0.231,0.1303635715963171,0.0
0.75,0.2300124985029355,0.2510716742855058,0.2405420863942207,0.9531082551729408,0.231,0.1153358017879566,0.0
0.75,0.2289861729487809,0.2522854607711343,0.2406358168599576,0.913567012581087,0.231,0.1275846398758278,0.0
0.75,0.2311615256476776,0.2491278789373025,0.24014470229249,1.0,0.2311615256476776,0.0984951653041843,0.0001615256476776
0.75,0.2287426889254477,0.2516032257067506,0.2401729573160991,0.9012573022170464,0.231,0.1253443732894414,0.0
0.75,0.2304710762804807,0.2502435898045685,0.2403573330425246,0.9732495456950944,0.231,0.1083396035342509,0.0
0.75,0.2301289234733371,0.2509450289341744,0.2405369762037557,0.958153722448144,0.231,0.1140049125055269,0.0
0.75,0.2306203303597863,0.24935884333021,0.2399895868449982,0.9797385395088224,0.231,0.1027770794895903,0.0
0.75,0.2313535028180531,0.2496766894468227,0.2405150961324379,1.0,0.2313535028180531,0.1003469605426408,0.0003535028180531
0.75,0.2302260498575254,0.2503207265235162,0.2402733881905208,0.9614848173305282,0.231,0.1101327708015962,0.0
0.75,0.2293993930194809,0.2518773061500892,0.240638349584785,0.9287920114639332,0.231,0.1230807559764426,0.0
0.75,0.2304969832086978,0.2508101345990408,0.2406535589038693,0.975236890542678,0.231,0.1112108731871572,0.0
0.75,0.2281712821152142,0.2528605639382029,0.2405159230267085,0.8854272916860657,0.231,0.1352524501309535,0.0
0.75,0.2297420289957546,0.2513796972415093,0.2405608631186319,0.9418619885489652,0.231,0.1185010376714517,0.0
0.75,0.2282673323878501,0.2529845687290509,0.2406259505584505,0.8894428335584249,0.231,0.1353634031272574,0.0
0.75,0.231091766010549,0.250001287626381,0.240546526818465,1.0,0.231091766010549,0.1035513223390043,9.176601054905476e-05
0.75,0.2307681353936428,0.2493758958087407,0.2400720156011918,0.9875393598592876,0.231,0.1020353553887811,0.0
0.75,0.2324030053052265,0.2493418154650937,0.2408724103851601,1.0,0.2324030053052265,0.0926661993389257,0.0014030053052265
0.75,0.2298189743839127,0.2511199720617137,0.2404694732228132,0.9445553849659302,0.231,0.1166856612013005,0.0
0.75,0.2314541773103034,0.2494778984216288,0.2404660378659661,1.0,0.2314541773103034,0.0987194996020943,0.0004541773103033
0.75,0.2310887035876215,0.2508475342817704,0.240968118934696,1.0,0.2310887035876215,0.1080767781464862,8.870358762155806e-05
0.75,0.2300841818878624,0.2508664062873108,0.2404752940875865,0.9559326232584648,0.231,0.1138391527689994,2.775557561562892e-17
0.75,0.232315757128552,0.2481896438230345,0.2402527004757932,1.0,0.232315757128552,0.0869900786505146,0.0013157571285519
0.75,0.2259416319035018,0.2552395801434621,0.2405906060234819,0.8273473604680984,0.231,0.1605106331972849,0.0
0.75,0.2314457976409392,0.2496093822106272,0.2405275899257832,1.0,0.2314457976409392,0.099468710015659,0.0004457976409392
0.75,0.2320170515040634,0.248500593096259,0.2402588223001612,1.0,0.2320170515040634,0.0903314758570912,0.0010170515040634
0.75,0.2317088594026041,0.2493223411608398,0.2405156002817219,1.0,0.2317088594026041,0.0964573417828542,0.000708859402604
0.75,0.2314434914894208,0.24933169268893,0.2403875920891754,1.0,0.2314434914894208,0.0979985676896171,0.0004434914894207
0.75,0.2302829344043719,0.2501394352014157,0.2402111848028938,0.9638876152975128,0.231,0.1088455250945892,0.0
0.75,0.2316143327366914,0.2489649678822094,0.2402896503094504,1.0,0.2316143327366914,0.0950780458572948,0.0006143327366914
0.75,0.2303227190053599,0.25061191990595,0.240467319455655,0.9666186461478448,0.231,0.1111384863280513,0.0
0.75,0.2280000421448277,0.2537061019317405,0.2408530720382841,0.8832976395433598,0.231,0.1406957118509813,0.0
0.75,0.232146136423294,0.2489901710711898,0.2405681537472419,1.0,0.232146136423294,0.0922270441101691,0.001146136423294
0.75,0.2278346158010526,0.2536190526537981,0.2407268342274253,0.8772366363079854,0.231,0.1411759842231905,0.0
0.75,0.2294171562182579,0.2512275899561745,0.2403223730872162,0.9274272212665642,0.231,0.1195293615073977,0.0
0.75,0.2314309031952852,0.249196556337429,0.2403137297663571,1.0,0.2314309031952852,0.0973471921308137,0.0004309031952851
0.75,0.2320588199653236,0.2489826784950768,0.2405207492302002,1.0,0.2320588199653236,0.0926768815358396,0.0010588199653236
0.75,0.2316852522467209,0.2497841607868407,0.2407347065167808,1.0,0.2316852522467209,0.0990559351476108,0.0006852522467209
0.75,0.2294897918695814,0.251958975558037,0.2407243837138092,0.9327875835919004,0.231,0.1230028116143797,0.0
0.75,0.2315778286420362,0.2492648870026442,0.2404213578223402,1.0,0.2315778286420362,0.0968865316324434,0.0005778286420362
0.75,0.2304459911567806,0.2504078670383255,0.240426929097553,0.9722466542469792,0.2309999999999999,0.1093564351792395,-2.775557561562892e-17
0.75,0.2303714194038554,0.250628691650156,0.2405000555270057,0.9689701264562244,0.231,0.1109530904746842,0.0
0.75,0.2311269413166338,0.2498743266093958,0.2405006339630148,1.0,0.2311269413166338,0.1026761344442463,0.0001269413166338
0.75,0.2311840517825594,0.2502228616675467,0.2407034567250531,1.0,0.2311840517825594,0.1042134014476796,0.0001840517825594
0.75,0.2316551564531374,0.248933841147372,0.2402944988002547,1.0,0.2316551564531374,0.094682196847065,0.0006551564531374
0.75,0.2320656389600134,0.2478147908940667,0.2399402149270401,1.0,0.2320656389600134,0.0863830778186742,0.0010656389600134
0.75,0.2291935665970451,0.2518543679298572,0.2405239672634511,0.9202837809473576,0.2309999999999999,0.1241237285191898,-2.775557561562892e-17
0.75,0.230952078358661,0.2498437974117306,0.2403979378851958,0.9974633520007198,0.231,0.1034975056561824,0.0
0.75,0.22986927290084,0.2502602543018522,0.2400647636013461,0.9445476862087726,0.231,0.1118247602610413,0.0
0.75,0.2321538532146974,0.248456545578445,0.2403051993965712,1.0,0.2321538532146974,0.089328003346822,0.0011538532146973
0.75,0.2314410966051773,0.2496597311309553,0.2405504138680663,1.0,0.2314410966051773,0.0997639282422109,0.0004410966051772
0.75,0.2281940842473973,0.2530304086661633,0.2406122464567803,0.8870237115085139,0.231,0.1360217976795081,0.0
0.75,0.2323818288143955,0.2482945781772152,0.2403382034958054,1.0,0.2323818288143955,0.0871819395225526,0.0013818288143955
0.75,0.2308679013074457,0.2502173017787193,0.2405426015430825,0.9931729826590544,0.231,0.1059633620409554,0.0
0.75,0.231637933730035,0.249519378860472,0.2405786562952535,1.0,0.231637933730035,0.0979082938552446,0.000637933730035
0.75,0.2271748063239065,0.2536459228197993,0.2404103645718529,0.855495567151956,0.231,0.1450722577931638,0.0
0.75,0.2275494406666086,0.2533224097355256,0.2404359252010671,0.8661171196781965,0.231,0.1412300077943955,0.0
0.75,0.2323024909774014,0.2485620621777872,0.2404322765775943,1.0,0.2323024909774014,0.089059364444803,0.0013024909774014
0.75,0.2318501144655194,0.2490636697683781,0.2404568921169487,1.0,0.2318501144655194,0.09428147049371,0.0008501144655194
0.8,0.2437405309310744,0.2373734326967362,0.2405569818139052,0.0,0.2373734326967362,-0.0348536494603235,0.0063734326967361
0.8,0.2437838156806576,0.2371075565319547,0.2404456861063061,0.0,0.2371075565319547,-0.036557730677907,0.0061075565319547
0.8,0.243597391563829,0.2363810884230468,0.2399892399934379,0.0,0.2363810884230468,-0.0395666164093053,0.0053810884230468
0.8,0.2421577413412845,0.2385846018477016,0.240371171594493,0.0,0.2385846018477016,-0.0195691706434912,0.0075846018477016
0.8,0.2394830239028456,0.2409593781378186,0.2402212010203321,1.0,0.2394830239028456,0.0080889684387668,0.0084830239028456
0.8,0.2409078055491382,0.2405881996689449,0.2407480026090416,0.0,0.2405881996689449,-0.0017485021682759,0.0095881996689449
0.8,0.2417422748050292,0.2390204486017119,0.2403813617033705,0.0,0.2390204486017119,-0.0149062233386458,0.0080204486017118
0.8,0.2408095593071819,0.2401150325580312,0.2404622959326066,0.0,0.2401150325580312,-0.0038027071966129,0.0091150325580312
0.8,0.242771738895658,0.2373173376033834,0.2400445382495207,0.0,0.2373173376033834,-0.0299007282612049,0.0063173376033834
0.8,0.2406240814494087,0.2393556686590311,0.2399898750542199,0.0,0.2393556686590311,-0.0069542309191055,0.008355668659031
0.8,0.2421478397089512,0.2382733984395679,0.2402106190742595,0.0,0.2382733984395679,-0.0212290734715554,0.0072733984395678
0.8,0.2418619830521389,0.2388973028431416,0.2403796429476402,0.0,0.2388973028431416,-0.0162363306827257,0.0078973028431416
0.8,0.2422896536745019,0.2374174762802908,0.2398535649773963,0.0,0.2374174762802908,-0.026723378334158,0.0064174762802908
0.8,0.2429861799592579,0.2377980183129054,0.2403920991360817,0.0,0.2377980183129054,-0.0284129971186883,0.0067980183129054
0.8,0.241949008420209,0.2383450130921959,0.2401470107562024,0.0,0.2383450130921959,-0.0197507616145193,0.0073450130921959
0.8,0.2412045508647816,0.2396687044584038,0.2404366276615927,0.0,0.2396687044584038,-0.0084097735387869,0.0086687044584038
0.8,0.2421849320100166,0.2388622915147359,0.2405236117623763,0.0,0.2388622915147359,-0.0181893329528815,0.0078622915147359
0.8,0.2401187866435963,0.2405288438983139,0.2403238152709551,1.0,0.2401187866435963,0.0022460491753721,0.0091187866435962
0.8,0.2415056048639952,0.2393324097887086,0.2404190073263519,0.0,0.2393324097887086,-0.0119003063413218,0.0083324097887085
0.8,0.2402078244257626,0.2406266169694164,0.2404172206975895,1.0,0.2402078244257626,0.0022932866577793,0.0092078244257625
0.8,0.2427324621556429,0.2381475144859179,0.2404399883207804,0.0,0.2381475144859179,-0.0251059064304008,0.0071475144859179
0.8,0.2424388792861562,0.2374536017157035,0.2399462405009299,0.0,0.2374536017157035,-0.0273365265357883,0.0064536017157035
0.8,0.243974268689035,0.2376288488579984,0.2408015587735167,0.0,0.2376288488579984,-0.0347108660370563,0.0066288488579984
0.8,0.2415521132721546,0.2390837405724552,0.2403179269223049,0.0,0.2390837405724552,-0.0135205911355698,0.0080837405724552
0.8,0.2430619817044463,0.2376411908646413,0.2403515862845438,0.0,0.2376411908646413,-0.0296904958513806,0.0066411908646412
0.8,0.2427205727105023,0.238955606435319,0.2408380895729107,0.0,0.238955606435319,-0.0205924697069048,0.007955606435319
0.8,0.2418047637387001,0.2388612867193293,0.2403330252290147,0.0,0.2388612867193293,-0.0161223447771992,0.0078612867193293
0.8,0.2438849987894082,0.2365391380737662,0.2402120684315872,0.0,0.2365391380737662,-0.0402514941649105,0.0055391380737661
0.8,0.2382797795634796,0.2422918738407832,0.2402858267021314,1.0,0.2382797795634796,0.0219786318532966,0.0072797795634796
0.8,0.2430578609081537,0.2377972065964526,0.2404275337523031,0.0,0.2377972065964526,-0.0288071257309829,0.0067972065964525
0.8,0.2435896769798634,0.2367882227865863,0.2401889498832248,0.0,0.2367882227865863,-0.0372705582043015,0.0057882227865862
0.8,0.2433176149189811,0.2375670598596569,0.240442337389319,0.0,0.2375670598596569,-0.0314886686719821,0.0065670598596569
0.8,0.2430480972233113,0.2374840410514885,0.2402660691373999,0.0,0.2374840410514885,-0.0304826523054104,0.0064840410514885
0.8,0.2419835267548767,0.2381486271836028,0.2400660769692397,0.0,0.2381486271836028,-0.0210210597968683,0.0071486271836028
0.8,0.2431951446722266,0.237146390745763,0.2401707677089948,0.0,0.237146390745763,-0.0331472701372812,0.006146390745763
0.8,0.242035317333835,0.2386483040081572,0.2403418106709961,0.0,0.2386483040081572,-0.0185513272126118,0.0076483040081572
0.8,0.2399790656000582,0.2413381580074276,0.2406586118037429,1.0,0.2399790656000582,0.0074372334086132,0.0089790656000582
0.8,0.2437198099131985,0.2372434677601121,0.2404816388366553,0.0,0.2372434677601121,-0.0354592997799561,0.0062434677601121
0.8,0.239821395725123,0.2411657545098784,0.2404935751175007,1.0,0.239821395725123,0.0073600564465603,0.008821395725123
0.8,0.2412062788282677,0.2390836893008077,0.2401449840645377,0.0,0.2390836893008077,-0.0116322567327813,0.0080836893008077
0.8,0.2430331472937041,0.2373540426297141,0.2401935949617091,0.0,0.2373540426297141,-0.0311194103382661,0.0063540426297141
0.8,0.2436257376693124,0.237251376092081,0.2404385568806967,0.0,0.237251376092081,-0.0349051578639834,0.0062513760920809
0.8,0.2432744289224459,0.2379696885024404,0.2406220587124432,0.0,0.2379696885024404,-0.0290325046685562,0.0069696885024403
0.8,0.2412437205172399,0.2397966416893032,0.2405201811032715,0.0,0.2397966416893032,-0.0079218288566131,0.0087966416893031
0.8,0.2431609443944227,0.2374801681362545,0.2403205562653386,0.0,0.2374801681362545,-0.0311173238032544,0.0064801681362544
0.8,0.2421239885391463,0.2384930880964237,0.240308538317785,0.0,0.2384930880964237,-0.01988906510253,0.0074930880964236
0.8,0.2420626969557621,0.2386755487867963,0.2403691228712792,0.0,0.2386755487867963,-0.0185506246918123,0.0076755487867962
0.8,0.2427457797122708,0.2379980420862429,0.2403719108992568,0.0,0.2379980420862429,-0.0260023766415966,0.0069980420862428
0.8,0.2428013078111937,0.2383399063299325,0.2405706070705631,0.0,0.2383399063299325,-0.0244203055927181,0.0073399063299325
0.8,0.2432571085273713,0.2371531831196952,0.2402051458235332,0.0,0.2371531831196952,-0.0334463616700679,0.0061531831196951
0.8,0.2436111101160453,0.2360848172220953,0.2398479636690703,0.0,0.2360848172220953,-0.0412831245278915,0.0050848172220952
0.8,0.2410125536264,0.2397245975438839,0.240368575585142,0.0,0.2397245975438839,-0.0070537693817214,0.0087245975438839
0.8,0.2426197659563787,0.2379793433595284,0.2402995546579535,0.0,0.2379793433595284,-0.0254198371546445,0.0069793433595284
0.8,0.2415730730969201,0.2382341048425856,0.2399035889697528,0.0,0.2382341048425856,-0.0183110125103087,0.0072341048425855
0.8,0.2437196902869988,0.236767557652336,0.2402436239696674,0.0,0.236767557652336,-0.0380904041854888,0.0057675576523359
0.8,0.2430495343325302,0.2378791642769092,0.2404643493047197,0.0,0.2378791642769092,-0.0283097398696734,0.0068791642769092
0.8,0.2401212797368738,0.2406599858919249,0.2403906328143994,1.0,0.2401212797368738,0.0029501508800351,0.0091212797368738
0.8,0.2439417038397043,0.2365928319545887,0.2402672678971465,0.0,0.2365928319545887,-0.040261668392163,0.0055928319545887
0.8,0.2425171010203596,0.2383338944887764,0.240425497754568,0.0,0.2383338944887764,-0.0229069354301552,0.0073338944887764
0.8,0.2432310343660327,0.2377343981929182,0.2404827162794754,0.0,0.2377343981929182,-0.0300947180481363,0.0067343981929182
0.8,0.2392948210041082,0.2410412536247005,0.2401680373144044,1.0,0.2392948210041082,0.0095701901611489,0.0082948210041081
0.8,0.2396684148620865,0.2406899111860793,0.2401791630240829,1.0,0.2396684148620865,0.0055974573724619,0.0086684148620865
0.8,0.2438679139438136,0.236861429690407,0.2403646718171103,0.0,0.236861429690407,-0.0383750064667809,0.0058614296904069
0.8,0.2434084619004008,0.2373415340738185,0.2403749979871097,0.0,0.2373415340738185,-0.03322755256067,0.0063415340738185
0.7085,0.218547135280975,0.2639908840385633,0.2412690096597692,0.7259718870145908,0.231,0.2488251887264996,2.775557561562892e-17
0.7085,0.2186318183979273,0.2636810251182138,0.2411564217580706,0.7254517337260226,0.231,0.2467340613895037,0.0
0.7085,0.218420896207179,0.2630340689014898,0.2407274825543344,0.7180405913066761,0.231,0.2446343459826134,0.0
0.7085,0.2166860940624768,0.2657168566447975,0.2412014753536371,0.7080627511454524,0.231,0.2686203671555989,0.0
0.7085,0.2131655666596324,0.2695705291560578,0.2413680479078451,0.6838144632841868,0.231,0.309146059778872,0.0
0.7085,0.2149630854329191,0.2685349996017045,0.2417490425173118,0.7006469748951946,0.231,0.293196308695397,2.775557561562892e-17
0.7085,0.2161734785079311,0.2663990281314044,0.2412862533196677,0.7048012096787568,0.2309999999999999,0.2751365404486929,-2.775557561562892e-17
0.7085,0.2150204267568511,0.2677967551425135,0.2414085909496823,0.697220823578739,0.231,0.2890948484447151,2.775557561562892e-17
0.7085,0.2174814758646047,0.2641097492973113,0.240795612580958,0.7100788182752462,0.2309999999999999,0.2556876587657739,-2.775557561562892e-17
0.7085,0.2146700851790546,0.2672586076800626,0.2409643464295586,0.6894775885625535,0.2309999999999999,0.2884254663916015,-2.775557561562892e-17
0.7085,0.2167025781222853,0.2654579948927236,0.2410802865075045,0.7067521349467047,0.231,0.2671961014906401,0.0
0.7085,0.2162727660996152,0.2662816598946143,0.2412772129971148,0.7055077050743022,0.2309999999999999,0.2739500250510984,-2.775557561562892e-17
0.7085,0.2168618224968489,0.2645216419079305,0.2406917322023897,0.7033522644891986,0.2309999999999999,0.2614507193513127,-2.775557561562892e-17
0.7085,0.2176372102701503,0.2647625197140502,0.2411998649921002,0.7164413372020954,0.2309999999999999,0.258128777731871,-2.775557561562892e-17
0.7085,0.2163969081354752,0.2655552499596244,0.2409760790475498,0.7029376638300087,0.231,0.269496517847384,0.0
0.7085,0.2154524385199645,0.2674481490217371,0.2414502937708508,0.700983767122378,0.231,0.2847586019722512,0.0
0.7085,0.2167148704671574,0.265995187783811,0.2413550291254842,0.7101250497018383,0.231,0.2698768840879655,0.0
0.7085,0.2140167039419992,0.2686469198395175,0.2413318118907583,0.6891226626330739,0.231,0.2993830714365049,0.0
0.7085,0.2158575758134636,0.2667196016735531,0.2412885887435083,0.7022842891042139,0.2309999999999999,0.2786416099887228,-2.775557561562892e-17
0.7085,0.2141155371317499,0.268808664454478,0.241462100793114,0.6912873025413269,0.231,0.2996186968775107,2.775557561562892e-17
0.7085,0.2173673634401411,0.2650560997255495,0.2412117315828453,0.7141329877506082,0.231,0.2612219009103536,0.0
0.7085,0.2170088352417261,0.2645188080209968,0.2407638216313614,0.7055109919073992,0.231,0.260570732616352,0.0
0.7085,0.2187617670778005,0.264205617646355,0.2414836923620777,0.7306955117340368,0.231,0.2486737697531924,2.775557561562892e-17
0.7085,0.2159750068894712,0.2664335107137976,0.2412042588016344,0.7022307049999151,0.231,0.2764846883065415,0.0
0.7085,0.2177679378181757,0.264505304683081,0.2411366212506283,0.7168847312243397,0.231,0.2560394397948746,2.775557561562892e-17
0.7085,0.2173820392982375,0.2659414237255462,0.2416617315118918,0.7195606809606905,0.231,0.2656755475573114,0.0
0.7085,0.2162581130518264,0.2661337072168308,0.2411959101343286,0.7044268405223865,0.231,0.273279069802208,2.775557561562892e-17
0.7085,0.2186810683873696,0.2629702474576804,0.2408256579225249,0.7218523379475235,0.2309999999999999,0.2427817070546212,-2.775557561562892e-17
0.7085,0.2111212946172258,0.2721063781406772,0.2416138363789515,0.674039876076747,0.231,0.3342179248680216,0.0
0.7085,0.2177604444047321,0.2645998935793521,0.2411801689920421,0.7173417743255239,0.231,0.2565695869183269,0.0
0.7085,0.2183805198434512,0.2633582527234542,0.2408693862834527,0.7194282737590046,0.231,0.2465425836820474,0.0
0.7085,0.2180209177057488,0.2642485158647858,0.2411347167852673,0.7192352012406279,0.2309999999999999,0.2532345842826906,-2.775557561562892e-17
0.7085,0.2177719244463601,0.2643657466014016,0.2410688355238808,0.716098080350152,0.231,0.2552985490111732,0.0
0.7085,0.2164844621102215,0.2653812136189669,0.2409328378645941,0.7031390134949489,0.231,0.2680877442169909,0.0
0.7085,0.2179713139767137,0.2639513375030526,0.2409613257398832,0.7166446420841216,0.231,0.2519964803484944,2.775557561562892e-17
0.7085,0.216506940377801,0.2658239015175909,0.2411654209476959,0.7061242362213248,0.2309999999999999,0.2702247486328215,-2.775557561562892e-17
0.7085,0.2138008087035639,0.2695559626560077,0.2416783856797858,0.6915228444870575,0.2309999999999999,0.3052888061334133,-2.775557561562892e-17
0.7085,0.2185075746884299,0.2638986868322659,0.2412031307603479,0.724782568182425,0.231,0.2485822810898001,0.0
0.7085,0.21361821332914,0.2695815551292357,0.2415998842291878,0.6894076352168399,0.231,0.3065054152650915,0.0
0.7085,0.2154954235272471,0.2666901784951125,0.2410928010111798,0.6971452157064721,0.231,0.28063204887727,0.0
0.7085,0.2177603466661217,0.2642178609767861,0.2409891038214539,0.7150158907481821,0.231,0.2546059504479456,0.0
0.7085,0.2184321517133256,0.2638559909667308,0.2411440713400282,0.7233204305659339,0.2309999999999999,0.2488042177922707,-2.775557561562892e-17
0.7085,0.2180341632626871,0.2647755651250372,0.2414048641938621,0.722604880882771,0.2309999999999999,0.2558660267428023,-2.775557561562892e-17
0.7085,0.2156177257311095,0.26744209166789,0.2415299086994997,0.7031845157998649,0.231,0.2837501144134295,0.0
0.7085,0.2179335173055766,0.2642088787194794,0.241071198012528,0.7176362907778882,0.231,0.2535434251120372,0.0
0.7085,0.2166767379780441,0.2655423048768639,0.241109521427454,0.7068843578216668,0.231,0.2677806765504427,0.0
0.7085,0.2165849149659206,0.2658207510372632,0.2412028330015919,0.7072237178385284,0.231,0.2697489955724617,0.0
0.7085,0.2174378028588407,0.2649508194988448,0.2411943111788428,0.7145582810723824,0.231,0.2602673713993424,2.775557561562892e-17
0.7085,0.2174909586861338,0.2653068444370162,0.241398901561575,0.7174779657068912,0.231,0.2617823193843831,2.775557561562892e-17
0.7085,0.217982162084864,0.2638883251967276,0.2409352436407958,0.7164250498693553,0.231,0.2516084805211276,0.0
0.7085,0.2184670979100528,0.262684145203115,0.2405756215565839,0.7165594978135581,0.2309999999999999,0.2425578016300413,-2.775557561562892e-17
0.7085,0.2152207750508747,0.267330705044101,0.2412757400474878,0.6971935108879173,0.231,0.2855301282180564,0.0
0.7085,0.217198574522735,0.2649075202175061,0.2410530473701205,0.7107161921883,0.231,0.261451502086883,0.0
0.7085,0.2160642886706094,0.265543272128092,0.2408037803993507,0.6981402954200779,0.2309999999999999,0.2713977507756491,-2.775557561562892e-17
0.7085,0.2185275332548286,0.2632752905397855,0.240901411897307,0.7212716904280623,0.231,0.2452538239959927,2.775557561562892e-17
0.7085,0.2177628249635706,0.2646106045159736,0.2411867147397721,0.7174428508052861,0.2309999999999999,0.2566106555128764,-2.775557561562892e-17
0.7085,0.2140685637302189,0.2688558457848808,0.2414622047575499,0.6909604631803354,0.231,0.3001379074346908,0.0
0.7085,0.2187557059045583,0.2631352913393265,0.2409454986219424,0.724100755437676,0.231,0.2431962990837326,2.775557561562892e-17
0.7085,0.217134358430323,0.2653124679856785,0.2412234132080007,0.7122003810932911,0.231,0.263907735165519,0.0
0.7085,0.2179788336156975,0.2644828508680826,0.2412308422418901,0.7199991064506445,0.2309999999999999,0.2546863996957662,-2.775557561562892e-17
0.7085,0.2127418855155801,0.2698840839700536,0.2413129847428169,0.6804793133927722,0.231,0.3132657790850534,0.0
0.7085,0.2130952975036313,0.2696198401656023,0.2413575688346168,0.6832402058793702,0.231,0.3098154816889936,0.0
0.7085,0.2186697111208539,0.2634116961934117,0.2410407036571328,0.7244134595469977,0.231,0.2451246102913133,0.0
0.7085,0.2182341078639506,0.2639297997385334,0.241081953801242,0.7206324795106089,0.231,0.250344611922495,0.0
