ay,A,B,cA,cB,r,S_raw,w_star,S_star,err_star,z_pred,_source
0.7045,0.2175944137384249,0.2650779198682134,3.5957062169901226,2.7724756573356304,0.2599997559431279,0.2413361668033191,0.7176790984024415,0.231,0.0,-2.115011715000991,C:\Users\anthoni.newland\OneDrive - ZINUS\Desktop\New Results\ew_sweep_ax2p556_ay0p7045\cycle_rows_r.csv
0.7045,0.2176808205899828,0.264765868949233,3.593881984134792,2.776921866737072,0.2578898788331067,0.2412233447696079,0.7171250774047354,0.2309999999999999,-2.775557561562892e-17,-2.115011715000991,C:\Users\anthoni.newland\OneDrive - ZINUS\Desktop\New Results\ew_sweep_ax2p556_ay0p7045\cycle_rows_r.csv
0.7045,0.2174688499677883,0.2641220977556777,3.598359719785711,2.7861277359876,0.2558253846884211,0.240795473861733,0.7099633857490161,0.231,0.0,-2.115011715000991,C:\Users\anthoni.newland\OneDrive - ZINUS\Desktop\New Results\ew_sweep_ax2p556_ay0p7045\cycle_rows_r.csv
0.7045,0.2157220630012056,0.2668266349471702,3.635594459313192,2.747751794711172,0.2799895871290982,0.2412743489741879,0.7010455930450118,0.231,2.775557561562892e-17,-2.115011715000991,C:\Users\anthoni.newland\OneDrive - ZINUS\Desktop\New Results\ew_sweep_ax2p556_ay0p7045\cycle_rows_r.csv
0.7045,0.2121605911541984,0.2707549294295125,3.7134106978105055,2.693376892923151,0.3211550230046691,0.2414577602918554,0.6784773170868174,0.231,0.0,-2.115011715000991,C:\Users\anthoni.newland\OneDrive - ZINUS\Desktop\New Results\ew_sweep_ax2p556_ay0p7045\cycle_rows_r.csv
0.7045,0.2139765602150995,0.2696859840485346,3.673409082727341,2.708016208287756,0.3049037959088362,0.2418312721318171,0.6944244148746066,0.231,2.775557561562892e-17,-2.115011715000991,C:\Users\anthoni.newland\OneDrive - ZINUS\Desktop\New Results\ew_sweep_ax2p556_ay0p7045\cycle_rows_r.csv
0.7045,0.2152051976802787,0.267520039487359,3.646727917258104,2.738037725757934,0.2865887991542459,0.2413626185838188,0.6980818105506796,0.231,0.0,-2.115011715000991,C:\Users\anthoni.newland\OneDrive - ZINUS\Desktop\New Results\ew_sweep_ax2p556_ay0p7045\cycle_rows_r.csv
0.7045,0.2140425321464417,0.2689327181970012,3.671968650211206,2.71840215911353,0.3006836690034524,0.2414876251717215,0.6910655788643405,0.2309999999999999,-2.775557561562892e-17,-2.115011715000991,C:\Users\anthoni.newland\OneDrive - ZINUS\Desktop\New Results\ew_sweep_ax2p556_ay0p7045\cycle_rows_r.csv
0.7045,0.2165251489804001,0.2652036312891707,3.618401163601186,2.770687434176298,0.2669368001677186,0.2408643901347854,0.7026437486734891,0.231,0.0,-2.115011715000991,C:\Users\anthoni.newland\OneDrive - ZINUS\Desktop\New Results\ew_sweep_ax2p556_ay0p7045\cycle_rows_r.csv
0.7045,0.2136826285260187,0.2684077717975748,3.6798376026071606,2.725674533575616,0.3001526887402621,0.2410452001617967,0.6835573113431725,0.231,2.775557561562892e-17,-2.115011715000991,C:\Users\anthoni.newland\OneDrive - ZINUS\Desktop\New Results\ew_sweep_ax2p556_ay0p7045\cycle_rows_r.csv
0.7045,0.2157396173746229,0.2665702461659554,3.635217268711204,2.751356403735479,0.2785748527103404,0.2411549317702891,0.6997797786837684,0.231,0.0,-2.115011715000991,C:\Users\anthoni.newland\OneDrive - ZINUS\Desktop\New Results\ew_sweep_ax2p556_ay0p7045\cycle_rows_r.csv
0.7045,0.2153025509987657,0.2674041827911241,3.644626807072679,2.739657284198596,0.2854211415106913,0.2413533668949449,0.6987148298196565,0.231,2.775557561562892e-17,-2.115011715000991,C:\Users\anthoni.newland\OneDrive - ZINUS\Desktop\New Results\ew_sweep_ax2p556_ay0p7045\cycle_rows_r.csv
0.7045,0.2158996073547255,0.265629479258514,3.631782392994297,2.764642398846054,0.2728122498502894,0.2407645433066197,0.6963516681786565,0.231,2.775557561562892e-17,-2.115011715000991,C:\Users\anthoni.newland\OneDrive - ZINUS\Desktop\New Results\ew_sweep_ax2p556_ay0p7045\cycle_rows_r.csv
0.7045,0.2166778567091225,0.2658648951807823,3.6151462599265134,2.761308913386334,0.2694275026782573,0.2412713759449524,0.7088228172320341,0.2309999999999999,-2.775557561562892e-17,-2.115011715000991,C:\Users\anthoni.newland\OneDrive - ZINUS\Desktop\New Results\ew_sweep_ax2p556_ay0p7045\cycle_rows_r.csv
0.7045,0.2154294155788611,0.2666695686065244,3.641891625212784,2.749959191914835,0.280917151654767,0.2410494920926928,0.6961253333351154,0.231,0.0,-2.115011715000991,C:\Users\anthoni.newland\OneDrive - ZINUS\Desktop\New Results\ew_sweep_ax2p556_ay0p7045\cycle_rows_r.csv
0.7045,0.2144756741848726,0.2685890828566424,3.662533426229145,2.7231595169999623,0.2963623075971102,0.2415323785207575,0.69463528133374,0.231,2.775557561562892e-17,-2.115011715000991,C:\Users\anthoni.newland\OneDrive - ZINUS\Desktop\New Results\ew_sweep_ax2p556_ay0p7045\cycle_rows_r.csv
0.7045,0.2157509372200069,0.2671052293105954,3.63497407188676,2.7438428389478653,0.281242544266576,0.2414280832653011,0.7030615716969891,0.231,0.0,-2.115011715000991,C:\Users\anthoni.newland\OneDrive - ZINUS\Desktop\New Results\ew_sweep_ax2p556_ay0p7045\cycle_rows_r.csv
0.7045,0.2130233963796811,0.2698066515872958,3.694320046506324,2.706357845949733,0.3111927549043874,0.2414150239834885,0.6834171701747003,0.231,0.0,-2.115011715000991,C:\Users\anthoni.newland\OneDrive - ZINUS\Desktop\New Results\ew_sweep_ax2p556_ay0p7045\cycle_rows_r.csv
0.7045,0.2148858571577417,0.2678423145542994,3.65363339042796,2.733540018365062,0.2901246426771511,0.2413640858560206,0.6957095766133005,0.231,0.0,-2.115011715000991,C:\Users\anthoni.newland\OneDrive - ZINUS\Desktop\New Results\ew_sweep_ax2p556_ay0p7045\cycle_rows_r.csv
0.7045,0.2131220918325848,0.2699714932841716,3.692146137461602,2.7040947836199933,0.3114406873713435,0.2415467925583782,0.6855216112936546,0.231,2.775557561562892e-17,-2.115011715000991,C:\Users\anthoni.newland\OneDrive - ZINUS\Desktop\New Results\ew_sweep_ax2p556_ay0p7045\cycle_rows_r.csv
0.7045,0.2164075201680758,0.2661561808487144,3.6209115063253656,2.757192475527778,0.2725128484704955,0.2412818505083951,0.7066759258987778,0.231,0.0,-2.115011715000991,C:\Users\anthoni.newland\OneDrive - ZINUS\Desktop\New Results\ew_sweep_ax2p556_ay0p7045\cycle_rows_r.csv
0.7045,0.216046617488488,0.2656253479310713,3.628630670662012,2.764700951128715,0.2719228773783404,0.2408359827097797,0.6983911774661248,0.231,2.775557561562892e-17,-2.115011715000991,C:\Users\anthoni.newland\OneDrive - ZINUS\Desktop\New Results\ew_sweep_ax2p556_ay0p7045\cycle_rows_r.csv
0.7045,0.2178077487296078,0.2652912555878206,3.591204885191784,2.7694419960591783,0.2598419143672283,0.2415495021587141,0.7221719257218155,0.231,0.0,-2.115011715000991,C:\Users\anthoni.newland\OneDrive - ZINUS\Desktop\New Results\ew_sweep_ax2p556_ay0p7045\cycle_rows_r.csv
0.7045,0.2150063449123856,0.2675537222706094,3.6510255332580814,2.7375671379693194,0.2879384760187167,0.2412800335914975,0.6956336188087355,0.231,0.0,-2.115011715000991,C:\Users\anthoni.newland\OneDrive - ZINUS\Desktop\New Results\ew_sweep_ax2p556_ay0p7045\cycle_rows_r.csv
0.7045,0.2168107090235756,0.2656031891926927,3.61231829600844,2.765015032536032,0.2673036818093333,0.2412069491081341,0.709191028469067,0.231,0.0,-2.115011715000991,C:\Users\anthoni.newland\OneDrive - ZINUS\Desktop\New Results\ew_sweep_ax2p556_ay0p7045\cycle_rows_r.csv
0.7045,0.21642379822623,0.2670438840315511,3.620563949971388,2.744702873936069,0.2769569745324194,0.2417338411288906,0.7120470749530472,0.231,0.0,-2.115011715000991,C:\Users\anthoni.newland\OneDrive - ZINUS\Desktop\New Results\ew_sweep_ax2p556_ay0p7045\cycle_rows_r.csv
0.7045,0.2152908500500403,0.2672502178237148,3.644879240188651,2.741811730382296,0.2847043172867205,0.2412705339368775,0.6976647210492272,0.231,0.0,-2.115011715000991,C:\Users\anthoni.newland\OneDrive - ZINUS\Desktop\New Results\ew_sweep_ax2p556_ay0p7045\cycle_rows_r.csv
0.7045,0.2177277149892351,0.2640495793500257,3.592892549528853,2.7871675556596656,0.2539317350512415,0.2408886471696304,0.7134768819452083,0.231,0.0,-2.115011715000991,C:\Users\anthoni.newland\OneDrive - ZINUS\Desktop\New Results\ew_sweep_ax2p556_ay0p7045\cycle_rows_r.csv
0.7045,0.2100695583362093,0.2733626456200664,3.760327997641301,2.658144285704096,0.3468779446340673,0.2417161019781379,0.6693092000723285,0.231,2.775557561562892e-17,-2.115011715000991,C:\Users\anthoni.newland\OneDrive - ZINUS\Desktop\New Results\ew_sweep_ax2p556_ay0p7045\cycle_rows_r.csv
0.7045,0.2168035659366918,0.2656947550920892,3.612470259331467,2.76371750226459,0.267815126138766,0.2412491605143905,0.7096320562343916,0.231,0.0,-2.115011715000991,C:\Users\anthoni.newland\OneDrive - ZINUS\Desktop\New Results\ew_sweep_ax2p556_ay0p7045\cycle_rows_r.csv
0.7045,0.2174271474706873,0.2644431398589746,3.599241684550068,2.781531260494381,0.257721590904985,0.240935143664831,0.7113141329184414,0.2309999999999999,-2.775557561562892e-17,-2.115011715000991,C:\Users\anthoni.newland\OneDrive - ZINUS\Desktop\New Results\ew_sweep_ax2p556_ay0p7045\cycle_rows_r.csv
0.7045,0.2170635363628859,0.2653390749041875,3.6069460433382257,2.7687626685255244,0.2644609125940804,0.2412013056335367,0.711314175704308,0.2309999999999999,-2.775557561562892e-17,-2.115011715000991,C:\Users\anthoni.newland\OneDrive - ZINUS\Desktop\New Results\ew_sweep_ax2p556_ay0p7045\cycle_rows_r.csv
0.7045,0.2168162769226117,0.2654636803585447,3.612199850461089,2.766993656719308,0.2665555552828276,0.2411399786405782,0.7084382294716349,0.231,0.0,-2.115011715000991,C:\Users\anthoni.newland\OneDrive - ZINUS\Desktop\New Results\ew_sweep_ax2p556_ay0p7045\cycle_rows_r.csv
0.7045,0.2155193156254285,0.2664955298170559,3.639955342740577,2.752408157414425,0.279495191007755,0.2410074227212422,0.6963155342141102,0.231,0.0,-2.115011715000991,C:\Users\anthoni.newland\OneDrive - ZINUS\Desktop\New Results\ew_sweep_ax2p556_ay0p7045\cycle_rows_r.csv
0.7045,0.2170176594570037,0.2650453518381465,3.607919938414612,2.7729392085723625,0.2632235681635726,0.2410315056475751,0.7088691992104504,0.231,0.0,-2.115011715000991,C:\Users\anthoni.newland\OneDrive - ZINUS\Desktop\New Results\ew_sweep_ax2p556_ay0p7045\cycle_rows_r.csv
0.7045,0.2155404287670861,0.2669362503676696,3.639500838520668,2.746212807824457,0.2816237382406947,0.2412383395673779,0.6992056795383852,0.231,2.775557561562892e-17,-2.115011715000991,C:\Users\anthoni.newland\OneDrive - ZINUS\Desktop\New Results\ew_sweep_ax2p556_ay0p7045\cycle_rows_r.csv
0.7045,0.2128039833980553,0.2707212103060647,3.699160156835384,2.693836913884386,0.3171392698816795,0.24176259685206,0.6858272128455732,0.231,0.0,-2.115011715000991,C:\Users\anthoni.newland\OneDrive - ZINUS\Desktop\New Results\ew_sweep_ax2p556_ay0p7045\cycle_rows_r.csv
0.7045,0.2175540188487427,0.2649876330048709,3.5965595363019367,2.773761019185444,0.2597735362201288,0.2412708259268068,0.7165305366148209,0.231,0.0,-2.115011715000991,C:\Users\anthoni.newland\OneDrive - ZINUS\Desktop\New Results\ew_sweep_ax2p556_ay0p7045\cycle_rows_r.csv
0.7045,0.2126197436543671,0.2707553913308066,3.703232083778596,2.693370592123162,0.3184125570175864,0.2416875674925869,0.6838384523050255,0.231,0.0,-2.115011715000991,C:\Users\anthoni.newland\OneDrive - ZINUS\Desktop\New Results\ew_sweep_ax2p556_ay0p7045\cycle_rows_r.csv
0.7045,0.2145207665193728,0.2678219369856779,3.661553360195048,2.733824089448939,0.2921860783222105,0.2411713517525254,0.6908279248568349,0.2309999999999999,-2.775557561562892e-17,-2.115011715000991,C:\Users\anthoni.newland\OneDrive - ZINUS\Desktop\New Results\ew_sweep_ax2p556_ay0p7045\cycle_rows_r.csv
0.7045,0.2168046731496917,0.2653146204110597,3.612446703625965,2.769110041695671,0.2658593160182902,0.2410596467803757,0.7073728657377234,0.231,0.0,-2.115011715000991,C:\Users\anthoni.newland\OneDrive - ZINUS\Desktop\New Results\ew_sweep_ax2p556_ay0p7045\cycle_rows_r.csv
0.7045,0.2174796215152137,0.264941629599665,3.5981319676429795,2.7744162799595933,0.2599744374033059,0.2412106255574393,0.7151326075220227,0.231,2.775557561562892e-17,-2.115011715000991,C:\Users\anthoni.newland\OneDrive - ZINUS\Desktop\New Results\ew_sweep_ax2p556_ay0p7045\cycle_rows_r.csv
0.7045,0.217080040942518,0.2658703481545932,3.606595777567576,2.761231769322915,0.2670874561360365,0.2414751945485556,0.7146982699457795,0.231,0.0,-2.115011715000991,C:\Users\anthoni.newland\OneDrive - ZINUS\Desktop\New Results\ew_sweep_ax2p556_ay0p7045\cycle_rows_r.csv
0.7045,0.2146469442940707,0.2685751581689463,3.6588131188580046,2.7233525498696847,0.2952751339220669,0.2416110512315085,0.696762519450919,0.231,2.775557561562892e-17,-2.115011715000991,C:\Users\anthoni.newland\OneDrive - ZINUS\Desktop\New Results\ew_sweep_ax2p556_ay0p7045\cycle_rows_r.csv
0.7045,0.216979844343538,0.2652997761927855,3.60872300385988,2.76932093328767,0.2647518315142811,0.2411398102681617,0.7098473627776793,0.231,2.775557561562892e-17,-2.115011715000991,C:\Users\anthoni.newland\OneDrive - ZINUS\Desktop\New Results\ew_sweep_ax2p556_ay0p7045\cycle_rows_r.csv
0.7045,0.2157137553125517,0.2666482523969348,3.635772987916703,2.750258968550791,0.2791266621729167,0.2411810038547432,0.6998842520792223,0.231,0.0,-2.115011715000991,C:\Users\anthoni.newland\OneDrive - ZINUS\Desktop\New Results\ew_sweep_ax2p556_ay0p7045\cycle_rows_r.csv
0.7045,0.2156206514798423,0.2669313212747212,3.6377746896543752,2.746281984536452,0.2811241544314553,0.2412759863772818,0.7002699714964039,0.2309999999999999,-2.775557561562892e-17,-2.115011715000991,C:\Users\anthoni.newland\OneDrive - ZINUS\Desktop\New Results\ew_sweep_ax2p556_ay0p7045\cycle_rows_r.csv
0.7045,0.2164808847739138,0.2660521243137536,3.619345495766843,2.7586619636259937,0.2715474408267218,0.2412665045438337,0.7071060687434023,0.231,2.775557561562892e-17,-2.115011715000991,C:\Users\anthoni.newland\OneDrive - ZINUS\Desktop\New Results\ew_sweep_ax2p556_ay0p7045\cycle_rows_r.csv
0.7045,0.2165334793581479,0.2664087079983532,3.618223486567604,2.7536310562572965,0.2730627309822082,0.2414710936782505,0.7099457779690178,0.2309999999999999,-2.775557561562892e-17,-2.115011715000991,C:\Users\anthoni.newland\OneDrive - ZINUS\Desktop\New Results\ew_sweep_ax2p556_ay0p7045\cycle_rows_r.csv
0.7045,0.2170261717359388,0.2649807287493042,3.607739204913615,2.773859347130449,0.2628417005193104,0.2410034502426215,0.7086027035936009,0.231,2.775557561562892e-17,-2.115011715000991,C:\Users\anthoni.newland\OneDrive - ZINUS\Desktop\New Results\ew_sweep_ax2p556_ay0p7045\cycle_rows_r.csv
0.7045,0.2175166774061365,0.2637694004781016,3.59734863517085,2.7911903283224886,0.2537289380658865,0.240643038942119,0.7084858642185321,0.2309999999999999,-2.775557561562892e-17,-2.115011715000991,C:\Users\anthoni.newland\OneDrive - ZINUS\Desktop\New Results\ew_sweep_ax2p556_ay0p7045\cycle_rows_r.csv
0.7045,0.2142416908848889,0.2684650761471798,3.66762559551164,2.7248792816976057,0.2971203491474503,0.2413533835160343,0.6909394528938512,0.231,0.0,-2.115011715000991,C:\Users\anthoni.newland\OneDrive - ZINUS\Desktop\New Results\ew_sweep_ax2p556_ay0p7045\cycle_rows_r.csv
0.7045,0.2162368531170755,0.2660079826898367,3.624558605921708,2.7592856796556835,0.2727606824965771,0.2411224179034561,0.7033793082525488,0.2309999999999999,-2.775557561562892e-17,-2.115011715000991,C:\Users\anthoni.newland\OneDrive - ZINUS\Desktop\New Results\ew_sweep_ax2p556_ay0p7045\cycle_rows_r.csv
0.7045,0.2150985669012144,0.2666604609036392,3.6490314389647103,2.7500872705735,0.2828291272637275,0.2408795139024268,0.6916049457369081,0.231,0.0,-2.115011715000991,C:\Users\anthoni.newland\OneDrive - ZINUS\Desktop\New Results\ew_sweep_ax2p556_ay0p7045\cycle_rows_r.csv
0.7045,0.2175749801942843,0.2643569043324502,3.5961167001235457,2.782764828954189,0.2564095925805973,0.2409659422633672,0.71302976410149,0.231,2.775557561562892e-17,-2.115011715000991,C:\Users\anthoni.newland\OneDrive - ZINUS\Desktop\New Results\ew_sweep_ax2p556_ay0p7045\cycle_rows_r.csv
0.7045,0.216806583887321,0.2657025451173355,3.6124060536820286,2.7636071553563597,0.267837280426795,0.2412545645023282,0.7097221170085831,0.231,2.775557561562892e-17,-2.115011715000991,C:\Users\anthoni.newland\OneDrive - ZINUS\Desktop\New Results\ew_sweep_ax2p556_ay0p7045\cycle_rows_r.csv
0.7045,0.2130775567663908,0.2700179412799348,3.6931268368932817,2.703457611963915,0.3119419297305665,0.2415477490231628,0.6852419704094884,0.231,0.0,-2.115011715000991,C:\Users\anthoni.newland\OneDrive - ZINUS\Desktop\New Results\ew_sweep_ax2p556_ay0p7045\cycle_rows_r.csv
0.7045,0.2178028333747787,0.2642188458178801,3.591308499092273,2.784741383244391,0.2543616120457299,0.2410108395963294,0.7156764243503493,0.231,2.775557561562892e-17,-2.115011715000991,C:\Users\anthoni.newland\OneDrive - ZINUS\Desktop\New Results\ew_sweep_ax2p556_ay0p7045\cycle_rows_r.csv
0.7045,0.2161739235845411,0.2664156073654964,3.625904842814776,2.753533848443409,0.2752187464455304,0.2412947654750187,0.7049048658460987,0.231,0.0,-2.115011715000991,C:\Users\anthoni.newland\OneDrive - ZINUS\Desktop\New Results\ew_sweep_ax2p556_ay0p7045\cycle_rows_r.csv
0.7045,0.2170239703335677,0.2655760499621273,3.607785943935093,2.765399779620963,0.265909061981938,0.2413000101478475,0.7121435420819499,0.2309999999999999,-2.775557561562892e-17,-2.115011715000991,C:\Users\anthoni.newland\OneDrive - ZINUS\Desktop\New Results\ew_sweep_ax2p556_ay0p7045\cycle_rows_r.csv
0.7045,0.2117249727823977,0.2710828265598245,3.723108412099121,2.688909447678762,0.3254232123923641,0.2414038996711111,0.6752741888229726,0.231,0.0,-2.115011715000991,C:\Users\anthoni.newland\OneDrive - ZINUS\Desktop\New Results\ew_sweep_ax2p556_ay0p7045\cycle_rows_r.csv
0.7045,0.2120754793822375,0.2708246097161353,3.715302320253793,2.6924266263990897,0.3220171745516782,0.2414500445491864,0.6778757317732892,0.231,0.0,-2.115011715000991,C:\Users\anthoni.newland\OneDrive - ZINUS\Desktop\New Results\ew_sweep_ax2p556_ay0p7045\cycle_rows_r.csv
0.7045,0.2177163711575507,0.2644963451049119,3.5931318562918206,2.780770579659059,0.2562961293421115,0.2411063581312312,0.7160402684833338,0.231,0.0,-2.115011715000991,C:\Users\anthoni.newland\OneDrive - ZINUS\Desktop\New Results\ew_sweep_ax2p556_ay0p7045\cycle_rows_r.csv
0.7045,0.2172823489674258,0.2650151017345977,3.602306651931108,2.773369870074276,0.2615112365416545,0.2411487253510117,0.712615547243098,0.231,0.0,-2.115011715000991,C:\Users\anthoni.newland\OneDrive - ZINUS\Desktop\New Results\ew_sweep_ax2p556_ay0p7045\cycle_rows_r.csv
0.7056,0.2178566435531844,0.2647780898981887,3.5901744545874905,2.7767475412505447,0.2569205023248544,0.2413173667256865,0.719885948310821,0.2309999999999999,-2.775557561562892e-17,-2.088574137299183,C:\Users\anthoni.newland\OneDrive - ZINUS\Desktop\New Results\ew_sweep_ax2p556_ay0p7056\cycle_rows_r.csv
0.7056,0.2179425746011654,0.2644666468518356,3.5883646269206397,2.7811951408762656,0.2548158209264666,0.2412046107265005,0.7193404453401754,0.231,2.775557561562892e-17,-2.088574137299183,C:\Users\anthoni.newland\OneDrive - ZINUS\Desktop\New Results\ew_sweep_ax2p556_ay0p7056\cycle_rows_r.csv
0.7056,0.2177308935307125,0.2638219972307439,3.592825500249658,2.790434499384752,0.2527416221096672,0.2407764453807282,0.7121113316000188,0.231,0.0,-2.088574137299183,C:\Users\anthoni.newland\OneDrive - ZINUS\Desktop\New Results\ew_sweep_ax2p556_ay0p7056\cycle_rows_r.csv
0.7056,0.2159874113079478,0.2665205188162122,3.629899464715713,2.7520563311284185,0.276856563200982,0.24125396506208,0.7029157826955926,0.231,0.0,-2.088574137299183,C:\Users\anthoni.newland\OneDrive - ZINUS\Desktop\New Results\ew_sweep_ax2p556_ay0p7056\cycle_rows_r.csv
0.7056,0.2124372924471876,0.2704280966534722,3.707271442223837,2.69784061780165,0.3178444638805896,0.2414326945503299,0.6799025671935643,0.231,0.0,-2.088574137299183,C:\Users\anthoni.newland\OneDrive - ZINUS\Desktop\New Results\ew_sweep_ax2p556_ay0p7056\cycle_rows_r.csv
0.7056,0.2142481420910813,0.26936842946949,3.667485049064646,2.712387535426696,0.3016768980121892,0.2418082857802856,0.6960854395784488,0.231,2.775557561562892e-17,-2.088574137299183,C:\Users\anthoni.newland\OneDrive - ZINUS\Desktop\New Results\ew_sweep_ax2p556_ay0p7056\cycle_rows_r.csv
0.7056,0.2154717207058669,0.2672108146268852,3.640980248935151,2.7423635020024597,0.2834328039991205,0.2413412676663761,0.6998733816669156,0.231,0.0,-2.088574137299183,C:\Users\anthoni.newland\OneDrive - ZINUS\Desktop\New Results\ew_sweep_ax2p556_ay0p7056\cycle_rows_r.csv
0.7056,0.2143117118609516,0.2686193479294826,3.666100565930871,2.72274003234688,0.2974898430111052,0.2414655298952171,0.6927082571226378,0.231,2.775557561562892e-17,-2.088574137299183,C:\Users\anthoni.newland\OneDrive - ZINUS\Desktop\New Results\ew_sweep_ax2p556_ay0p7056\cycle_rows_r.csv
0.7056,0.2167883699365888,0.2649019163178952,3.6127935751004654,2.7749821288568977,0.2638370094743147,0.240845143127242,0.7046231023840548,0.231,0.0,-2.088574137299183,C:\Users\anthoni.newland\OneDrive - ZINUS\Desktop\New Results\ew_sweep_ax2p556_ay0p7056\cycle_rows_r.csv
0.7056,0.2139544723270866,0.2680907179353859,3.6738915486245696,2.7300806521806384,0.2969203160628322,0.2410225951312363,0.6851365017765437,0.2309999999999999,-2.775557561562892e-17,-2.088574137299183,C:\Users\anthoni.newland\OneDrive - ZINUS\Desktop\New Results\ew_sweep_ax2p556_ay0p7056\cycle_rows_r.csv
0.7056,0.2160046704748911,0.266263445059316,3.629529527308263,2.755678890796399,0.2754391994851091,0.2411340577671035,0.7016375817138224,0.231,2.775557561562892e-17,-2.088574137299183,C:\Users\anthoni.newland\OneDrive - ZINUS\Desktop\New Results\ew_sweep_ax2p556_ay0p7056\cycle_rows_r.csv
0.7056,0.2155696178398942,0.2670945275441909,3.638872629735376,2.743992844759987,0.282259814305253,0.2413320726920425,0.7005257796925543,0.231,2.775557561562892e-17,-2.088574137299183,C:\Users\anthoni.newland\OneDrive - ZINUS\Desktop\New Results\ew_sweep_ax2p556_ay0p7056\cycle_rows_r.csv
0.7056,0.2161644546415425,0.2653239043094585,3.626107477560372,2.7689781574812717,0.269681396774625,0.2407441794755005,0.6982157965828507,0.231,0.0,-2.088574137299183,C:\Users\anthoni.newland\OneDrive - ZINUS\Desktop\New Results\ew_sweep_ax2p556_ay0p7056\cycle_rows_r.csv
0.7056,0.2169419179683061,0.2655608241576117,3.6095287133309744,2.765615667040162,0.266313938919607,0.2412513710629589,0.7108515362942048,0.231,0.0,-2.088574137299183,C:\Users\anthoni.newland\OneDrive - ZINUS\Desktop\New Results\ew_sweep_ax2p556_ay0p7056\cycle_rows_r.csv
0.7056,0.2156957201689239,0.2663621889249247,3.636160602615764,2.754286612661282,0.2777698791753742,0.2410289545469243,0.6979406655557875,0.231,0.0,-2.088574137299183,C:\Users\anthoni.newland\OneDrive - ZINUS\Desktop\New Results\ew_sweep_ax2p556_ay0p7056\cycle_rows_r.csv
0.7056,0.2147445458899572,0.2682743318883108,3.656695683961331,2.727527687651924,0.2931643310706526,0.241509438889134,0.6963288044801315,0.231,0.0,-2.088574137299183,C:\Users\anthoni.newland\OneDrive - ZINUS\Desktop\New Results\ew_sweep_ax2p556_ay0p7056\cycle_rows_r.csv
0.7056,0.2160162582853719,0.2667990387737572,3.629281184377025,2.7481394408170607,0.2781104921071244,0.2414076485295646,0.7049444404082,0.2309999999999999,-2.775557561562892e-17,-2.088574137299183,C:\Users\anthoni.newland\OneDrive - ZINUS\Desktop\New Results\ew_sweep_ax2p556_ay0p7056\cycle_rows_r.csv
0.7056,0.2132968516627328,0.2694866698821703,3.688301736310718,2.7107586821909866,0.3079375658109651,0.2413917607724516,0.684940281028651,0.2309999999999999,-2.775557561562892e-17,-2.088574137299183,C:\Users\anthoni.newland\OneDrive - ZINUS\Desktop\New Results\ew_sweep_ax2p556_ay0p7056\cycle_rows_r.csv
0.7056,0.2151533301165105,0.2675326095364315,3.647848115845928,2.737862093644416,0.2869600783882484,0.241342969826471,0.6974630033290863,0.231,2.775557561562892e-17,-2.088574137299183,C:\Users\anthoni.newland\OneDrive - ZINUS\Desktop\New Results\ew_sweep_ax2p556_ay0p7056\cycle_rows_r.csv
0.7056,0.2133955904217156,0.2696506513207661,3.686132445491421,2.7085020751922384,0.3081820483467158,0.2415231208712409,0.6870608742229354,0.231,2.775557561562892e-17,-2.088574137299183,C:\Users\anthoni.newland\OneDrive - ZINUS\Desktop\New Results\ew_sweep_ax2p556_ay0p7056\cycle_rows_r.csv
0.7056,0.2166717150170979,0.2658527434788044,3.6152770790644655,2.761480836776571,0.2694014288080464,0.2412622292479511,0.7086623555654507,0.231,0.0,-2.088574137299183,C:\Users\anthoni.newland\OneDrive - ZINUS\Desktop\New Results\ew_sweep_ax2p556_ay0p7056\cycle_rows_r.csv
0.7056,0.2163114646598762,0.2653201289984955,3.622963473398786,2.76903178727789,0.2687946061771127,0.2408157968291858,0.7002869688789071,0.231,0.0,-2.088574137299183,C:\Users\anthoni.newland\OneDrive - ZINUS\Desktop\New Results\ew_sweep_ax2p556_ay0p7056\cycle_rows_r.csv
0.7056,0.2180703405264351,0.2649918083167001,3.58567633537848,2.7737015583699405,0.256764382465334,0.2415310744215676,0.7244404303088009,0.231,0.0,-2.088574137299183,C:\Users\anthoni.newland\OneDrive - ZINUS\Desktop\New Results\ew_sweep_ax2p556_ay0p7056\cycle_rows_r.csv
0.7056,0.2152729732609463,0.267244715320185,3.645264962210723,2.741888773373509,0.2847820385163495,0.2412588442905657,0.6973927346686284,0.2309999999999999,-2.775557561562892e-17,-2.088574137299183,C:\Users\anthoni.newland\OneDrive - ZINUS\Desktop\New Results\ew_sweep_ax2p556_ay0p7056\cycle_rows_r.csv
0.7056,0.2170741852002757,0.2653003599076569,3.606720044013458,2.769312640013266,0.2641996392679693,0.2411872725539663,0.7112394900856017,0.231,0.0,-2.088574137299183,C:\Users\anthoni.newland\OneDrive - ZINUS\Desktop\New Results\ew_sweep_ax2p556_ay0p7056\cycle_rows_r.csv
0.7056,0.2166875468144785,0.2667397974333215,3.614939874030555,2.7489718805457803,0.273848242960631,0.2417136721239,0.7140497578318027,0.231,0.0,-2.088574137299183,C:\Users\anthoni.newland\OneDrive - ZINUS\Desktop\New Results\ew_sweep_ax2p556_ay0p7056\cycle_rows_r.csv
0.7056,0.2155570912304588,0.2669422363245903,3.639142207253429,2.746128802127973,0.281555784919949,0.2412496637775246,0.6994674483987239,0.231,0.0,-2.088574137299183,C:\Users\anthoni.newland\OneDrive - ZINUS\Desktop\New Results\ew_sweep_ax2p556_ay0p7056\cycle_rows_r.csv
0.7056,0.2179901207579164,0.2637518750175096,3.5873638517340227,2.791442240680236,0.250859235216097,0.240870997887713,0.7157040971750704,0.231,2.775557561562892e-17,-2.088574137299183,C:\Users\anthoni.newland\OneDrive - ZINUS\Desktop\New Results\ew_sweep_ax2p556_ay0p7056\cycle_rows_r.csv
0.7056,0.2103592864500173,0.2730157517210796,3.7537715918123062,2.662792324970418,0.3433857739386033,0.2416875190855485,0.6705732846452875,0.2309999999999999,-2.775557561562892e-17,-2.088574137299183,C:\Users\anthoni.newland\OneDrive - ZINUS\Desktop\New Results\ew_sweep_ax2p556_ay0p7056\cycle_rows_r.csv
0.7056,0.2170669415247064,0.2653927646902469,3.606873773481445,2.768000236054475,0.2647162833976233,0.2412298531074766,0.7116850254662854,0.231,2.775557561562892e-17,-2.088574137299183,C:\Users\anthoni.newland\OneDrive - ZINUS\Desktop\New Results\ew_sweep_ax2p556_ay0p7056\cycle_rows_r.csv
0.7056,0.2176895568474121,0.2641439043163598,3.5936976237263534,2.785815169909505,0.2546411204919125,0.240916730581886,0.7134726053038374,0.231,2.775557561562892e-17,-2.088574137299183,C:\Users\anthoni.newland\OneDrive - ZINUS\Desktop\New Results\ew_sweep_ax2p556_ay0p7056\cycle_rows_r.csv
0.7056,0.2173270550448488,0.2650382654076713,3.6013599171701567,2.773040087105308,0.2613673061484178,0.2411826602262601,0.7134228024991502,0.231,0.0,-2.088574137299183,C:\Users\anthoni.newland\OneDrive - ZINUS\Desktop\New Results\ew_sweep_ax2p556_ay0p7056\cycle_rows_r.csv
0.7056,0.2170793096791007,0.2651608444064124,3.606611295559481,2.7712958798219027,0.263453594746716,0.2411200770427566,0.710477413005873,0.2309999999999999,-2.775557561562892e-17,-2.088574137299183,C:\Users\anthoni.newland\OneDrive - ZINUS\Desktop\New Results\ew_sweep_ax2p556_ay0p7056\cycle_rows_r.csv
0.7056,0.215784971613142,0.2661881581704234,3.634243026862842,2.7567411220440663,0.276351614385901,0.2409865648917827,0.6981336017403061,0.231,2.775557561562892e-17,-2.088574137299183,C:\Users\anthoni.newland\OneDrive - ZINUS\Desktop\New Results\ew_sweep_ax2p556_ay0p7056\cycle_rows_r.csv
0.7056,0.2172801438976786,0.2647436026118513,3.602353358486908,2.7772395258446743,0.2601298845170139,0.2410118732547649,0.7109385520144443,0.231,0.0,-2.088574137299183,C:\Users\anthoni.newland\OneDrive - ZINUS\Desktop\New Results\ew_sweep_ax2p556_ay0p7056\cycle_rows_r.csv
0.7056,0.2158064627564538,0.2666294184604623,3.633781524553041,2.7505238760751647,0.2784824544143562,0.241217940608458,0.7010497120231868,0.231,2.775557561562892e-17,-2.088574137299183,C:\Users\anthoni.newland\OneDrive - ZINUS\Desktop\New Results\ew_sweep_ax2p556_ay0p7056\cycle_rows_r.csv
0.7056,0.2130784129167986,0.2703996942245035,3.6931079798800326,2.6982290341265496,0.3138727299928983,0.241739053570651,0.6873484563787579,0.231,0.0,-2.088574137299183,C:\Users\anthoni.newland\OneDrive - ZINUS\Desktop\New Results\ew_sweep_ax2p556_ay0p7056\cycle_rows_r.csv
0.7056,0.2178164793373376,0.2646872729886774,3.591020858671009,2.778043381945217,0.2566896633626503,0.2412518761630075,0.7187263189795485,0.231,0.0,-2.088574137299183,C:\Users\anthoni.newland\OneDrive - ZINUS\Desktop\New Results\ew_sweep_ax2p556_ay0p7056\cycle_rows_r.csv
0.7056,0.2128946327004058,0.2704314998078048,3.697159281639765,2.697794083569029,0.3151303300578547,0.2416630662541053,0.6853258056995267,0.231,2.775557561562892e-17,-2.088574137299183,C:\Users\anthoni.newland\OneDrive - ZINUS\Desktop\New Results\ew_sweep_ax2p556_ay0p7056\cycle_rows_r.csv
0.7056,0.2147890529224503,0.2675097351642044,3.655730757195761,2.738181712849344,0.2890019151216947,0.2411493940433273,0.6925125702430531,0.231,0.0,-2.088574137299183,C:\Users\anthoni.newland\OneDrive - ZINUS\Desktop\New Results\ew_sweep_ax2p556_ay0p7056\cycle_rows_r.csv
0.7056,0.2170677145330453,0.2650121114365309,3.606857367762835,2.7734124473759945,0.2627583655069765,0.2410399129847881,0.7094074309663122,0.2309999999999999,-2.775557561562892e-17,-2.088574137299183,C:\Users\anthoni.newland\OneDrive - ZINUS\Desktop\New Results\ew_sweep_ax2p556_ay0p7056\cycle_rows_r.csv
0.7056,0.2177417968877346,0.2646421923132385,3.592595515851231,2.7786869556173026,0.2568964281873378,0.2411919946004866,0.7173114855007026,0.2309999999999999,-2.775557561562892e-17,-2.088574137299183,C:\Users\anthoni.newland\OneDrive - ZINUS\Desktop\New Results\ew_sweep_ax2p556_ay0p7056\cycle_rows_r.csv
0.7056,0.2173426526787677,0.2655683818106538,3.601029699761689,2.765508503617666,0.2639953069342606,0.2414555172447107,0.716803715214287,0.2309999999999999,-2.775557561562892e-17,-2.088574137299183,C:\Users\anthoni.newland\OneDrive - ZINUS\Desktop\New Results\ew_sweep_ax2p556_ay0p7056\cycle_rows_r.csv
0.7056,0.2149141580968196,0.2682625987395772,3.653020577404193,2.727690720579263,0.2920990194799673,0.2415883784181984,0.6984758746577514,0.231,0.0,-2.088574137299183,C:\Users\anthoni.newland\OneDrive - ZINUS\Desktop\New Results\ew_sweep_ax2p556_ay0p7056\cycle_rows_r.csv
0.7056,0.2172423328008161,0.2649988873290685,3.60315439954732,2.7736007500975903,0.2616632980695408,0.2411206100649423,0.7119208591347411,0.231,0.0,-2.088574137299183,C:\Users\anthoni.newland\OneDrive - ZINUS\Desktop\New Results\ew_sweep_ax2p556_ay0p7056\cycle_rows_r.csv
0.7056,0.2159788140191225,0.2663431966362952,3.630083763268841,2.7545543217518307,0.2760000644616038,0.2411610053277089,0.7017498239766827,0.2309999999999999,-2.775557561562892e-17,-2.088574137299183,C:\Users\anthoni.newland\OneDrive - ZINUS\Desktop\New Results\ew_sweep_ax2p556_ay0p7056\cycle_rows_r.csv
0.7056,0.2158860637767395,0.2666249846395334,3.632072967128433,2.750586245141133,0.2779894815954826,0.2412555242081365,0.70212341992588,0.231,0.0,-2.088574137299183,C:\Users\anthoni.newland\OneDrive - ZINUS\Desktop\New Results\ew_sweep_ax2p556_ay0p7056\cycle_rows_r.csv
0.7056,0.2167442678655228,0.2657483548113183,3.6137321639363575,2.762958384859998,0.2684390944755499,0.2412463113384205,0.7090909550004313,0.231,0.0,-2.088574137299183,C:\Users\anthoni.newland\OneDrive - ZINUS\Desktop\New Results\ew_sweep_ax2p556_ay0p7056\cycle_rows_r.csv
0.7056,0.2167970210600029,0.2661047837657984,3.6126095050135865,2.757918162343561,0.2699542596816382,0.2414509024129006,0.7119524764337417,0.2309999999999999,-2.775557561562892e-17,-2.088574137299183,C:\Users\anthoni.newland\OneDrive - ZINUS\Desktop\New Results\ew_sweep_ax2p556_ay0p7056\cycle_rows_r.csv
0.7056,0.2172893025150039,0.2646794139573343,3.6021593719780536,2.7781555620385263,0.2597462505697117,0.2409843582361691,0.71068442196679,0.2309999999999999,-2.775557561562892e-17,-2.088574137299183,C:\Users\anthoni.newland\OneDrive - ZINUS\Desktop\New Results\ew_sweep_ax2p556_ay0p7056\cycle_rows_r.csv
0.7056,0.2177782700105253,0.2634700701975596,3.591826356007277,2.7954975274806846,0.2506507103825504,0.2406241701040425,0.7106323249389833,0.231,0.0,-2.088574137299183,C:\Users\anthoni.newland\OneDrive - ZINUS\Desktop\New Results\ew_sweep_ax2p556_ay0p7056\cycle_rows_r.csv
0.7056,0.2145112089695227,0.2681521297511949,3.66176105576878,2.7292263944644044,0.2939259974215609,0.2413316693603588,0.692607979315093,0.2309999999999999,-2.775557561562892e-17,-2.088574137299183,C:\Users\anthoni.newland\OneDrive - ZINUS\Desktop\New Results\ew_sweep_ax2p556_ay0p7056\cycle_rows_r.csv
0.7056,0.2165015624663258,0.2657044443565554,3.618904310011792,2.7635802533211504,0.2696442708963802,0.2411030034114406,0.7053335703786653,0.2309999999999999,-2.775557561562892e-17,-2.088574137299183,C:\Users\anthoni.newland\OneDrive - ZINUS\Desktop\New Results\ew_sweep_ax2p556_ay0p7056\cycle_rows_r.csv
0.7056,0.2153643828736149,0.26635229869206,3.643293318314583,2.7544260173858595,0.2796789516288243,0.2408583407828375,0.6933466121255182,0.231,0.0,-2.088574137299183,C:\Users\anthoni.newland\OneDrive - ZINUS\Desktop\New Results\ew_sweep_ax2p556_ay0p7056\cycle_rows_r.csv
0.7056,0.2178371625594027,0.2640585777339497,3.590584950018833,2.7870384994936326,0.253335565591249,0.2409478701466762,0.7152221023330815,0.231,0.0,-2.088574137299183,C:\Users\anthoni.newland\OneDrive - ZINUS\Desktop\New Results\ew_sweep_ax2p556_ay0p7056\cycle_rows_r.csv
0.7056,0.2170697819455447,0.2654013610963948,3.606813491206552,2.767878189730896,0.2647436629416262,0.2412355715209697,0.7117781314163766,0.231,0.0,-2.088574137299183,C:\Users\anthoni.newland\OneDrive - ZINUS\Desktop\New Results\ew_sweep_ax2p556_ay0p7056\cycle_rows_r.csv
0.7056,0.2133503747515409,0.2696973147770329,3.687125584684624,2.707860424293549,0.3086883684214547,0.2415238447642869,0.6867687004746986,0.231,0.0,-2.088574137299183,C:\Users\anthoni.newland\OneDrive - ZINUS\Desktop\New Results\ew_sweep_ax2p556_ay0p7056\cycle_rows_r.csv
0.7056,0.2180651084687945,0.263919978712282,3.5857863599627704,2.7890272834940286,0.2512849061345319,0.2409925435905383,0.717916734634256,0.231,2.775557561562892e-17,-2.088574137299183,C:\Users\anthoni.newland\OneDrive - ZINUS\Desktop\New Results\ew_sweep_ax2p556_ay0p7056\cycle_rows_r.csv
0.7056,0.2164382805403818,0.2661113250252356,3.620254778883375,2.757825789282621,0.2721017924892992,0.2412748027828087,0.706848661872169,0.231,0.0,-2.088574137299183,C:\Users\anthoni.newland\OneDrive - ZINUS\Desktop\New Results\ew_sweep_ax2p556_ay0p7056\cycle_rows_r.csv
0.7056,0.2172867887387064,0.2652745139572713,3.6022126140514183,2.769679887759867,0.2628165221422867,0.2412806513479888,0.7142350215844699,0.2309999999999999,-2.775557561562892e-17,-2.088574137299183,C:\Users\anthoni.newland\OneDrive - ZINUS\Desktop\New Results\ew_sweep_ax2p556_ay0p7056\cycle_rows_r.csv
0.7056,0.2120049899182902,0.270751989556272,3.716870109450792,2.693416996266112,0.3220712993562317,0.2413784897372811,0.6766641667019049,0.2309999999999999,-2.775557561562892e-17,-2.088574137299183,C:\Users\anthoni.newland\OneDrive - ZINUS\Desktop\New Results\ew_sweep_ax2p556_ay0p7056\cycle_rows_r.csv
0.7056,0.2123563199268706,0.2704920807442502,3.709066348222512,2.6969659046894545,0.3186527846487782,0.2414242003355604,0.6793078853531429,0.231,0.0,-2.088574137299183,C:\Users\anthoni.newland\OneDrive - ZINUS\Desktop\New Results\ew_sweep_ax2p556_ay0p7056\cycle_rows_r.csv
0.7056,0.2179787749182428,0.2641971701604904,3.5876026249577264,2.7850518966290805,0.253217679393759,0.2410879725393666,0.7182674774078981,0.231,0.0,-2.088574137299183,C:\Users\anthoni.newland\OneDrive - ZINUS\Desktop\New Results\ew_sweep_ax2p556_ay0p7056\cycle_rows_r.csv
0.7056,0.2175443116833988,0.2647157547900548,3.596764641933462,2.777636887510139,0.2584342050562542,0.2411300332367268,0.7147492756119946,0.2309999999999999,-2.775557561562892e-17,-2.088574137299183,C:\Users\anthoni.newland\OneDrive - ZINUS\Desktop\New Results\ew_sweep_ax2p556_ay0p7056\cycle_rows_r.csv
0.7065,0.2180710645674965,0.2645332806006347,3.585661109984097,2.7802426890463656,0.2544046449771526,0.2413021725840656,0.7217322690058051,0.2309999999999999,-2.775557561562892e-17,-2.066985592832019,C:\Users\anthoni.newland\OneDrive - ZINUS\Desktop\New Results\ew_sweep_ax2p556_ay0p7065\cycle_rows_r.csv
0.7065,0.218156607327561,0.2642223320303851,3.583862997550678,2.7846914464633583,0.2523041922267959,0.241189469678973,0.721194168651565,0.231,2.775557561562892e-17,-2.066985592832019,C:\Users\anthoni.newland\OneDrive - ZINUS\Desktop\New Results\ew_sweep_ax2p556_ay0p7065\cycle_rows_r.csv
0.7065,0.2179451624654558,0.2635769651396092,3.5883101450278776,2.7939582446832114,0.2502220639035268,0.2407610638025325,0.713909230635356,0.231,0.0,-2.066985592832019,C:\Users\anthoni.newland\OneDrive - ZINUS\Desktop\New Results\ew_sweep_ax2p556_ay0p7065\cycle_rows_r.csv
0.7065,0.2162043790871954,0.2662705843911869,3.625253217450786,2.755578192335609,0.2742968481954186,0.2412374817391911,0.7044788830515771,0.231,2.775557561562892e-17,-2.066985592832019,C:\Users\anthoni.newland\OneDrive - ZINUS\Desktop\New Results\ew_sweep_ax2p556_ay0p7065\cycle_rows_r.csv
0.7065,0.2126634961043127,0.2701613233040147,3.7022644615486526,2.70149208543331,0.3151404044748441,0.2414124097041637,0.6810922292419714,0.2309999999999999,-2.775557561562892e-17,-2.066985592832019,C:\Users\anthoni.newland\OneDrive - ZINUS\Desktop\New Results\ew_sweep_ax2p556_ay0p7065\cycle_rows_r.csv
0.7065,0.2144701830165247,0.2691091969015021,3.662652802991038,2.715963673906004,0.2990408596695841,0.2417896899590134,0.6974722673752353,0.231,0.0,-2.066985592832019,C:\Users\anthoni.newland\OneDrive - ZINUS\Desktop\New Results\ew_sweep_ax2p556_ay0p7065\cycle_rows_r.csv
0.7065,0.2156896462007738,0.2669583478271134,3.6362911600733687,2.7459027153090423,0.2808543712014943,0.2413239970139436,0.7013703621595048,0.231,2.775557561562892e-17,-2.066985592832019,C:\Users\anthoni.newland\OneDrive - ZINUS\Desktop\New Results\ew_sweep_ax2p556_ay0p7065\cycle_rows_r.csv
0.7065,0.2145318037092094,0.2683635085222368,3.661313533519096,2.7262890379790186,0.2948806142411297,0.2414476561157231,0.6940799785555888,0.231,2.775557561562892e-17,-2.066985592832019,C:\Users\anthoni.newland\OneDrive - ZINUS\Desktop\New Results\ew_sweep_ax2p556_ay0p7065\cycle_rows_r.csv
0.7065,0.2170036020797624,0.2646555660346302,3.60821843700289,2.7784960089188147,0.2613043654532772,0.2408295840571963,0.706278676499171,0.2309999999999999,-2.775557561562892e-17,-2.066985592832019,C:\Users\anthoni.newland\OneDrive - ZINUS\Desktop\New Results\ew_sweep_ax2p556_ay0p7065\cycle_rows_r.csv
0.7065,0.2141767242709984,0.2678318949966126,3.6690414348418985,2.733685265575437,0.2942798255220813,0.2410043096338055,0.6864556481418406,0.231,0.0,-2.066985592832019,C:\Users\anthoni.newland\OneDrive - ZINUS\Desktop\New Results\ew_sweep_ax2p556_ay0p7065\cycle_rows_r.csv
0.7065,0.2162213972140778,0.2660129529812235,3.624889177873148,2.759215439672912,0.2728773378869453,0.2411171750976507,0.7031905800446268,0.231,2.775557561562892e-17,-2.066985592832019,C:\Users\anthoni.newland\OneDrive - ZINUS\Desktop\New Results\ew_sweep_ax2p556_ay0p7065\cycle_rows_r.csv
0.7065,0.2157879815180807,0.2668417169906767,3.6341783864186654,2.747539969677753,0.2796771020984034,0.2413148492543787,0.7020390703813514,0.231,0.0,-2.066985592832019,C:\Users\anthoni.newland\OneDrive - ZINUS\Desktop\New Results\ew_sweep_ax2p556_ay0p7065\cycle_rows_r.csv
0.7065,0.2163810134233912,0.2650744084712476,3.6214775694913057,2.7725256306984045,0.2671234261115456,0.2407277109473194,0.6997747525667277,0.231,0.0,-2.066985592832019,C:\Users\anthoni.newland\OneDrive - ZINUS\Desktop\New Results\ew_sweep_ax2p556_ay0p7065\cycle_rows_r.csv
0.7065,0.2171578331150145,0.2653125577376649,3.604945562660705,2.7691393446546826,0.2637701040933604,0.2412351954263397,0.7125481041900794,0.231,0.0,-2.066985592832019,C:\Users\anthoni.newland\OneDrive - ZINUS\Desktop\New Results\ew_sweep_ax2p556_ay0p7065\cycle_rows_r.csv
0.7065,0.2159134678862346,0.2661112291625305,3.6314850564435495,2.7578271429847794,0.2751985684366833,0.2410123485243825,0.6994580688424155,0.2309999999999999,-2.775557561562892e-17,-2.066985592832019,C:\Users\anthoni.newland\OneDrive - ZINUS\Desktop\New Results\ew_sweep_ax2p556_ay0p7065\cycle_rows_r.csv
0.7065,0.2149643841241349,0.2680173706198916,3.651933407826909,2.731101449458746,0.2905517389585352,0.2414908773720133,0.6977433894857623,0.2309999999999999,-2.775557561562892e-17,-2.066985592832019,C:\Users\anthoni.newland\OneDrive - ZINUS\Desktop\New Results\ew_sweep_ax2p556_ay0p7065\cycle_rows_r.csv
0.7065,0.2162332039702547,0.2665490446144258,3.6246366498715967,2.751654790008875,0.2755515762387674,0.2413911242923402,0.7065179505958231,0.2309999999999999,-2.775557561562892e-17,-2.066985592832019,C:\Users\anthoni.newland\OneDrive - ZINUS\Desktop\New Results\ew_sweep_ax2p556_ay0p7065\cycle_rows_r.csv
0.7065,0.2135204207021246,0.2692254637321049,3.6833927954603833,2.7143589099545893,0.305278486156347,0.2413729422171147,0.6862119056533542,0.231,0.0,-2.066985592832019,C:\Users\anthoni.newland\OneDrive - ZINUS\Desktop\New Results\ew_sweep_ax2p556_ay0p7065\cycle_rows_r.csv
0.7065,0.2153720302644418,0.2672797568166847,3.643128445101076,2.741398196070102,0.2843746946791459,0.2413258935405633,0.6989278711748383,0.231,0.0,-2.066985592832019,C:\Users\anthoni.newland\OneDrive - ZINUS\Desktop\New Results\ew_sweep_ax2p556_ay0p7065\cycle_rows_r.csv
0.7065,0.2136191918029221,0.2693887462007667,3.681227335241332,2.712107554985732,0.3055201833785048,0.2415039690018444,0.6883459374072095,0.231,2.775557561562892e-17,-2.066985592832019,C:\Users\anthoni.newland\OneDrive - ZINUS\Desktop\New Results\ew_sweep_ax2p556_ay0p7065\cycle_rows_r.csv
0.7065,0.21688774007903,0.2656049939614985,3.6106801594023614,2.7649894495016825,0.2668593451693819,0.2412463670202642,0.7103231648685255,0.231,2.775557561562892e-17,-2.066985592832019,C:\Users\anthoni.newland\OneDrive - ZINUS\Desktop\New Results\ew_sweep_ax2p556_ay0p7065\cycle_rows_r.csv
0.7065,0.2165280238211971,0.2650709248844881,3.6183398451268025,2.772575209581276,0.2662387474620806,0.2407994743528426,0.7018724496928169,0.2309999999999999,-2.775557561562892e-17,-2.066985592832019,C:\Users\anthoni.newland\OneDrive - ZINUS\Desktop\New Results\ew_sweep_ax2p556_ay0p7065\cycle_rows_r.csv
0.7065,0.2182850546695637,0.2647473131217848,3.581165675835129,2.777186586743549,0.2542499590806752,0.2415161838956743,0.7263381989166212,0.2309999999999999,-2.775557561562892e-17,-2.066985592832019,C:\Users\anthoni.newland\OneDrive - ZINUS\Desktop\New Results\ew_sweep_ax2p556_ay0p7065\cycle_rows_r.csv
0.7065,0.2154909846438529,0.2669924279611022,3.6405653658909394,2.7454245711630767,0.2822032561528382,0.2412417063024775,0.698862510306528,0.231,0.0,-2.066985592832019,C:\Users\anthoni.newland\OneDrive - ZINUS\Desktop\New Results\ew_sweep_ax2p556_ay0p7065\cycle_rows_r.csv
0.7065,0.2172896220778669,0.2650531056497567,3.6021526036878324,2.772828835748138,0.2616635728023726,0.2411713638638118,0.7129527225229013,0.2309999999999999,-2.775557561562892e-17,-2.066985592832019,C:\Users\anthoni.newland\OneDrive - ZINUS\Desktop\New Results\ew_sweep_ax2p556_ay0p7065\cycle_rows_r.csv
0.7065,0.2169032099603439,0.2664915138559519,3.6103513183729663,2.7524647052758886,0.2713083189741105,0.2416973619081479,0.7157234885602812,0.231,0.0,-2.066985592832019,C:\Users\anthoni.newland\OneDrive - ZINUS\Desktop\New Results\ew_sweep_ax2p556_ay0p7065\cycle_rows_r.csv
0.7065,0.2157747872272435,0.2666907836127248,3.6344617591806414,2.749660886115024,0.2789834383348728,0.2412327854199842,0.7009738814205371,0.231,0.0,-2.066985592832019,C:\Users\anthoni.newland\OneDrive - ZINUS\Desktop\New Results\ew_sweep_ax2p556_ay0p7065\cycle_rows_r.csv
0.7065,0.2182046844913032,0.2635088008884204,3.582853032377755,2.7949396628442704,0.2483489006050689,0.2408567426898618,0.7175683684780793,0.2309999999999999,-2.775557561562892e-17,-2.066985592832019,C:\Users\anthoni.newland\OneDrive - ZINUS\Desktop\New Results\ew_sweep_ax2p556_ay0p7065\cycle_rows_r.csv
0.7065,0.2105960530317641,0.2727327341884967,3.748427074505381,2.6665932418250144,0.3405345868743094,0.2416643936101304,0.6716279886791943,0.2309999999999999,-2.775557561562892e-17,-2.066985592832019,C:\Users\anthoni.newland\OneDrive - ZINUS\Desktop\New Results\ew_sweep_ax2p556_ay0p7065\cycle_rows_r.csv
0.7065,0.2172822985110265,0.2651461924993329,3.6023077206597773,2.7715042806149888,0.2621844392159249,0.2412142455051797,0.7134018913646093,0.2309999999999999,-2.775557561562892e-17,-2.066985592832019,C:\Users\anthoni.newland\OneDrive - ZINUS\Desktop\New Results\ew_sweep_ax2p556_ay0p7065\cycle_rows_r.csv
0.7065,0.2179041244460377,0.263899579365515,3.589174264334048,2.7893201740005305,0.2521242651997464,0.2409018519057764,0.7152789209958076,0.231,0.0,-2.066985592832019,C:\Users\anthoni.newland\OneDrive - ZINUS\Desktop\New Results\ew_sweep_ax2p556_ay0p7065\cycle_rows_r.csv
0.7065,0.2175425263846105,0.2647926607139406,3.596802366044152,2.7765397171650257,0.2588397727393672,0.2411675935492755,0.715186553299683,0.2309999999999999,-2.775557561562892e-17,-2.066985592832019,C:\Users\anthoni.newland\OneDrive - ZINUS\Desktop\New Results\ew_sweep_ax2p556_ay0p7065\cycle_rows_r.csv
0.7065,0.2172943886194829,0.2649135807776248,3.6020516514633028,2.774815911908364,0.2609191793662766,0.2411039846985538,0.7121830346260145,0.2309999999999999,-2.775557561562892e-17,-2.066985592832019,C:\Users\anthoni.newland\OneDrive - ZINUS\Desktop\New Results\ew_sweep_ax2p556_ay0p7065\cycle_rows_r.csv
0.7065,0.2160021905996359,0.2659372008082454,3.629582677953108,2.760286251644245,0.2737832882016431,0.2409696957039407,0.6996534227647312,0.231,0.0,-2.066985592832019,C:\Users\anthoni.newland\OneDrive - ZINUS\Desktop\New Results\ew_sweep_ax2p556_ay0p7065\cycle_rows_r.csv
0.7065,0.2174947743469711,0.2644972230978105,3.597811616405515,2.7807580294716456,0.257602213287694,0.2409959987223908,0.712669743556973,0.231,0.0,-2.066985592832019,C:\Users\anthoni.newland\OneDrive - ZINUS\Desktop\New Results\ew_sweep_ax2p556_ay0p7065\cycle_rows_r.csv
0.7065,0.2160239895478437,0.2663789034328915,3.62911550746324,2.754051042003514,0.2759160228254753,0.2412014464903676,0.7025908834568929,0.231,0.0,-2.066985592832019,C:\Users\anthoni.newland\OneDrive - ZINUS\Desktop\New Results\ew_sweep_ax2p556_ay0p7065\cycle_rows_r.csv
0.7065,0.2133027751666478,0.2701372426098322,3.6881715402845856,2.701822045486455,0.311204440629562,0.24172000888824,0.6886180933947604,0.2309999999999999,-2.775557561562892e-17,-2.066985592832019,C:\Users\anthoni.newland\OneDrive - ZINUS\Desktop\New Results\ew_sweep_ax2p556_ay0p7065\cycle_rows_r.csv
0.7065,0.2180310883813986,0.2644420326819912,3.5865018948614997,2.7815470931679207,0.2541700436728789,0.2412365605316949,0.7205635047068889,0.231,0.0,-2.066985592832019,C:\Users\anthoni.newland\OneDrive - ZINUS\Desktop\New Results\ew_sweep_ax2p556_ay0p7065\cycle_rows_r.csv
0.7065,0.2131193667633539,0.2701671123764146,3.6922061339943455,2.701412770799187,0.312449263083849,0.2416432395698842,0.6865672246204865,0.231,2.775557561562892e-17,-2.066985592832019,C:\Users\anthoni.newland\OneDrive - ZINUS\Desktop\New Results\ew_sweep_ax2p556_ay0p7065\cycle_rows_r.csv
0.7065,0.2150084155592549,0.2672548448563641,3.6509807413766393,2.74174694770248,0.2864005383782038,0.2411316302078095,0.6939200505013292,0.231,0.0,-2.066985592832019,C:\Users\anthoni.newland\OneDrive - ZINUS\Desktop\New Results\ew_sweep_ax2p556_ay0p7065\cycle_rows_r.csv
0.7065,0.2172827996919196,0.2647651130523414,3.602297105053308,2.776932649741923,0.260224771562745,0.2410239563721305,0.7111092670662899,0.231,0.0,-2.066985592832019,C:\Users\anthoni.newland\OneDrive - ZINUS\Desktop\New Results\ew_sweep_ax2p556_ay0p7065\cycle_rows_r.csv
0.7065,0.2179561743920028,0.2643976995076642,3.588078327166178,2.782181168225378,0.2543815613148719,0.2411769369498335,0.7191344260225765,0.231,0.0,-2.066985592832019,C:\Users\anthoni.newland\OneDrive - ZINUS\Desktop\New Results\ew_sweep_ax2p556_ay0p7065\cycle_rows_r.csv
0.7065,0.2175573880456835,0.2653218278919135,3.5964883517999224,2.7690076536310424,0.2614689033335506,0.2414396079687985,0.7185644383647576,0.2309999999999999,-2.775557561562892e-17,-2.066985592832019,C:\Users\anthoni.newland\OneDrive - ZINUS\Desktop\New Results\ew_sweep_ax2p556_ay0p7065\cycle_rows_r.csv
0.7065,0.2151326470162541,0.2680074146431036,3.648294965312475,2.7312400529353487,0.2895041877535216,0.2415700308296788,0.6999068989631164,0.231,0.0,-2.066985592832019,C:\Users\anthoni.newland\OneDrive - ZINUS\Desktop\New Results\ew_sweep_ax2p556_ay0p7065\cycle_rows_r.csv
0.7065,0.2174569671349504,0.2647532099164641,3.5986109949717804,2.7771024582309063,0.2591398333407757,0.2411050885257072,0.7136552066596072,0.2309999999999999,-2.775557561562892e-17,-2.066985592832019,C:\Users\anthoni.newland\OneDrive - ZINUS\Desktop\New Results\ew_sweep_ax2p556_ay0p7065\cycle_rows_r.csv
0.7065,0.2161955455837071,0.266094125874695,3.625442200023576,2.7580686785656616,0.2734455864363461,0.2411448357292011,0.7033091055905925,0.231,2.775557561562892e-17,-2.066985592832019,C:\Users\anthoni.newland\OneDrive - ZINUS\Desktop\New Results\ew_sweep_ax2p556_ay0p7065\cycle_rows_r.csv
0.7065,0.216103083870044,0.2663748713436378,3.62742123847414,2.754107866691174,0.2754284263768496,0.2412389776068409,0.7036724397798496,0.231,0.0,-2.066985592832019,C:\Users\anthoni.newland\OneDrive - ZINUS\Desktop\New Results\ew_sweep_ax2p556_ay0p7065\cycle_rows_r.csv
0.7065,0.2169596329165203,0.2655003310544207,3.609152341185839,2.76647364629849,0.2658994789346525,0.2412299819854705,0.7107506150078006,0.2309999999999999,-2.775557561562892e-17,-2.066985592832019,C:\Users\anthoni.newland\OneDrive - ZINUS\Desktop\New Results\ew_sweep_ax2p556_ay0p7065\cycle_rows_r.csv
0.7065,0.2170125134630233,0.2658566340293086,3.608029205515789,2.7614257912020275,0.2674145594656847,0.2414345737461659,0.713630087412577,0.231,0.0,-2.066985592832019,C:\Users\anthoni.newland\OneDrive - ZINUS\Desktop\New Results\ew_sweep_ax2p556_ay0p7065\cycle_rows_r.csv
0.7065,0.2175044595294355,0.2644333947270555,3.5976068820081686,2.78167062080864,0.2572171794710756,0.2409689271282455,0.7124260242911096,0.231,2.775557561562892e-17,-2.066985592832019,C:\Users\anthoni.newland\OneDrive - ZINUS\Desktop\New Results\ew_sweep_ax2p556_ay0p7065\cycle_rows_r.csv
0.7065,0.2179921721789326,0.2632256640460628,3.5873206822269683,2.7990216631194675,0.248135645692376,0.2406089181124977,0.7124292800724552,0.2309999999999999,-2.775557561562892e-17,-2.066985592832019,C:\Users\anthoni.newland\OneDrive - ZINUS\Desktop\New Results\ew_sweep_ax2p556_ay0p7065\cycle_rows_r.csv
0.7065,0.214731571274283,0.267896645080717,3.656977053097936,2.732782841303223,0.2913164185636363,0.2413141081775,0.694001577333498,0.231,2.775557561562892e-17,-2.066985592832019,C:\Users\anthoni.newland\OneDrive - ZINUS\Desktop\New Results\ew_sweep_ax2p556_ay0p7065\cycle_rows_r.csv
0.7065,0.216718009613869,0.2654566100069166,3.614291178576808,2.7670939893866056,0.2670980903334035,0.2410873098103928,0.7069675724999229,0.2309999999999999,-2.775557561562892e-17,-2.066985592832019,C:\Users\anthoni.newland\OneDrive - ZINUS\Desktop\New Results\ew_sweep_ax2p556_ay0p7065\cycle_rows_r.csv
0.7065,0.2155817317487376,0.2661006948471447,3.638611963491919,2.757975906731196,0.2771052366558946,0.2408412132979412,0.6948023612197115,0.231,2.775557561562892e-17,-2.066985592832019,C:\Users\anthoni.newland\OneDrive - ZINUS\Desktop\New Results\ew_sweep_ax2p556_ay0p7065\cycle_rows_r.csv
0.7065,0.2180515453845716,0.2638149914917335,3.586071601723011,2.790535156268154,0.2508239522784734,0.2409332684381525,0.7170568277330414,0.231,2.775557561562892e-17,-2.066985592832019,C:\Users\anthoni.newland\OneDrive - ZINUS\Desktop\New Results\ew_sweep_ax2p556_ay0p7065\cycle_rows_r.csv
0.7065,0.2172849949544117,0.2651554468935562,3.6022506073638847,2.771372648442855,0.2622160804242286,0.2412202209239839,0.7134974814312692,0.231,2.775557561562892e-17,-2.066985592832019,C:\Users\anthoni.newland\OneDrive - ZINUS\Desktop\New Results\ew_sweep_ax2p556_ay0p7065\cycle_rows_r.csv
0.7065,0.2135734249950904,0.2694355780864443,3.682230478923056,2.711462335828437,0.3060305803016334,0.2415045015407674,0.6880432629152138,0.2309999999999999,-2.775557561562892e-17,-2.066985592832019,C:\Users\anthoni.newland\OneDrive - ZINUS\Desktop\New Results\ew_sweep_ax2p556_ay0p7065\cycle_rows_r.csv
0.7065,0.2182795644000288,0.2636759541111536,3.5812809034534983,2.792533920550245,0.2487711317739276,0.2409777592555912,0.7197919111868515,0.2309999999999999,-2.775557561562892e-17,-2.066985592832019,C:\Users\anthoni.newland\OneDrive - ZINUS\Desktop\New Results\ew_sweep_ax2p556_ay0p7065\cycle_rows_r.csv
0.7065,0.2166544385627578,0.2658628864018517,3.61564511040623,2.761337332689981,0.2695551902606434,0.2412586624823047,0.7084736042853743,0.2309999999999999,-2.775557561562892e-17,-2.066985592832019,C:\Users\anthoni.newland\OneDrive - ZINUS\Desktop\New Results\ew_sweep_ax2p556_ay0p7065\cycle_rows_r.csv
0.7065,0.2175016915500769,0.265028315113693,3.5976653922701245,2.7731817431319192,0.2602898282037,0.241265003331885,0.7159842749642188,0.231,2.775557561562892e-17,-2.066985592832019,C:\Users\anthoni.newland\OneDrive - ZINUS\Desktop\New Results\ew_sweep_ax2p556_ay0p7065\cycle_rows_r.csv
0.7065,0.2122338877208228,0.2704819741965013,3.7117828860366657,2.697104041667169,0.3193337032328516,0.241357930958662,0.6778243987978387,0.231,0.0,-2.066985592832019,C:\Users\anthoni.newland\OneDrive - ZINUS\Desktop\New Results\ew_sweep_ax2p556_ay0p7065\cycle_rows_r.csv
0.7065,0.2125858775087469,0.2702207007675056,3.703981335537468,2.700678730976969,0.3159051545069897,0.2414032891381262,0.6805035315441053,0.2309999999999999,-2.775557561562892e-17,-2.066985592832019,C:\Users\anthoni.newland\OneDrive - ZINUS\Desktop\New Results\ew_sweep_ax2p556_ay0p7065\cycle_rows_r.csv
0.7065,0.2181933360533973,0.2639528975817418,3.5830913908171578,2.788554735188374,0.2507024992292523,0.2410731168175695,0.720131410379228,0.231,0.0,-2.066985592832019,C:\Users\anthoni.newland\OneDrive - ZINUS\Desktop\New Results\ew_sweep_ax2p556_ay0p7065\cycle_rows_r.csv
0.7065,0.2177585155062801,0.2644713371654872,3.592242914932805,2.7811280826030367,0.255920144302006,0.2411149263358836,0.7165342613999426,0.2309999999999999,-2.775557561562892e-17,-2.066985592832019,C:\Users\anthoni.newland\OneDrive - ZINUS\Desktop\New Results\ew_sweep_ax2p556_ay0p7065\cycle_rows_r.csv
0.7075,0.2183091723661606,0.2642618028553499,3.5806595717505747,2.784126155180188,0.2516129655558345,0.2412854876107553,0.7238280486070331,0.231,0.0,-2.0430428666229155,C:\Users\anthoni.newland\OneDrive - ZINUS\Desktop\New Results\ew_sweep_ax2p556_ay0p7075\cycle_rows_r.csv
0.7075,0.2183942847515022,0.2639514006876738,3.5788744020377643,2.788576220450792,0.2495171878083977,0.241172842719588,0.7232986551176948,0.231,0.0,-2.0430428666229155,C:\Users\anthoni.newland\OneDrive - ZINUS\Desktop\New Results\ew_sweep_ax2p556_ay0p7075\cycle_rows_r.csv
0.7075,0.2181831016096816,0.2633052383433685,3.583306372594101,2.79787354893384,0.2474262601040315,0.2407441699765251,0.7159509872955625,0.231,0.0,-2.0430428666229155,C:\Users\anthoni.newland\OneDrive - ZINUS\Desktop\New Results\ew_sweep_ax2p556_ay0p7075\cycle_rows_r.csv
0.7075,0.2164453116385318,0.2659934310818539,3.6201046926348814,2.7594913375596506,0.2714565812783931,0.2412193713601929,0.706251447582845,0.231,0.0,-2.0430428666229155,C:\Users\anthoni.newland\OneDrive - ZINUS\Desktop\New Results\ew_sweep_ax2p556_ay0p7075\cycle_rows_r.csv
0.7075,0.2129146353546062,0.2698655762165315,3.69671799843404,2.705548569846611,0.3121407083561056,0.2413901057855688,0.6824395809501927,0.231,0.0,-2.0430428666229155,C:\Users\anthoni.newland\OneDrive - ZINUS\Desktop\New Results\ew_sweep_ax2p556_ay0p7075\cycle_rows_r.csv
0.7075,0.2147167240775296,0.2688217757237919,3.657299072981951,2.719936739899659,0.2961162941388171,0.2417692499006608,0.6990433346422049,0.231,2.775557561562892e-17,-2.0430428666229155,C:\Users\anthoni.newland\OneDrive - ZINUS\Desktop\New Results\ew_sweep_ax2p556_ay0p7075\cycle_rows_r.csv
0.7075,0.2159316392944876,0.2666783924396018,3.6310953006576296,2.749835113568427,0.2779933873035529,0.2413050158670447,0.7030674915807278,0.231,0.0,-2.0430428666229155,C:\Users\anthoni.newland\OneDrive - ZINUS\Desktop\New Results\ew_sweep_ax2p556_ay0p7075\cycle_rows_r.csv
0.7075,0.2147761961917845,0.2680798258171604,3.656009454171773,2.7302322058431727,0.2919855768566277,0.2414280110044724,0.6956341637100837,0.231,2.775557561562892e-17,-2.0430428666229155,C:\Users\anthoni.newland\OneDrive - ZINUS\Desktop\New Results\ew_sweep_ax2p556_ay0p7075\cycle_rows_r.csv
0.7075,0.2172426113223697,0.2643823774640845,3.603148497953213,2.782400361143007,0.2584940515888052,0.2408124943932271,0.7081574686587996,0.2309999999999999,-2.775557561562892e-17,-2.0430428666229155,C:\Users\anthoni.newland\OneDrive - ZINUS\Desktop\New Results\ew_sweep_ax2p556_ay0p7075\cycle_rows_r.csv
0.7075,0.2144234963659304,0.2675449288749049,3.663668007229123,2.7376899805399293,0.2913503413073153,0.2409842126204177,0.6879507413270706,0.231,0.0,-2.0430428666229155,C:\Users\anthoni.newland\OneDrive - ZINUS\Desktop\New Results\ew_sweep_ax2p556_ay0p7075\cycle_rows_r.csv
0.7075,0.2164620624606465,0.2657351829747927,3.619747167852117,2.7631449054108077,0.2700346907426179,0.2410986227177196,0.7049519618880302,0.231,2.775557561562892e-17,-2.0430428666229155,C:\Users\anthoni.newland\OneDrive - ZINUS\Desktop\New Results\ew_sweep_ax2p556_ay0p7075\cycle_rows_r.csv
0.7075,0.216030454425242,0.2665613883756875,3.628976977623557,2.7514810606801587,0.2768114499875866,0.2412959214004648,0.7037548209689085,0.231,2.775557561562892e-17,-2.0430428666229155,C:\Users\anthoni.newland\OneDrive - ZINUS\Desktop\New Results\ew_sweep_ax2p556_ay0p7075\cycle_rows_r.csv
0.7075,0.2166214925105861,0.2647977380671349,3.616347105775436,2.776467304061589,0.2642850638890435,0.2407096152888605,0.7015436275013066,0.2309999999999999,-2.775557561562892e-17,-2.0430428666229155,C:\Users\anthoni.newland\OneDrive - ZINUS\Desktop\New Results\ew_sweep_ax2p556_ay0p7075\cycle_rows_r.csv
0.7075,0.2173975965168161,0.2650372522121902,3.599866861557727,2.7730545108405926,0.2609474377232366,0.2412174243645031,0.7144730942187583,0.231,2.775557561562892e-17,-2.0430428666229155,C:\Users\anthoni.newland\OneDrive - ZINUS\Desktop\New Results\ew_sweep_ax2p556_ay0p7075\cycle_rows_r.csv
0.7075,0.2161552644358611,0.2658329454773262,3.626304164323168,2.761760974375892,0.2723454826076379,0.2409941049565936,0.7011789750864531,0.231,0.0,-2.0430428666229155,C:\Users\anthoni.newland\OneDrive - ZINUS\Desktop\New Results\ew_sweep_ax2p556_ay0p7075\cycle_rows_r.csv
0.7075,0.215208493145039,0.2677324495559939,3.646656762407854,2.7350720902841426,0.2876529983975715,0.2414704713505164,0.6993465851771334,0.231,0.0,-2.0430428666229155,C:\Users\anthoni.newland\OneDrive - ZINUS\Desktop\New Results\ew_sweep_ax2p556_ay0p7075\cycle_rows_r.csv
0.7075,0.216474112175848,0.2662718261342184,3.619490016375128,2.755560678417154,0.2727122015228644,0.2413729691550332,0.70830211530804,0.231,0.0,-2.0430428666229155,C:\Users\anthoni.newland\OneDrive - ZINUS\Desktop\New Results\ew_sweep_ax2p556_ay0p7075\cycle_rows_r.csv
0.7075,0.2137686547525036,0.2689358625350441,3.677954310737356,2.7183586843859224,0.3023284304774778,0.2413522586437738,0.6876523945997169,0.231,2.775557561562892e-17,-2.0430428666229155,C:\Users\anthoni.newland\OneDrive - ZINUS\Desktop\New Results\ew_sweep_ax2p556_ay0p7075\cycle_rows_r.csv
0.7075,0.2156148813898893,0.266999379902103,3.637898801575448,2.745327050447293,0.2815060507346008,0.2413071306459961,0.700588328083931,0.231,0.0,-2.0430428666229155,C:\Users\anthoni.newland\OneDrive - ZINUS\Desktop\New Results\ew_sweep_ax2p556_ay0p7075\cycle_rows_r.csv
0.7075,0.2138674585700097,0.2690983734441078,3.675793160335559,2.716113134395075,0.3025670717058301,0.2414829160070588,0.6898015999002582,0.2309999999999999,-2.775557561562892e-17,-2.0430428666229155,C:\Users\anthoni.newland\OneDrive - ZINUS\Desktop\New Results\ew_sweep_ax2p556_ay0p7075\cycle_rows_r.csv
0.7075,0.2171276262501638,0.2653302611655451,3.6055862041610895,2.768887859255824,0.2640386214362973,0.2412289437078544,0.7122071485471938,0.231,0.0,-2.0430428666229155,C:\Users\anthoni.newland\OneDrive - ZINUS\Desktop\New Results\ew_sweep_ax2p556_ay0p7075\cycle_rows_r.csv
0.7075,0.2167685038244736,0.2647945790837937,3.613216322283338,2.7765123570885195,0.2634027313983644,0.2407815414541337,0.7036714722433091,0.2309999999999999,-2.775557561562892e-17,-2.0430428666229155,C:\Users\anthoni.newland\OneDrive - ZINUS\Desktop\New Results\ew_sweep_ax2p556_ay0p7075\cycle_rows_r.csv
0.7075,0.2185234849812601,0.2644761853963077,3.5761671798605845,2.781058769059064,0.2514598993625112,0.2414998351887839,0.7284922342745638,0.231,0.0,-2.0430428666229155,C:\Users\anthoni.newland\OneDrive - ZINUS\Desktop\New Results\ew_sweep_ax2p556_ay0p7075\cycle_rows_r.csv
0.7075,0.2157330728664251,0.2667126731626982,3.635357883300383,2.749353145247759,0.2793418968672578,0.2412228730145617,0.700528700796994,0.2309999999999999,-2.775557561562892e-17,-2.0430428666229155,C:\Users\anthoni.newland\OneDrive - ZINUS\Desktop\New Results\ew_sweep_ax2p556_ay0p7075\cycle_rows_r.csv
0.7075,0.2175288545295831,0.2647789207491043,3.5970912785917486,2.7767356901781723,0.2588495150936329,0.2411538876393437,0.7148967917244675,0.231,0.0,-2.0430428666229155,C:\Users\anthoni.newland\OneDrive - ZINUS\Desktop\New Results\ew_sweep_ax2p556_ay0p7075\cycle_rows_r.csv
0.7075,0.2171426973630426,0.2662161846674364,3.605266546579239,2.7563456228223835,0.2684899533296718,0.2416794410152395,0.7176214001054565,0.2309999999999999,-2.775557561562892e-17,-2.0430428666229155,C:\Users\anthoni.newland\OneDrive - ZINUS\Desktop\New Results\ew_sweep_ax2p556_ay0p7075\cycle_rows_r.csv
0.7075,0.2160165264771575,0.2664119516300038,3.62927543696868,2.7535853548673077,0.2761291962916921,0.2412142390535807,0.7026818708762059,0.231,2.775557561562892e-17,-2.0430428666229155,C:\Users\anthoni.newland\OneDrive - ZINUS\Desktop\New Results\ew_sweep_ax2p556_ay0p7075\cycle_rows_r.csv
0.7075,0.2184429495630601,0.2632392469108458,3.577854318485659,2.7988256376477216,0.2455633542746453,0.240841098236953,0.7196855280370495,0.2309999999999999,-2.775557561562892e-17,-2.0430428666229155,C:\Users\anthoni.newland\OneDrive - ZINUS\Desktop\New Results\ew_sweep_ax2p556_ay0p7075\cycle_rows_r.csv
0.7075,0.2108588294680075,0.2724191144774204,3.742509490937512,2.6708143696828794,0.337372940018347,0.2416389719727139,0.6728220064459934,0.231,2.775557561562892e-17,-2.0430428666229155,C:\Users\anthoni.newland\OneDrive - ZINUS\Desktop\New Results\ew_sweep_ax2p556_ay0p7075\cycle_rows_r.csv
0.7075,0.2175214447194585,0.2648727609628171,3.597247877282712,2.775397652687964,0.2593750393686429,0.2411971028411378,0.7153499342812479,0.231,0.0,-2.0430428666229155,C:\Users\anthoni.newland\OneDrive - ZINUS\Desktop\New Results\ew_sweep_ax2p556_ay0p7075\cycle_rows_r.csv
0.7075,0.2181423947688883,0.2636286376808042,3.5841616484473526,2.793214609752595,0.2493314744515524,0.2408855162248462,0.7173298032987592,0.231,0.0,-2.0430428666229155,C:\Users\anthoni.newland\OneDrive - ZINUS\Desktop\New Results\ew_sweep_ax2p556_ay0p7075\cycle_rows_r.csv
0.7075,0.2177817967984399,0.264520305519473,3.5917519953493366,2.7804281150975143,0.2560351903627964,0.2411510511589564,0.7171881696000348,0.2309999999999999,-2.775557561562892e-17,-2.0430428666229155,C:\Users\anthoni.newland\OneDrive - ZINUS\Desktop\New Results\ew_sweep_ax2p556_ay0p7075\cycle_rows_r.csv
0.7075,0.2175332284547547,0.2646393813886954,3.596998845203974,2.778727091759733,0.2581069014880055,0.2410863049217251,0.714118629807652,0.231,0.0,-2.0430428666229155,C:\Users\anthoni.newland\OneDrive - ZINUS\Desktop\New Results\ew_sweep_ax2p556_ay0p7075\cycle_rows_r.csv
0.7075,0.2162434017113697,0.2656589154159522,3.624418558374084,2.7642252601771795,0.2709334772736589,0.2409511585636609,0.7013772157292807,0.231,0.0,-2.0430428666229155,C:\Users\anthoni.newland\OneDrive - ZINUS\Desktop\New Results\ew_sweep_ax2p556_ay0p7075\cycle_rows_r.csv
0.7075,0.2177331160038319,0.2642240007726578,3.592778619777805,2.784667543734661,0.2547973995511774,0.2409785583882448,0.7146347276001059,0.231,2.775557561562892e-17,-2.0430428666229155,C:\Users\anthoni.newland\OneDrive - ZINUS\Desktop\New Results\ew_sweep_ax2p556_ay0p7075\cycle_rows_r.csv
0.7075,0.2162655411246749,0.2661011102830949,3.623945150020501,2.7579700397947886,0.2730683365685995,0.2411833257038849,0.7043385051249972,0.231,2.775557561562892e-17,-2.0430428666229155,C:\Users\anthoni.newland\OneDrive - ZINUS\Desktop\New Results\ew_sweep_ax2p556_ay0p7075\cycle_rows_r.csv
0.7075,0.2135518864903356,0.2698462679575964,3.682702721267017,2.705813712262049,0.3082442328386239,0.241699077223966,0.6900558625053602,0.231,2.775557561562892e-17,-2.0430428666229155,C:\Users\anthoni.newland\OneDrive - ZINUS\Desktop\New Results\ew_sweep_ax2p556_ay0p7075\cycle_rows_r.csv
0.7075,0.2182694043634691,0.2641700788318225,3.5814941535954734,2.7854400635456744,0.2513742017393243,0.2412197415976457,0.7226490507169314,0.231,2.775557561562892e-17,-2.0430428666229155,C:\Users\anthoni.newland\OneDrive - ZINUS\Desktop\New Results\ew_sweep_ax2p556_ay0p7075\cycle_rows_r.csv
0.7075,0.2133688868654671,0.2698739948799586,3.68671892463177,2.705432976025739,0.3094749176169191,0.2416214408727129,0.6879731097936997,0.231,0.0,-2.0430428666229155,C:\Users\anthoni.newland\OneDrive - ZINUS\Desktop\New Results\ew_sweep_ax2p556_ay0p7075\cycle_rows_r.csv
0.7075,0.2152519995745196,0.2669722094572911,3.645717586720039,2.745708221963736,0.2835141688266855,0.2411121045159054,0.6955155352003669,0.231,0.0,-2.0430428666229155,C:\Users\anthoni.newland\OneDrive - ZINUS\Desktop\New Results\ew_sweep_ax2p556_ay0p7075\cycle_rows_r.csv
0.7075,0.2175216455585804,0.2644912059759499,3.597243632614445,2.7808440409581325,0.2574134011122397,0.2410064257672651,0.7130406518253196,0.231,0.0,-2.0430428666229155,C:\Users\anthoni.newland\OneDrive - ZINUS\Desktop\New Results\ew_sweep_ax2p556_ay0p7075\cycle_rows_r.csv
0.7075,0.2181942349289122,0.2641265683973036,3.583072510260413,2.7860636514831163,0.2515909534183915,0.2411604016631079,0.7212036902087692,0.231,0.0,-2.0430428666229155,C:\Users\anthoni.newland\OneDrive - ZINUS\Desktop\New Results\ew_sweep_ax2p556_ay0p7075\cycle_rows_r.csv
0.7075,0.2177958470787924,0.2650484151916436,3.5914557757303256,2.772895602024063,0.2586655109647964,0.241422131135218,0.7205622160117797,0.231,2.775557561562892e-17,-2.0430428666229155,C:\Users\anthoni.newland\OneDrive - ZINUS\Desktop\New Results\ew_sweep_ax2p556_ay0p7075\cycle_rows_r.csv
0.7075,0.2153752642862645,0.2677244515741393,3.643058725030079,2.7351836715709026,0.2866250482743315,0.2415498579302019,0.7015285905430954,0.231,0.0,-2.0430428666229155,C:\Users\anthoni.newland\OneDrive - ZINUS\Desktop\New Results\ew_sweep_ax2p556_ay0p7075\cycle_rows_r.csv
0.7075,0.2176953137350357,0.2644807657889348,3.5935761447631958,2.780993287043171,0.2563396858994029,0.2410880397619852,0.715623432479895,0.2309999999999999,-2.775557561562892e-17,-2.0430428666229155,C:\Users\anthoni.newland\OneDrive - ZINUS\Desktop\New Results\ew_sweep_ax2p556_ay0p7075\cycle_rows_r.csv
0.7075,0.2164362164422362,0.2658179280870467,3.620298841099385,2.7619734951531663,0.270611116530784,0.2411270722646414,0.705077384467408,0.231,0.0,-2.0430428666229155,C:\Users\anthoni.newland\OneDrive - ZINUS\Desktop\New Results\ew_sweep_ax2p556_ay0p7075\cycle_rows_r.csv
0.7075,0.2163440745045149,0.2660975209071673,3.622266647654964,2.7580207308615514,0.2725866796798382,0.2412207977058411,0.7054289389949926,0.231,0.0,-2.0430428666229155,C:\Users\anthoni.newland\OneDrive - ZINUS\Desktop\New Results\ew_sweep_ax2p556_ay0p7075\cycle_rows_r.csv
0.7075,0.2171987900991427,0.2652252909490241,3.604077212140728,2.770379500468522,0.2630814489346749,0.2412120405240834,0.7126334491035197,0.2309999999999999,-2.775557561562892e-17,-2.0430428666229155,C:\Users\anthoni.newland\OneDrive - ZINUS\Desktop\New Results\ew_sweep_ax2p556_ay0p7075\cycle_rows_r.csv
0.7075,0.2172518096116009,0.2655814545807664,3.602953603874613,2.765323153224497,0.2645964536805454,0.2414166320961837,0.7155329736609805,0.231,2.775557561562892e-17,-2.0430428666229155,C:\Users\anthoni.newland\OneDrive - ZINUS\Desktop\New Results\ew_sweep_ax2p556_ay0p7075\cycle_rows_r.csv
0.7075,0.2177433838894238,0.2641605777856132,3.5925620431609886,2.7855762142206464,0.2544108578527411,0.2409519808375185,0.7144028969044496,0.231,0.0,-2.0430428666229155,C:\Users\anthoni.newland\OneDrive - ZINUS\Desktop\New Results\ew_sweep_ax2p556_ay0p7075\cycle_rows_r.csv
0.7075,0.2182297061115456,0.2629546282772282,3.582327575004208,2.802937436589701,0.2453447979925573,0.2405921671943869,0.7144702937403216,0.231,0.0,-2.0430428666229155,C:\Users\anthoni.newland\OneDrive - ZINUS\Desktop\New Results\ew_sweep_ax2p556_ay0p7075\cycle_rows_r.csv
0.7075,0.2149762575936531,0.2676133647723865,3.651676474386274,2.7367341532084195,0.2884210755787288,0.2412948111830198,0.6955808693677453,0.231,0.0,-2.0430428666229155,C:\Users\anthoni.newland\OneDrive - ZINUS\Desktop\New Results\ew_sweep_ax2p556_ay0p7075\cycle_rows_r.csv
0.7075,0.2169583659468091,0.2651817806365529,3.609179257209036,2.77099813418388,0.2642728013787312,0.241070073291681,0.7088212408115249,0.231,0.0,-2.0430428666229155,C:\Users\anthoni.newland\OneDrive - ZINUS\Desktop\New Results\ew_sweep_ax2p556_ay0p7075\cycle_rows_r.csv
0.7075,0.2158230861216065,0.2658216915011416,3.633424616292184,2.761920234397821,0.2742494490846743,0.240822388811374,0.6964532557821002,0.2309999999999999,-2.775557561562892e-17,-2.0430428666229155,C:\Users\anthoni.newland\OneDrive - ZINUS\Desktop\New Results\ew_sweep_ax2p556_ay0p7075\cycle_rows_r.csv
0.7075,0.2182896114146567,0.263544865379468,3.5810700450624213,2.794420348733181,0.2480369545685332,0.2409172383970623,0.7191400451486499,0.231,2.775557561562892e-17,-2.0430428666229155,C:\Users\anthoni.newland\OneDrive - ZINUS\Desktop\New Results\ew_sweep_ax2p556_ay0p7075\cycle_rows_r.csv
0.7075,0.2175239825229676,0.264882744596761,3.5971942422229835,2.775255355052782,0.2594114016258328,0.2412033635598643,0.715448274259485,0.231,0.0,-2.0430428666229155,C:\Users\anthoni.newland\OneDrive - ZINUS\Desktop\New Results\ew_sweep_ax2p556_ay0p7075\cycle_rows_r.csv
0.7075,0.2138210853571387,0.2691453842971461,3.6768072397057145,2.7154640515624244,0.3030819175275961,0.2414832348271424,0.6894869890445462,0.2309999999999999,-2.775557561562892e-17,-2.0430428666229155,C:\Users\anthoni.newland\OneDrive - ZINUS\Desktop\New Results\ew_sweep_ax2p556_ay0p7075\cycle_rows_r.csv
0.7075,0.2185177087621108,0.2634053449803777,3.5762881446311034,2.796430175228581,0.245981765084144,0.2409615268712442,0.7219213955220588,0.231,0.0,-2.0430428666229155,C:\Users\anthoni.newland\OneDrive - ZINUS\Desktop\New Results\ew_sweep_ax2p556_ay0p7075\cycle_rows_r.csv
0.7075,0.2168944728092658,0.2655873902825822,3.6105370369644536,2.765239000752296,0.2667294558587747,0.241240931545924,0.7103166554260392,0.231,0.0,-2.0430428666229155,C:\Users\anthoni.newland\OneDrive - ZINUS\Desktop\New Results\ew_sweep_ax2p556_ay0p7075\cycle_rows_r.csv
0.7075,0.217740334907749,0.2647553000531051,3.592626352043014,2.7770726395256973,0.2574861438794036,0.2412478174804271,0.7179692667801401,0.231,0.0,-2.0430428666229155,C:\Users\anthoni.newland\OneDrive - ZINUS\Desktop\New Results\ew_sweep_ax2p556_ay0p7075\cycle_rows_r.csv
0.7075,0.2124880008211552,0.2701826605223836,3.706148093706572,2.701199766360113,0.3162970553663193,0.2413353306717694,0.6791384285008507,0.231,0.0,-2.0430428666229155,C:\Users\anthoni.newland\OneDrive - ZINUS\Desktop\New Results\ew_sweep_ax2p556_ay0p7075\cycle_rows_r.csv
0.7075,0.212840709220636,0.2699198913137776,3.698349313257431,2.7048029144229164,0.3128575386405463,0.2413803002672068,0.6818579013670572,0.231,0.0,-2.0430428666229155,C:\Users\anthoni.newland\OneDrive - ZINUS\Desktop\New Results\ew_sweep_ax2p556_ay0p7075\cycle_rows_r.csv
0.7075,0.2184315972356127,0.2636820170044772,3.578092238740273,2.792446718059732,0.2479115927607362,0.2410568071200449,0.7222478193885126,0.231,2.775557561562892e-17,-2.0430428666229155,C:\Users\anthoni.newland\OneDrive - ZINUS\Desktop\New Results\ew_sweep_ax2p556_ay0p7075\cycle_rows_r.csv
0.7075,0.2179963833901715,0.2642002909171972,3.5872320652686818,2.785007187268423,0.2531304385745245,0.2410983371536844,0.7185602407713596,0.231,2.775557561562892e-17,-2.0430428666229155,C:\Users\anthoni.newland\OneDrive - ZINUS\Desktop\New Results\ew_sweep_ax2p556_ay0p7075\cycle_rows_r.csv
0.7085,0.218547135280975,0.2639908840385633,3.575671965291836,2.788009588444432,0.2488251887264996,0.2412690096597692,0.7259718870145908,0.231,2.775557561562892e-17,-2.0191470303307337,C:\Users\anthoni.newland\OneDrive - ZINUS\Desktop\New Results\ew_sweep_ax2p556_ay0p7085\cycle_rows_r.csv
0.7085,0.2186318183979273,0.2636810251182138,3.573899660752582,2.792460984068454,0.2467340613895037,0.2411564217580706,0.7254517337260226,0.231,0.0,-2.0191470303307337,C:\Users\anthoni.newland\OneDrive - ZINUS\Desktop\New Results\ew_sweep_ax2p556_ay0p7085\cycle_rows_r.csv
0.7085,0.218420896207179,0.2630340689014898,3.578316531818774,2.8017888868020178,0.2446343459826134,0.2407274825543344,0.7180405913066761,0.231,0.0,-2.0191470303307337,C:\Users\anthoni.newland\OneDrive - ZINUS\Desktop\New Results\ew_sweep_ax2p556_ay0p7085\cycle_rows_r.csv
0.7085,0.2166860940624768,0.2657168566447975,3.6149708144707766,2.7634044472262085,0.2686203671555989,0.2412014753536371,0.7080627511454524,0.231,0.0,-2.0191470303307337,C:\Users\anthoni.newland\OneDrive - ZINUS\Desktop\New Results\ew_sweep_ax2p556_ay0p7085\cycle_rows_r.csv
0.7085,0.2131655666596324,0.2695705291560578,3.691189180646274,2.70960432184739,0.309146059778872,0.2413680479078451,0.6838144632841868,0.231,0.0,-2.0191470303307337,C:\Users\anthoni.newland\OneDrive - ZINUS\Desktop\New Results\ew_sweep_ax2p556_ay0p7085\cycle_rows_r.csv
0.7085,0.2149630854329191,0.2685349996017045,3.6519615123037386,2.7239093655695386,0.293196308695397,0.2417490425173118,0.7006469748951946,0.231,2.775557561562892e-17,-2.0191470303307337,C:\Users\anthoni.newland\OneDrive - ZINUS\Desktop\New Results\ew_sweep_ax2p556_ay0p7085\cycle_rows_r.csv
0.7085,0.2161734785079311,0.2663990281314044,3.6259143670268097,2.753767448080698,0.2751365404486929,0.2412862533196677,0.7048012096787568,0.2309999999999999,-2.775557561562892e-17,-2.0191470303307337,C:\Users\anthoni.newland\OneDrive - ZINUS\Desktop\New Results\ew_sweep_ax2p556_ay0p7085\cycle_rows_r.csv
0.7085,0.2150204267568511,0.2677967551425135,3.650720934206022,2.734175193675628,0.2890948484447151,0.2414085909496823,0.697220823578739,0.231,2.775557561562892e-17,-2.0191470303307337,C:\Users\anthoni.newland\OneDrive - ZINUS\Desktop\New Results\ew_sweep_ax2p556_ay0p7085\cycle_rows_r.csv
0.7085,0.2174814758646047,0.2641097492973113,3.5980927618063423,2.7863047564907903,0.2556876587657739,0.240795612580958,0.7100788182752462,0.2309999999999999,-2.775557561562892e-17,-2.0191470303307337,C:\Users\anthoni.newland\OneDrive - ZINUS\Desktop\New Results\ew_sweep_ax2p556_ay0p7085\cycle_rows_r.csv
0.7085,0.2146700851790546,0.2672586076800626,3.658310910744309,2.741694266390507,0.2884254663916015,0.2409643464295586,0.6894775885625535,0.2309999999999999,-2.775557561562892e-17,-2.0191470303307337,C:\Users\anthoni.newland\OneDrive - ZINUS\Desktop\New Results\ew_sweep_ax2p556_ay0p7085\cycle_rows_r.csv
0.7085,0.2167025781222853,0.2654579948927236,3.6146197644021534,2.767074336578629,0.2671961014906401,0.2410802865075045,0.7067521349467047,0.231,0.0,-2.0191470303307337,C:\Users\anthoni.newland\OneDrive - ZINUS\Desktop\New Results\ew_sweep_ax2p556_ay0p7085\cycle_rows_r.csv
0.7085,0.2162727660996152,0.2662816598946143,3.623790678940131,2.755421985861766,0.2739500250510984,0.2412772129971148,0.7055077050743022,0.2309999999999999,-2.775557561562892e-17,-2.0191470303307337,C:\Users\anthoni.newland\OneDrive - ZINUS\Desktop\New Results\ew_sweep_ax2p556_ay0p7085\cycle_rows_r.csv
0.7085,0.2168618224968489,0.2645216419079305,3.6112311908405648,2.780409016015637,0.2614507193513127,0.2406917322023897,0.7033522644891986,0.2309999999999999,-2.775557561562892e-17,-2.0191470303307337,C:\Users\anthoni.newland\OneDrive - ZINUS\Desktop\New Results\ew_sweep_ax2p556_ay0p7085\cycle_rows_r.csv
0.7085,0.2176372102701503,0.2647625197140502,3.5948025099141487,2.776969644646167,0.258128777731871,0.2411998649921002,0.7164413372020954,0.2309999999999999,-2.775557561562892e-17,-2.0191470303307337,C:\Users\anthoni.newland\OneDrive - ZINUS\Desktop\New Results\ew_sweep_ax2p556_ay0p7085\cycle_rows_r.csv
0.7085,0.2163969081354752,0.2655552499596244,3.6211381142929744,2.765694710053905,0.269496517847384,0.2409760790475498,0.7029376638300087,0.231,0.0,-2.0191470303307337,C:\Users\anthoni.newland\OneDrive - ZINUS\Desktop\New Results\ew_sweep_ax2p556_ay0p7085\cycle_rows_r.csv
0.7085,0.2154524385199645,0.2674481490217371,3.641395599276713,2.739042515933524,0.2847586019722512,0.2414502937708508,0.700983767122378,0.231,0.0,-2.0191470303307337,C:\Users\anthoni.newland\OneDrive - ZINUS\Desktop\New Results\ew_sweep_ax2p556_ay0p7085\cycle_rows_r.csv
0.7085,0.2167148704671574,0.265995187783811,3.614358017261891,2.759466508893217,0.2698768840879655,0.2413550291254842,0.7101250497018383,0.231,0.0,-2.0191470303307337,C:\Users\anthoni.newland\OneDrive - ZINUS\Desktop\New Results\ew_sweep_ax2p556_ay0p7085\cycle_rows_r.csv
0.7085,0.2140167039419992,0.2686469198395175,3.6725324779836384,2.722357958160747,0.2993830714365049,0.2413318118907583,0.6891226626330739,0.231,0.0,-2.0191470303307337,C:\Users\anthoni.newland\OneDrive - ZINUS\Desktop\New Results\ew_sweep_ax2p556_ay0p7085\cycle_rows_r.csv
0.7085,0.2158575758134636,0.2667196016735531,3.632684288385432,2.7492557492041123,0.2786416099887228,0.2412885887435083,0.7022842891042139,0.2309999999999999,-2.775557561562892e-17,-2.0191470303307337,C:\Users\anthoni.newland\OneDrive - ZINUS\Desktop\New Results\ew_sweep_ax2p556_ay0p7085\cycle_rows_r.csv
0.7085,0.2141155371317499,0.268808664454478,3.6703756924686792,2.720118181567569,0.2996186968775107,0.241462100793114,0.6912873025413269,0.231,2.775557561562892e-17,-2.0191470303307337,C:\Users\anthoni.newland\OneDrive - ZINUS\Desktop\New Results\ew_sweep_ax2p556_ay0p7085\cycle_rows_r.csv
0.7085,0.2173673634401411,0.2650560997255495,3.600506645402547,2.7727862178438563,0.2612219009103536,0.2412117315828453,0.7141329877506082,0.231,0.0,-2.0191470303307337,C:\Users\anthoni.newland\OneDrive - ZINUS\Desktop\New Results\ew_sweep_ax2p556_ay0p7085\cycle_rows_r.csv
0.7085,0.2170088352417261,0.2645188080209968,3.608107309944777,2.7804495169229058,0.260570732616352,0.2407638216313614,0.7055109919073992,0.231,0.0,-2.0191470303307337,C:\Users\anthoni.newland\OneDrive - ZINUS\Desktop\New Results\ew_sweep_ax2p556_ay0p7085\cycle_rows_r.csv
0.7085,0.2187617670778005,0.264205617646355,3.5711826767442374,2.784930876596735,0.2486737697531924,0.2414836923620777,0.7306955117340368,0.231,2.775557561562892e-17,-2.0191470303307337,C:\Users\anthoni.newland\OneDrive - ZINUS\Desktop\New Results\ew_sweep_ax2p556_ay0p7085\cycle_rows_r.csv
0.7085,0.2159750068894712,0.2664335107137976,3.630165380718178,2.7532816248260814,0.2764846883065415,0.2412042588016344,0.7022307049999151,0.231,0.0,-2.0191470303307337,C:\Users\anthoni.newland\OneDrive - ZINUS\Desktop\New Results\ew_sweep_ax2p556_ay0p7085\cycle_rows_r.csv
0.7085,0.2177679378181757,0.264505304683081,3.592044219268612,2.780642513760385,0.2560394397948746,0.2411366212506283,0.7168847312243397,0.231,2.775557561562892e-17,-2.0191470303307337,C:\Users\anthoni.newland\OneDrive - ZINUS\Desktop\New Results\ew_sweep_ax2p556_ay0p7085\cycle_rows_r.csv
0.7085,0.2173820392982375,0.2659414237255462,3.6001960568050846,2.7602265415861225,0.2656755475573114,0.2416617315118918,0.7195606809606905,0.231,0.0,-2.0191470303307337,C:\Users\anthoni.newland\OneDrive - ZINUS\Desktop\New Results\ew_sweep_ax2p556_ay0p7085\cycle_rows_r.csv
0.7085,0.2162581130518264,0.2661337072168308,3.6241039741262746,2.757509751236645,0.273279069802208,0.2411959101343286,0.7044268405223865,0.231,2.775557561562892e-17,-2.0191470303307337,C:\Users\anthoni.newland\OneDrive - ZINUS\Desktop\New Results\ew_sweep_ax2p556_ay0p7085\cycle_rows_r.csv
0.7085,0.2186810683873696,0.2629702474576804,3.572869555532852,2.802711560215303,0.2427817070546212,0.2408256579225249,0.7218523379475235,0.2309999999999999,-2.775557561562892e-17,-2.0191470303307337,C:\Users\anthoni.newland\OneDrive - ZINUS\Desktop\New Results\ew_sweep_ax2p556_ay0p7085\cycle_rows_r.csv
0.7085,0.2111212946172258,0.2721063781406772,3.7366136221031288,2.675033297025497,0.3342179248680216,0.2416138363789515,0.674039876076747,0.231,0.0,-2.0191470303307337,C:\Users\anthoni.newland\OneDrive - ZINUS\Desktop\New Results\ew_sweep_ax2p556_ay0p7085\cycle_rows_r.csv
0.7085,0.2177604444047321,0.2645998935793521,3.5922022373420037,2.7792910135850266,0.2565695869183269,0.2411801689920421,0.7173417743255239,0.231,0.0,-2.0191470303307337,C:\Users\anthoni.newland\OneDrive - ZINUS\Desktop\New Results\ew_sweep_ax2p556_ay0p7085\cycle_rows_r.csv
0.7085,0.2183805198434512,0.2633582527234542,3.579163016540405,2.7971090317419227,0.2465425836820474,0.2408693862834527,0.7194282737590046,0.231,0.0,-2.0191470303307337,C:\Users\anthoni.newland\OneDrive - ZINUS\Desktop\New Results\ew_sweep_ax2p556_ay0p7085\cycle_rows_r.csv
0.7085,0.2180209177057488,0.2642485158647858,3.5867158551715046,2.7843164292801297,0.2532345842826906,0.2411347167852673,0.7192352012406279,0.2309999999999999,-2.775557561562892e-17,-2.0191470303307337,C:\Users\anthoni.newland\OneDrive - ZINUS\Desktop\New Results\ew_sweep_ax2p556_ay0p7085\cycle_rows_r.csv
0.7085,0.2177719244463601,0.2643657466014016,3.591960155296844,2.782638306420814,0.2552985490111732,0.2410688355238808,0.716098080350152,0.231,0.0,-2.0191470303307337,C:\Users\anthoni.newland\OneDrive - ZINUS\Desktop\New Results\ew_sweep_ax2p556_ay0p7085\cycle_rows_r.csv
0.7085,0.2164844621102215,0.2653812136189669,3.619269162563996,2.7681642432903915,0.2680877442169909,0.2409328378645941,0.7031390134949489,0.231,0.0,-2.0191470303307337,C:\Users\anthoni.newland\OneDrive - ZINUS\Desktop\New Results\ew_sweep_ax2p556_ay0p7085\cycle_rows_r.csv
0.7085,0.2179713139767137,0.2639513375030526,3.5877596540379235,2.788577127359451,0.2519964803484944,0.2409613257398832,0.7166446420841216,0.231,2.775557561562892e-17,-2.0191470303307337,C:\Users\anthoni.newland\OneDrive - ZINUS\Desktop\New Results\ew_sweep_ax2p556_ay0p7085\cycle_rows_r.csv
0.7085,0.216506940377801,0.2658239015175909,3.6187895790084914,2.761888958408147,0.2702247486328215,0.2411654209476959,0.7061242362213248,0.2309999999999999,-2.775557561562892e-17,-2.0191470303307337,C:\Users\anthoni.newland\OneDrive - ZINUS\Desktop\New Results\ew_sweep_ax2p556_ay0p7085\cycle_rows_r.csv
0.7085,0.2138008087035639,0.2695559626560077,3.677250783398605,2.709804784678958,0.3052888061334133,0.2416783856797858,0.6915228444870575,0.2309999999999999,-2.775557561562892e-17,-2.0191470303307337,C:\Users\anthoni.newland\OneDrive - ZINUS\Desktop\New Results\ew_sweep_ax2p556_ay0p7085\cycle_rows_r.csv
0.7085,0.2185075746884299,0.2638986868322659,3.576500386432372,2.7893329898818338,0.2485822810898001,0.2412031307603479,0.724782568182425,0.231,0.0,-2.0191470303307337,C:\Users\anthoni.newland\OneDrive - ZINUS\Desktop\New Results\ew_sweep_ax2p556_ay0p7085\cycle_rows_r.csv
0.7085,0.21361821332914,0.2695815551292357,3.681248777505754,2.709452597825568,0.3065054152650915,0.2415998842291878,0.6894076352168399,0.231,0.0,-2.0191470303307337,C:\Users\anthoni.newland\OneDrive - ZINUS\Desktop\New Results\ew_sweep_ax2p556_ay0p7085\cycle_rows_r.csv
0.7085,0.2154954235272471,0.2666901784951125,3.6404697771855954,2.7496693940617933,0.28063204887727,0.2410928010111798,0.6971452157064721,0.231,0.0,-2.0191470303307337,C:\Users\anthoni.newland\OneDrive - ZINUS\Desktop\New Results\ew_sweep_ax2p556_ay0p7085\cycle_rows_r.csv
0.7085,0.2177603466661217,0.2642178609767861,3.592204298486158,2.78475549042409,0.2546059504479456,0.2409891038214539,0.7150158907481821,0.231,0.0,-2.0191470303307337,C:\Users\anthoni.newland\OneDrive - ZINUS\Desktop\New Results\ew_sweep_ax2p556_ay0p7085\cycle_rows_r.csv
0.7085,0.2184321517133256,0.2638559909667308,3.578080617511008,2.7899461609196075,0.2488042177922707,0.2411440713400282,0.7233204305659339,0.2309999999999999,-2.775557561562892e-17,-2.0191470303307337,C:\Users\anthoni.newland\OneDrive - ZINUS\Desktop\New Results\ew_sweep_ax2p556_ay0p7085\cycle_rows_r.csv
0.7085,0.2180341632626871,0.2647755651250372,3.5864372125720587,2.776783554508747,0.2558660267428023,0.2414048641938621,0.722604880882771,0.2309999999999999,-2.775557561562892e-17,-2.0191470303307337,C:\Users\anthoni.newland\OneDrive - ZINUS\Desktop\New Results\ew_sweep_ax2p556_ay0p7085\cycle_rows_r.csv
0.7085,0.2156177257311095,0.26744209166789,3.637837620303399,2.7391272023171336,0.2837501144134295,0.2415299086994997,0.7031845157998649,0.231,0.0,-2.0191470303307337,C:\Users\anthoni.newland\OneDrive - ZINUS\Desktop\New Results\ew_sweep_ax2p556_ay0p7085\cycle_rows_r.csv
0.7085,0.2179335173055766,0.2642088787194794,3.5885553189041817,2.7848841600124183,0.2535434251120372,0.241071198012528,0.7176362907778882,0.231,0.0,-2.0191470303307337,C:\Users\anthoni.newland\OneDrive - ZINUS\Desktop\New Results\ew_sweep_ax2p556_ay0p7085\cycle_rows_r.csv
0.7085,0.2166767379780441,0.2655423048768639,3.6151700885460527,2.76587828618764,0.2677806765504427,0.241109521427454,0.7068843578216668,0.231,0.0,-2.0191470303307337,C:\Users\anthoni.newland\OneDrive - ZINUS\Desktop\New Results\ew_sweep_ax2p556_ay0p7085\cycle_rows_r.csv
0.7085,0.2165849149659206,0.2658207510372632,3.6171267290584312,2.761933543930956,0.2697489955724617,0.2412028330015919,0.7072237178385284,0.231,0.0,-2.0191470303307337,C:\Users\anthoni.newland\OneDrive - ZINUS\Desktop\New Results\ew_sweep_ax2p556_ay0p7085\cycle_rows_r.csv
0.7085,0.2174378028588407,0.2649508194988448,3.5990163019132138,2.774285363191186,0.2602673713993424,0.2411943111788428,0.7145582810723824,0.231,2.775557561562892e-17,-2.0191470303307337,C:\Users\anthoni.newland\OneDrive - ZINUS\Desktop\New Results\ew_sweep_ax2p556_ay0p7085\cycle_rows_r.csv
0.7085,0.2174909586861338,0.2653068444370162,3.5978922804010565,2.769220511902022,0.2617823193843831,0.241398901561575,0.7174779657068912,0.231,2.775557561562892e-17,-2.0191470303307337,C:\Users\anthoni.newland\OneDrive - ZINUS\Desktop\New Results\ew_sweep_ax2p556_ay0p7085\cycle_rows_r.csv
0.7085,0.217982162084864,0.2638883251967276,3.587531339425305,2.7894817789097117,0.2516084805211276,0.2409352436407958,0.7164250498693553,0.231,0.0,-2.0191470303307337,C:\Users\anthoni.newland\OneDrive - ZINUS\Desktop\New Results\ew_sweep_ax2p556_ay0p7085\cycle_rows_r.csv
0.7085,0.2184670979100528,0.262684145203115,3.57734830354967,2.806853280873769,0.2425578016300413,0.2405756215565839,0.7165594978135581,0.2309999999999999,-2.775557561562892e-17,-2.0191470303307337,C:\Users\anthoni.newland\OneDrive - ZINUS\Desktop\New Results\ew_sweep_ax2p556_ay0p7085\cycle_rows_r.csv
0.7085,0.2152207750508747,0.267330705044101,3.6463915937651272,2.740685155620384,0.2855301282180564,0.2412757400474878,0.6971935108879173,0.231,0.0,-2.0191470303307337,C:\Users\anthoni.newland\OneDrive - ZINUS\Desktop\New Results\ew_sweep_ax2p556_ay0p7085\cycle_rows_r.csv
0.7085,0.217198574522735,0.2649075202175061,3.604081781831981,2.7749022722304595,0.261451502086883,0.2410530473701205,0.7107161921883,0.231,0.0,-2.0191470303307337,C:\Users\anthoni.newland\OneDrive - ZINUS\Desktop\New Results\ew_sweep_ax2p556_ay0p7085\cycle_rows_r.csv
0.7085,0.2160642886706094,0.265543272128092,3.628252110298997,2.7658645688361583,0.2713977507756491,0.2408037803993507,0.6981402954200779,0.2309999999999999,-2.775557561562892e-17,-2.0191470303307337,C:\Users\anthoni.newland\OneDrive - ZINUS\Desktop\New Results\ew_sweep_ax2p556_ay0p7085\cycle_rows_r.csv
0.7085,0.2185275332548286,0.2632752905397855,3.576082405295278,2.798305560501822,0.2452538239959927,0.240901411897307,0.7212716904280623,0.231,2.775557561562892e-17,-2.0191470303307337,C:\Users\anthoni.newland\OneDrive - ZINUS\Desktop\New Results\ew_sweep_ax2p556_ay0p7085\cycle_rows_r.csv
0.7085,0.2177628249635706,0.2646106045159736,3.592152035900936,2.779138035035301,0.2566106555128764,0.2411867147397721,0.7174428508052861,0.2309999999999999,-2.775557561562892e-17,-2.0191470303307337,C:\Users\anthoni.newland\OneDrive - ZINUS\Desktop\New Results\ew_sweep_ax2p556_ay0p7085\cycle_rows_r.csv
0.7085,0.2140685637302189,0.2688558457848808,3.671400520350364,2.7194653405458333,0.3001379074346908,0.2414622047575499,0.6909604631803354,0.231,0.0,-2.0191470303307337,C:\Users\anthoni.newland\OneDrive - ZINUS\Desktop\New Results\ew_sweep_ax2p556_ay0p7085\cycle_rows_r.csv
0.7085,0.2187557059045583,0.2631352913393265,3.5713093327782413,2.800326421097383,0.2431962990837326,0.2409454986219424,0.724100755437676,0.231,2.775557561562892e-17,-2.0191470303307337,C:\Users\anthoni.newland\OneDrive - ZINUS\Desktop\New Results\ew_sweep_ax2p556_ay0p7085\cycle_rows_r.csv
0.7085,0.217134358430323,0.2653124679856785,3.605443409458818,2.7691406197087565,0.263907735165519,0.2412234132080007,0.7122003810932911,0.231,0.0,-2.0191470303307337,C:\Users\anthoni.newland\OneDrive - ZINUS\Desktop\New Results\ew_sweep_ax2p556_ay0p7085\cycle_rows_r.csv
0.7085,0.2179788336156975,0.2644828508680826,3.587601389605684,2.7809634791738334,0.2546863996957662,0.2412308422418901,0.7199991064506445,0.2309999999999999,-2.775557561562892e-17,-2.0191470303307337,C:\Users\anthoni.newland\OneDrive - ZINUS\Desktop\New Results\ew_sweep_ax2p556_ay0p7085\cycle_rows_r.csv
0.7085,0.2127418855155801,0.2698840839700536,3.7005318091286954,2.705294455641038,0.3132657790850534,0.2413129847428169,0.6804793133927722,0.231,0.0,-2.0191470303307337,C:\Users\anthoni.newland\OneDrive - ZINUS\Desktop\New Results\ew_sweep_ax2p556_ay0p7085\cycle_rows_r.csv
0.7085,0.2130952975036313,0.2696198401656023,3.6927361218891246,2.7089258690524907,0.3098154816889936,0.2413575688346168,0.6832402058793702,0.231,0.0,-2.0191470303307337,C:\Users\anthoni.newland\OneDrive - ZINUS\Desktop\New Results\ew_sweep_ax2p556_ay0p7085\cycle_rows_r.csv
0.7085,0.2186697111208539,0.2634116961934117,3.573107061212159,2.7963386381512207,0.2451246102913133,0.2410407036571328,0.7244134595469977,0.231,0.0,-2.0191470303307337,C:\Users\anthoni.newland\OneDrive - ZINUS\Desktop\New Results\ew_sweep_ax2p556_ay0p7085\cycle_rows_r.csv
0.7085,0.2182341078639506,0.2639297997385334,3.5822351500775045,2.7888862909404963,0.250344611922495,0.241081953801242,0.7206324795106089,0.231,0.0,-2.0191470303307337,C:\Users\anthoni.newland\OneDrive - ZINUS\Desktop\New Results\ew_sweep_ax2p556_ay0p7085\cycle_rows_r.csv
0.7095,0.2187849534565088,0.2637205224116472,3.5706982322200007,2.7918929890449635,0.2460413034628965,0.2412527379340779,0.7281653080728508,0.231,0.0,-1.9952980839554808,C:\Users\anthoni.newland\OneDrive - ZINUS\Desktop\New Results\ew_sweep_ax2p556_ay0p7095\cycle_rows_r.csv
0.7095,0.2188692084056425,0.2634112036026622,3.5689387158866297,2.796345737474522,0.24395480208692,0.2411402060041523,0.7276549570646731,0.231,0.0,-1.9952980839554808,C:\Users\anthoni.newland\OneDrive - ZINUS\Desktop\New Results\ew_sweep_ax2p556_ay0p7095\cycle_rows_r.csv
0.7095,0.2186585463997282,0.2627634550830194,3.5733405643880336,2.805704258547113,0.2418463105615196,0.2407110007413738,0.7201795906915175,0.231,0.0,-1.9952980839554808,C:\Users\anthoni.newland\OneDrive - ZINUS\Desktop\New Results\ew_sweep_ax2p556_ay0p7095\cycle_rows_r.csv
0.7095,0.2169267265089717,0.2654408592595694,3.609851520341094,2.767317521460099,0.265788194211185,0.2411837928842705,0.7099139427396051,0.231,0.0,-1.9952980839554808,C:\Users\anthoni.newland\OneDrive - ZINUS\Desktop\New Results\ew_sweep_ax2p556_ay0p7095\cycle_rows_r.csv
0.7095,0.2134162906650655,0.2692761791819583,3.6856779156067097,2.713659347952456,0.3061564380283268,0.2413462349235119,0.6852176078078471,0.231,0.0,-1.9952980839554808,C:\Users\anthoni.newland\OneDrive - ZINUS\Desktop\New Results\ew_sweep_ax2p556_ay0p7095\cycle_rows_r.csv
0.7095,0.21520926746976,0.2682488661466431,3.646640043698463,2.727881554039195,0.2902808872366735,0.2417290668082015,0.7022840872828429,0.231,2.775557561562892e-17,-1.9952980839554808,C:\Users\anthoni.newland\OneDrive - ZINUS\Desktop\New Results\ew_sweep_ax2p556_ay0p7095\cycle_rows_r.csv
0.7095,0.2164151640135731,0.2661202530012204,3.620748294409175,2.7576997192897386,0.272283818449593,0.2412677085073967,0.7065725807260594,0.231,0.0,-1.9952980839554808,C:\Users\anthoni.newland\OneDrive - ZINUS\Desktop\New Results\ew_sweep_ax2p556_ay0p7095\cycle_rows_r.csv
0.7095,0.2152644956147129,0.2675142944667463,3.6454479041905303,2.738118002229993,0.2862084158161397,0.2413893950407296,0.6988408619553051,0.231,2.775557561562892e-17,-1.9952980839554808,C:\Users\anthoni.newland\OneDrive - ZINUS\Desktop\New Results\ew_sweep_ax2p556_ay0p7095\cycle_rows_r.csv
0.7095,0.2177201958344247,0.2638376798175622,3.593051169035765,2.7902091948787504,0.2528851760767858,0.2407789378259934,0.7120440445009755,0.231,2.775557561562892e-17,-1.9952980839554808,C:\Users\anthoni.newland\OneDrive - ZINUS\Desktop\New Results\ew_sweep_ax2p556_ay0p7095\cycle_rows_r.csv
0.7095,0.2149164911336384,0.2669729289863873,3.652970066304424,2.745698126760219,0.2855051841875597,0.2409447100600129,0.6910370834082672,0.231,0.0,-1.9952980839554808,C:\Users\anthoni.newland\OneDrive - ZINUS\Desktop\New Results\ew_sweep_ax2p556_ay0p7095\cycle_rows_r.csv
0.7095,0.2169429443464959,0.265181386895171,3.60950690520188,2.7710037333627437,0.264361558480592,0.2410621656208334,0.7085922573200867,0.2309999999999999,-2.775557561562892e-17,-1.9952980839554808,C:\Users\anthoni.newland\OneDrive - ZINUS\Desktop\New Results\ew_sweep_ax2p556_ay0p7095\cycle_rows_r.csv
0.7095,0.2165149167911367,0.2660025295180504,3.6186194227193136,2.759362746707046,0.271092813960486,0.2412587231545935,0.7072988085160627,0.231,0.0,-1.9952980839554808,C:\Users\anthoni.newland\OneDrive - ZINUS\Desktop\New Results\ew_sweep_ax2p556_ay0p7095\cycle_rows_r.csv
0.7095,0.2171020035299775,0.2642461181921077,3.6061297626943354,2.784350766784005,0.2586203809994682,0.2406740608610426,0.7052018779093453,0.2309999999999999,-2.775557561562892e-17,-1.9952980839554808,C:\Users\anthoni.newland\OneDrive - ZINUS\Desktop\New Results\ew_sweep_ax2p556_ay0p7095\cycle_rows_r.csv
0.7095,0.2178766745386644,0.2644883584256389,3.58975244650404,2.7808847465063407,0.2553141125076146,0.2411825164821517,0.7184541649866714,0.231,0.0,-1.9952980839554808,C:\Users\anthoni.newland\OneDrive - ZINUS\Desktop\New Results\ew_sweep_ax2p556_ay0p7095\cycle_rows_r.csv
0.7095,0.2166383991490938,0.2652781407269433,3.61598684225775,2.7696283503031727,0.2666516621350925,0.2409582699380185,0.7047352558828885,0.231,0.0,-1.9952980839554808,C:\Users\anthoni.newland\OneDrive - ZINUS\Desktop\New Results\ew_sweep_ax2p556_ay0p7095\cycle_rows_r.csv
0.7095,0.2156962204873234,0.2671644669001559,3.636149848804469,2.7430127277132166,0.281868535993361,0.2414303436937396,0.702655897970114,0.2309999999999999,-2.775557561562892e-17,-1.9952980839554808,C:\Users\anthoni.newland\OneDrive - ZINUS\Desktop\New Results\ew_sweep_ax2p556_ay0p7095\cycle_rows_r.csv
0.7095,0.2169554789927894,0.2657191277363367,3.6092405900163302,2.763372281547842,0.2670456123098881,0.2413373033645631,0.7119878973562446,0.231,0.0,-1.9952980839554808,C:\Users\anthoni.newland\OneDrive - ZINUS\Desktop\New Results\ew_sweep_ax2p556_ay0p7095\cycle_rows_r.csv
0.7095,0.2142645686768389,0.2683586331747339,3.667127216484559,2.72635673453024,0.2964423922952064,0.2413116009257864,0.690623518892497,0.231,0.0,-1.9952980839554808,C:\Users\anthoni.newland\OneDrive - ZINUS\Desktop\New Results\ew_sweep_ax2p556_ay0p7095\cycle_rows_r.csv
0.7095,0.2161001137218961,0.266440420179467,3.627484839211708,2.7531842928577697,0.2757813598870768,0.2412702669506815,0.7040167744973467,0.2309999999999999,-2.775557561562892e-17,-1.9952980839554808,C:\Users\anthoni.newland\OneDrive - ZINUS\Desktop\New Results\ew_sweep_ax2p556_ay0p7095\cycle_rows_r.csv
0.7095,0.2143634279387933,0.2685196166844701,3.6649748495602887,2.724122700409899,0.296675041508851,0.2414415223116317,0.6928038614509267,0.231,0.0,-1.9952980839554808,C:\Users\anthoni.newland\OneDrive - ZINUS\Desktop\New Results\ew_sweep_ax2p556_ay0p7095\cycle_rows_r.csv
0.7095,0.2176069518049684,0.2647825078443178,3.595441421817516,2.776684525504844,0.258409172100831,0.2411947298246431,0.716101953650311,0.231,0.0,-1.9952980839554808,C:\Users\anthoni.newland\OneDrive - ZINUS\Desktop\New Results\ew_sweep_ax2p556_ay0p7095\cycle_rows_r.csv
0.7095,0.2172490182146245,0.2642436098976912,3.603012746469953,2.784386689188722,0.2577427396920928,0.2407463140561578,0.7073922489185012,0.231,2.775557561562892e-17,-1.9952980839554808,C:\Users\anthoni.newland\OneDrive - ZINUS\Desktop\New Results\ew_sweep_ax2p556_ay0p7095\cycle_rows_r.csv
0.7095,0.2189999011262221,0.2639356081093838,3.5662121072084085,2.788802909782322,0.2458915589360908,0.241467754617803,0.732949592219067,0.231,0.0,-1.9952980839554808,C:\Users\anthoni.newland\OneDrive - ZINUS\Desktop\New Results\ew_sweep_ax2p556_ay0p7095\cycle_rows_r.csv
0.7095,0.2162167868844041,0.2661549387088624,3.6249877930830112,2.7572100102709918,0.2736316182598333,0.2411858627966332,0.7039695588342638,0.2309999999999999,-2.775557561562892e-17,-1.9952980839554808,C:\Users\anthoni.newland\OneDrive - ZINUS\Desktop\New Results\ew_sweep_ax2p556_ay0p7095\cycle_rows_r.csv
0.7095,0.2180068721085653,0.2642322556520718,3.5870113649537134,2.784549306942871,0.2532333353803244,0.2411195638803185,0.7189178997464508,0.2309999999999999,-2.775557561562892e-17,-1.9952980839554808,C:\Users\anthoni.newland\OneDrive - ZINUS\Desktop\New Results\ew_sweep_ax2p556_ay0p7095\cycle_rows_r.csv
0.7095,0.2176212358972449,0.2656672292747056,3.595139788987201,2.7641074615415904,0.2628650905527614,0.2416442325859752,0.7215425644829876,0.231,2.775557561562892e-17,-1.9952980839554808,C:\Users\anthoni.newland\OneDrive - ZINUS\Desktop\New Results\ew_sweep_ax2p556_ay0p7095\cycle_rows_r.csv
0.7095,0.2164995471138842,0.2658560484991608,3.618947306499329,2.761434075490506,0.2704330468811793,0.2411777978065225,0.7062098714630248,0.231,0.0,-1.9952980839554808,C:\Users\anthoni.newland\OneDrive - ZINUS\Desktop\New Results\ew_sweep_ax2p556_ay0p7095\cycle_rows_r.csv
0.7095,0.2189190411177437,0.2627018008047954,3.567898684802657,2.806597430761677,0.2400039478924955,0.2408104209612696,0.7240704110794297,0.231,0.0,-1.9952980839554808,C:\Users\anthoni.newland\OneDrive - ZINUS\Desktop\New Results\ew_sweep_ax2p556_ay0p7095\cycle_rows_r.csv
0.7095,0.211383450434934,0.2717945197865179,3.73073931730436,2.679250048107864,0.3310694998409363,0.2415889851107259,0.675282199510483,0.231,2.775557561562892e-17,-1.9952980839554808,C:\Users\anthoni.newland\OneDrive - ZINUS\Desktop\New Results\ew_sweep_ax2p556_ay0p7095\cycle_rows_r.csv
0.7095,0.217999297713456,0.2643275885931048,3.587170740863697,2.783184363473157,0.2537680706667071,0.2411634431532804,0.7193787631769745,0.2309999999999999,-2.775557561562892e-17,-1.9952980839554808,C:\Users\anthoni.newland\OneDrive - ZINUS\Desktop\New Results\ew_sweep_ax2p556_ay0p7095\cycle_rows_r.csv
0.7095,0.2186184998155224,0.2630884227671191,3.574178309904392,2.80100344014446,0.2437575818829438,0.2408534612913208,0.721575857058394,0.231,2.775557561562892e-17,-1.9952980839554808,C:\Users\anthoni.newland\OneDrive - ZINUS\Desktop\New Results\ew_sweep_ax2p556_ay0p7095\cycle_rows_r.csv
0.7095,0.2182598892746984,0.2639772899641148,3.581693884859513,2.788204660090042,0.2504379430098791,0.2411185896194065,0.7213290665440005,0.231,0.0,-1.9952980839554808,C:\Users\anthoni.newland\OneDrive - ZINUS\Desktop\New Results\ew_sweep_ax2p556_ay0p7095\cycle_rows_r.csv
0.7095,0.2180104767180461,0.2640926746751924,3.586935522797394,2.7865495558704905,0.2524941110038436,0.2410515756966192,0.718122748961901,0.231,2.775557561562892e-17,-1.9952980839554808,C:\Users\anthoni.newland\OneDrive - ZINUS\Desktop\New Results\ew_sweep_ax2p556_ay0p7095\cycle_rows_r.csv
0.7095,0.2167253719488394,0.2651040935676428,3.6141344273990312,2.7721032012085627,0.2652460772623395,0.2409147327582411,0.7049399493513598,0.231,0.0,-1.9952980839554808,C:\Users\anthoni.newland\OneDrive - ZINUS\Desktop\New Results\ew_sweep_ax2p556_ay0p7095\cycle_rows_r.csv
0.7095,0.2182093683964004,0.2636792315671039,3.582754660576233,2.7924867804596487,0.2491994447874939,0.2409442999817521,0.718700899635856,0.231,0.0,-1.9952980839554808,C:\Users\anthoni.newland\OneDrive - ZINUS\Desktop\New Results\ew_sweep_ax2p556_ay0p7095\cycle_rows_r.csv
0.7095,0.2167481874708498,0.2655472752759231,3.613648730670416,2.765807798106483,0.2673852470996429,0.2411477313733865,0.7079492021228211,0.231,2.775557561562892e-17,-1.9952980839554808,C:\Users\anthoni.newland\OneDrive - ZINUS\Desktop\New Results\ew_sweep_ax2p556_ay0p7095\cycle_rows_r.csv
0.7095,0.2140495422495447,0.2692663241398156,3.6718156436614713,2.713795266432029,0.3023381430533677,0.2416579331946801,0.6930198180665444,0.2309999999999999,-2.775557561562892e-17,-1.9952980839554808,C:\Users\anthoni.newland\OneDrive - ZINUS\Desktop\New Results\ew_sweep_ax2p556_ay0p7095\cycle_rows_r.csv
0.7095,0.2187455995050897,0.2636278549250833,3.571520534641577,2.7932258724487826,0.2457942705788665,0.2411867272150865,0.7269655818265466,0.231,2.775557561562892e-17,-1.9952980839554808,C:\Users\anthoni.newland\OneDrive - ZINUS\Desktop\New Results\ew_sweep_ax2p556_ay0p7095\cycle_rows_r.csv
0.7095,0.2138673466466319,0.2692897904646023,3.6757956073223137,2.7134716406244457,0.3035407377718567,0.2415785685556171,0.6908715644218323,0.231,2.775557561562892e-17,-1.9952980839554808,C:\Users\anthoni.newland\OneDrive - ZINUS\Desktop\New Results\ew_sweep_ax2p556_ay0p7095\cycle_rows_r.csv
0.7095,0.2157386876221327,0.2664087499762163,3.635237244751876,2.753630464799956,0.2777541655977886,0.2410737187991745,0.6988100730719277,0.231,0.0,-1.9952980839554808,C:\Users\anthoni.newland\OneDrive - ZINUS\Desktop\New Results\ew_sweep_ax2p556_ay0p7095\cycle_rows_r.csv
0.7095,0.2179989031471163,0.2639450763203104,3.58717904339707,2.7886669982297767,0.2518024085797778,0.2409719897337134,0.717036350255417,0.2309999999999999,-2.775557561562892e-17,-1.9952980839554808,C:\Users\anthoni.newland\OneDrive - ZINUS\Desktop\New Results\ew_sweep_ax2p556_ay0p7095\cycle_rows_r.csv
0.7095,0.2186699248813052,0.2635859655168028,3.5731025907783303,2.7938286966050656,0.2460213436231852,0.241127945199054,0.7254861527364863,0.231,2.775557561562892e-17,-1.9952980839554808,C:\Users\anthoni.newland\OneDrive - ZINUS\Desktop\New Results\ew_sweep_ax2p556_ay0p7095\cycle_rows_r.csv
0.7095,0.2182723367196028,0.2645032759607497,3.581432604007079,2.780671511034112,0.2530704398179633,0.2413878063401762,0.7246938199977296,0.231,0.0,-1.9952980839554808,C:\Users\anthoni.newland\OneDrive - ZINUS\Desktop\New Results\ew_sweep_ax2p556_ay0p7095\cycle_rows_r.csv
0.7095,0.2158600315269846,0.2671603329603951,3.632631585041672,2.743070645701897,0.2808793736531758,0.2415101822436898,0.7048756430277983,0.2309999999999999,-2.775557561562892e-17,-1.9952980839554808,C:\Users\anthoni.newland\OneDrive - ZINUS\Desktop\New Results\ew_sweep_ax2p556_ay0p7095\cycle_rows_r.csv
0.7095,0.2181715779721025,0.2639375470050731,3.583548458946697,2.788775077085864,0.2507510402026509,0.2410545624885878,0.719695173095633,0.231,0.0,-1.9952980839554808,C:\Users\anthoni.newland\OneDrive - ZINUS\Desktop\New Results\ew_sweep_ax2p556_ay0p7095\cycle_rows_r.csv
0.7095,0.2169171103373828,0.265267254449942,3.610055880076248,2.7697830517136364,0.2649542550194605,0.2410921823936624,0.708731175033683,0.231,0.0,-1.9952980839554808,C:\Users\anthoni.newland\OneDrive - ZINUS\Desktop\New Results\ew_sweep_ax2p556_ay0p7095\cycle_rows_r.csv
0.7095,0.2168256054045031,0.2655445599040638,3.6120014199173176,2.76584630602593,0.2669153623950975,0.2411850826542834,0.7090579069051097,0.2309999999999999,-2.775557561562892e-17,-1.9952980839554808,C:\Users\anthoni.newland\OneDrive - ZINUS\Desktop\New Results\ew_sweep_ax2p556_ay0p7095\cycle_rows_r.csv
0.7095,0.2176766713224766,0.2646769149423174,3.5939695509150464,2.77819123446386,0.2574572352632505,0.2411767931323969,0.7165263911121711,0.231,2.775557561562892e-17,-1.9952980839554808,C:\Users\anthoni.newland\OneDrive - ZINUS\Desktop\New Results\ew_sweep_ax2p556_ay0p7095\cycle_rows_r.csv
0.7095,0.2177299608325476,0.265032801818142,3.5928451747120054,2.7731178674486183,0.2589721452697255,0.2413813813253447,0.7194663387872691,0.231,0.0,-1.9952980839554808,C:\Users\anthoni.newland\OneDrive - ZINUS\Desktop\New Results\ew_sweep_ax2p556_ay0p7095\cycle_rows_r.csv
0.7095,0.2182207942602994,0.2636166351993443,3.582514711256957,2.793387315044855,0.2488100362995899,0.2409187147298218,0.7184939087953051,0.2309999999999999,-2.775557561562892e-17,-1.9952980839554808,C:\Users\anthoni.newland\OneDrive - ZINUS\Desktop\New Results\ew_sweep_ax2p556_ay0p7095\cycle_rows_r.csv
0.7095,0.218704347700439,0.2624142131299324,3.572382810467523,2.810769196045252,0.239774645921305,0.2405592804151857,0.7186984636364401,0.231,0.0,-1.9952980839554808,C:\Users\anthoni.newland\OneDrive - ZINUS\Desktop\New Results\ew_sweep_ax2p556_ay0p7095\cycle_rows_r.csv
0.7095,0.2154651239348881,0.2670486637326156,3.64112233914103,2.744635850345452,0.2826435621454262,0.2412568938337518,0.6988404416209477,0.231,0.0,-1.9952980839554808,C:\Users\anthoni.newland\OneDrive - ZINUS\Desktop\New Results\ew_sweep_ax2p556_ay0p7095\cycle_rows_r.csv
0.7095,0.2174386354813202,0.2646338269868736,3.5989986912234286,2.7788064034973208,0.2586341812018202,0.2410362312340969,0.7126536817403526,0.2309999999999999,-2.775557561562892e-17,-1.9952980839554808,C:\Users\anthoni.newland\OneDrive - ZINUS\Desktop\New Results\ew_sweep_ax2p556_ay0p7095\cycle_rows_r.csv
0.7095,0.2163053395528847,0.2652654348765333,3.623094381613769,2.769808910329557,0.2685501298746138,0.240785387214709,0.6998645458106882,0.231,0.0,-1.9952980839554808,C:\Users\anthoni.newland\OneDrive - ZINUS\Desktop\New Results\ew_sweep_ax2p556_ay0p7095\cycle_rows_r.csv
0.7095,0.2187653110448074,0.2630062652818823,3.571108624233302,2.802190791646084,0.2424745497515015,0.2408857881633449,0.7234533213359216,0.2309999999999999,-2.775557561562892e-17,-1.9952980839554808,C:\Users\anthoni.newland\OneDrive - ZINUS\Desktop\New Results\ew_sweep_ax2p556_ay0p7095\cycle_rows_r.csv
0.7095,0.2180015224123495,0.2643390249147117,3.587123928926063,2.7830206883854824,0.2538138310576914,0.2411702736635306,0.7194825597907912,0.231,0.0,-1.9952980839554808,C:\Users\anthoni.newland\OneDrive - ZINUS\Desktop\New Results\ew_sweep_ax2p556_ay0p7095\cycle_rows_r.csv
0.7095,0.2143158604955697,0.2685669601212838,3.666010241554994,2.7234662057775227,0.2971985336881375,0.2414414103084268,0.6924644916041066,0.231,0.0,-1.9952980839554808,C:\Users\anthoni.newland\OneDrive - ZINUS\Desktop\New Results\ew_sweep_ax2p556_ay0p7095\cycle_rows_r.csv
0.7095,0.2189935559875684,0.2628657914533125,3.566344409041729,2.8042226585333743,0.2404147226273076,0.2409296737204404,0.7263316107562751,0.231,0.0,-1.9952980839554808,C:\Users\anthoni.newland\OneDrive - ZINUS\Desktop\New Results\ew_sweep_ax2p556_ay0p7095\cycle_rows_r.csv
0.7095,0.2173740955777269,0.2650381177063132,3.600364166402834,2.773042189758125,0.2610900166803911,0.2412061066420201,0.714126005029253,0.231,0.0,-1.9952980839554808,C:\Users\anthoni.newland\OneDrive - ZINUS\Desktop\New Results\ew_sweep_ax2p556_ay0p7095\cycle_rows_r.csv
0.7095,0.2182171878116502,0.2642109657928633,3.5825904459145077,2.784854262195848,0.2518905845357773,0.2412140768022567,0.722075186048619,0.231,2.775557561562892e-17,-1.9952980839554808,C:\Users\anthoni.newland\OneDrive - ZINUS\Desktop\New Results\ew_sweep_ax2p556_ay0p7095\cycle_rows_r.csv
0.7095,0.2129955426723391,0.2695862411621251,3.694933928914869,2.709388118953054,0.3102398499926119,0.2412908919172321,0.6818477628278354,0.231,0.0,-1.9952980839554808,C:\Users\anthoni.newland\OneDrive - ZINUS\Desktop\New Results\ew_sweep_ax2p556_ay0p7095\cycle_rows_r.csv
0.7095,0.2133496434454957,0.2693205435851437,3.687141650909154,2.713047607465033,0.3067789561018683,0.2413350935153197,0.6846511935583228,0.2309999999999999,-2.775557561562892e-17,-1.9952980839554808,C:\Users\anthoni.newland\OneDrive - ZINUS\Desktop\New Results\ew_sweep_ax2p556_ay0p7095\cycle_rows_r.csv
0.7095,0.2189076778689372,0.2631419333905513,3.568135799232737,2.800230495820728,0.2423415405875313,0.2410248056297442,0.7266299163743324,0.2309999999999999,-2.775557561562892e-17,-1.9952980839554808,C:\Users\anthoni.newland\OneDrive - ZINUS\Desktop\New Results\ew_sweep_ax2p556_ay0p7095\cycle_rows_r.csv
0.7095,0.218471689062347,0.2636598619224875,3.5772521112088898,2.792765393672195,0.2475626535151607,0.2410657754924172,0.722752433995756,0.231,0.0,-1.9952980839554808,C:\Users\anthoni.newland\OneDrive - ZINUS\Desktop\New Results\ew_sweep_ax2p556_ay0p7095\cycle_rows_r.csv
0.7105,0.219022627037151,0.2634507162433295,3.5657383144727697,2.795776357185438,0.2432612987857483,0.2412366716402403,0.730409901104113,0.231,2.775557561562892e-17,-1.9714960274971514,C:\Users\anthoni.newland\OneDrive - ZINUS\Desktop\New Results\ew_sweep_ax2p556_ay0p7105\cycle_rows_r.csv
0.7105,0.21910645491332,0.2631419344288881,3.563991509951665,2.8002304808253244,0.2411793990633095,0.241124194671104,0.7299099449462064,0.2309999999999999,-2.775557561562892e-17,-1.9714960274971514,C:\Users\anthoni.newland\OneDrive - ZINUS\Desktop\New Results\ew_sweep_ax2p556_ay0p7105\cycle_rows_r.csv
0.7105,0.2188960523289038,0.2624933951642942,3.5683784123134523,2.8096196644266094,0.2390621429097728,0.240694723746599,0.7223696013585782,0.231,0.0,-1.9714960274971514,C:\Users\anthoni.newland\OneDrive - ZINUS\Desktop\New Results\ew_sweep_ax2p556_ay0p7105\cycle_rows_r.csv
0.7105,0.2171672091276774,0.2651654371134124,3.604746747986607,2.771230560385197,0.2629600508796927,0.2411663231205449,0.7118062175871647,0.231,0.0,-1.9714960274971514,C:\Users\anthoni.newland\OneDrive - ZINUS\Desktop\New Results\ew_sweep_ax2p556_ay0p7105\cycle_rows_r.csv
0.7105,0.2136668080107748,0.2689825233746986,3.680184111467474,2.7177136546041614,0.3031718225472798,0.2413246656927367,0.6866497725792833,0.2309999999999999,-2.775557561562892e-17,-1.9714960274971514,C:\Users\anthoni.newland\OneDrive - ZINUS\Desktop\New Results\ew_sweep_ax2p556_ay0p7105\cycle_rows_r.csv
0.7105,0.2154552705724655,0.2679633729839331,3.641334590437244,2.7318533083995744,0.2873700137588855,0.2417093217781993,0.7039556046851245,0.231,0.0,-1.9714960274971514,C:\Users\anthoni.newland\OneDrive - ZINUS\Desktop\New Results\ew_sweep_ax2p556_ay0p7105\cycle_rows_r.csv
0.7105,0.2166566959835809,0.2658420651561065,3.615597018408256,2.761631927636376,0.2694352091731755,0.2412493805698437,0.708382711002785,0.2309999999999999,-2.775557561562892e-17,-1.9714960274971514,C:\Users\anthoni.newland\OneDrive - ZINUS\Desktop\New Results\ew_sweep_ax2p556_ay0p7105\cycle_rows_r.csv
0.7105,0.2155084029750652,0.2672324417676664,3.640190295112074,2.742060632254397,0.2833262658439062,0.2413704223713658,0.7004952167975182,0.2309999999999999,-2.775557561562892e-17,-1.9714960274971514,C:\Users\anthoni.newland\OneDrive - ZINUS\Desktop\New Results\ew_sweep_ax2p556_ay0p7105\cycle_rows_r.csv
0.7105,0.2179587713597555,0.2635661673150759,3.588023660444631,2.794113676223725,0.2500865926592406,0.2407624693374157,0.7140545219240232,0.2309999999999999,-2.775557561562892e-17,-1.9714960274971514,C:\Users\anthoni.newland\OneDrive - ZINUS\Desktop\New Results\ew_sweep_ax2p556_ay0p7105\cycle_rows_r.csv
0.7105,0.2151627146497972,0.2666878903828416,3.647645395381902,2.7497015652433943,0.2825894782141616,0.2409253025163194,0.6926301536115683,0.231,0.0,-1.9714960274971514,C:\Users\anthoni.newland\OneDrive - ZINUS\Desktop\New Results\ew_sweep_ax2p556_ay0p7105\cycle_rows_r.csv
0.7105,0.217183161280646,0.2649053571501184,3.6044085282826823,2.77493309594835,0.2615310501118923,0.2410442592153822,0.7104735340103556,0.231,0.0,-1.9714960274971514,C:\Users\anthoni.newland\OneDrive - ZINUS\Desktop\New Results\ew_sweep_ax2p556_ay0p7105\cycle_rows_r.csv
0.7105,0.2167569067484077,0.2657239952267177,3.613463141733756,2.7633033446858737,0.2682398034572486,0.2412404509875627,0.7091292601988926,0.231,2.775557561562892e-17,-1.9714960274971514,C:\Users\anthoni.newland\OneDrive - ZINUS\Desktop\New Results\ew_sweep_ax2p556_ay0p7105\cycle_rows_r.csv
0.7105,0.2173420357573023,0.2639711651257316,3.601042759701865,2.788292556589246,0.255794037385469,0.240656600441517,0.7070937324438895,0.231,2.775557561562892e-17,-1.9714960274971514,C:\Users\anthoni.newland\OneDrive - ZINUS\Desktop\New Results\ew_sweep_ax2p556_ay0p7105\cycle_rows_r.csv
0.7105,0.2181159894855711,0.2642147665372424,3.5847166104535035,2.7847998168529497,0.252503430490657,0.2411653780114067,0.7205129650188461,0.2309999999999999,-2.775557561562892e-17,-1.9714960274971514,C:\Users\anthoni.newland\OneDrive - ZINUS\Desktop\New Results\ew_sweep_ax2p556_ay0p7105\cycle_rows_r.csv
0.7105,0.2168797376403684,0.2650016159049735,3.610850284493645,2.7735618954059063,0.2638109035033835,0.240940676772671,0.7065729171669227,0.2309999999999999,-2.775557561562892e-17,-1.9714960274971514,C:\Users\anthoni.newland\OneDrive - ZINUS\Desktop\New Results\ew_sweep_ax2p556_ay0p7105\cycle_rows_r.csv
0.7105,0.2159398392846427,0.2668814010846316,3.630919441788796,2.7469827269187883,0.2789827868399939,0.2414106201846371,0.7043639774043877,0.231,0.0,-1.9714960274971514,C:\Users\anthoni.newland\OneDrive - ZINUS\Desktop\New Results\ew_sweep_ax2p556_ay0p7105\cycle_rows_r.csv
0.7105,0.2171959379012734,0.2654436441726545,3.604137672475951,2.7672779964908947,0.2642183746137037,0.2413197910369639,0.7138918476024071,0.231,2.775557561562892e-17,-1.9714960274971514,C:\Users\anthoni.newland\OneDrive - ZINUS\Desktop\New Results\ew_sweep_ax2p556_ay0p7105\cycle_rows_r.csv
0.7105,0.2145122493602593,0.2680710000844054,3.661738446090158,2.7303550167125046,0.2935063764201382,0.2412916247223324,0.6921558024259998,0.231,0.0,-1.9714960274971514,C:\Users\anthoni.newland\OneDrive - ZINUS\Desktop\New Results\ew_sweep_ax2p556_ay0p7105\cycle_rows_r.csv
0.7105,0.216342495301495,0.2661618334770326,3.6223003881248528,2.7571126819213574,0.272925287932497,0.2412521643892638,0.705786844320182,0.231,0.0,-1.9714960274971514,C:\Users\anthoni.newland\OneDrive - ZINUS\Desktop\New Results\ew_sweep_ax2p556_ay0p7105\cycle_rows_r.csv
0.7105,0.214611131438354,0.2682312276023698,3.6595905501166657,2.7281266947874374,0.2937360883287987,0.2414211795203619,0.694352122914608,0.231,0.0,-1.9714960274971514,C:\Users\anthoni.newland\OneDrive - ZINUS\Desktop\New Results\ew_sweep_ax2p556_ay0p7105\cycle_rows_r.csv
0.7105,0.2178463915002534,0.2645094837323364,3.5903904724482727,2.780582782475673,0.2556004235677347,0.2411779376162949,0.7181153697589109,0.231,0.0,-1.9714960274971514,C:\Users\anthoni.newland\OneDrive - ZINUS\Desktop\New Results\ew_sweep_ax2p556_ay0p7105\cycle_rows_r.csv
0.7105,0.2174890528847501,0.2639689829229985,3.5979325705644207,2.7883238739897958,0.2549187412497526,0.2407290179038743,0.7093165350263709,0.2309999999999999,-2.775557561562892e-17,-1.9714960274971514,C:\Users\anthoni.newland\OneDrive - ZINUS\Desktop\New Results\ew_sweep_ax2p556_ay0p7105\cycle_rows_r.csv
0.7105,0.2192378872932209,0.2636661550304678,3.561255412311761,2.792674869038256,0.2431132556442103,0.2414520211618443,0.7352561036963814,0.2309999999999999,-2.775557561562892e-17,-1.9714960274971514,C:\Users\anthoni.newland\OneDrive - ZINUS\Desktop\New Results\ew_sweep_ax2p556_ay0p7105\cycle_rows_r.csv
0.7105,0.2164584130221405,0.2658769552507035,3.6198250557150415,2.761138301952757,0.2707826745716841,0.241167684136422,0.7057463388821962,0.231,2.775557561562892e-17,-1.9714960274971514,C:\Users\anthoni.newland\OneDrive - ZINUS\Desktop\New Results\ew_sweep_ax2p556_ay0p7105\cycle_rows_r.csv
0.7105,0.2182456575650685,0.2639597718642663,3.581992655234648,2.7884560701704992,0.2504311903765748,0.2411027147146674,0.7209977130595897,0.231,0.0,-1.9714960274971514,C:\Users\anthoni.newland\OneDrive - ZINUS\Desktop\New Results\ew_sweep_ax2p556_ay0p7105\cycle_rows_r.csv
0.7105,0.2178602872911874,0.2653935995665742,3.590097683399367,2.7679883826631206,0.2600585712587067,0.2416269434288808,0.7235683338731602,0.231,0.0,-1.9714960274971514,C:\Users\anthoni.newland\OneDrive - ZINUS\Desktop\New Results\ew_sweep_ax2p556_ay0p7105\cycle_rows_r.csv
0.7105,0.2167408288255043,0.2655789736110419,3.61380537030745,2.765358327894462,0.2675911155971018,0.2411599012182731,0.70803208768245,0.2309999999999999,-2.775557561562892e-17,-1.9714960274971514,C:\Users\anthoni.newland\OneDrive - ZINUS\Desktop\New Results\ew_sweep_ax2p556_ay0p7105\cycle_rows_r.csv
0.7105,0.2191568679073922,0.2624339052353567,3.562941647909314,2.8104832494992484,0.2372300657834931,0.2407953865713744,0.7263414313032216,0.231,2.775557561562892e-17,-1.9714960274971514,C:\Users\anthoni.newland\OneDrive - ZINUS\Desktop\New Results\ew_sweep_ax2p556_ay0p7105\cycle_rows_r.csv
0.7105,0.2116452988495231,0.2714835340857386,3.724886427602561,2.6834646468252656,0.3279276238624362,0.2415644164676308,0.6765495995315892,0.231,2.775557561562892e-17,-1.9714960274971514,C:\Users\anthoni.newland\OneDrive - ZINUS\Desktop\New Results\ew_sweep_ax2p556_ay0p7105\cycle_rows_r.csv
0.7105,0.2182380047918969,0.2640558442556383,3.5821533282141225,2.7870777025176454,0.2509704794642031,0.2411469245237676,0.721462309059717,0.2309999999999999,-2.775557561562892e-17,-1.9714960274971514,C:\Users\anthoni.newland\OneDrive - ZINUS\Desktop\New Results\ew_sweep_ax2p556_ay0p7105\cycle_rows_r.csv
0.7105,0.2188563348305467,0.2628191460927188,3.569207470161955,2.8048978351341827,0.2409764580937268,0.2408377404616327,0.7237741440820378,0.231,2.775557561562892e-17,-1.9714960274971514,C:\Users\anthoni.newland\OneDrive - ZINUS\Desktop\New Results\ew_sweep_ax2p556_ay0p7105\cycle_rows_r.csv
0.7105,0.2184987116728938,0.2637066260394275,3.5766860241128664,2.792092807901182,0.2476452551070183,0.2411026688561607,0.7234712438678534,0.2309999999999999,-2.775557561562892e-17,-1.9714960274971514,C:\Users\anthoni.newland\OneDrive - ZINUS\Desktop\New Results\ew_sweep_ax2p556_ay0p7105\cycle_rows_r.csv
0.7105,0.2182488853933398,0.2638201638766615,3.581924889090482,2.790460840087681,0.2496935765802583,0.2410345246350007,0.7201940557509957,0.231,0.0,-1.9714960274971514,C:\Users\anthoni.newland\OneDrive - ZINUS\Desktop\New Results\ew_sweep_ax2p556_ay0p7105\cycle_rows_r.csv
0.7105,0.2169661313795511,0.2648275534202232,3.609014290118136,2.7760421341552,0.2624084646919551,0.2408968423998871,0.7067812024364198,0.2309999999999999,-2.775557561562892e-17,-1.9714960274971514,C:\Users\anthoni.newland\OneDrive - ZINUS\Desktop\New Results\ew_sweep_ax2p556_ay0p7105\cycle_rows_r.csv
0.7105,0.2184472793935372,0.2634076812500386,3.5777635811086457,2.7963965031481157,0.2464062820216856,0.2409274803217879,0.7208049730843854,0.231,2.775557561562892e-17,-1.9714960274971514,C:\Users\anthoni.newland\OneDrive - ZINUS\Desktop\New Results\ew_sweep_ax2p556_ay0p7105\cycle_rows_r.csv
0.7105,0.2169892825668807,0.2652712297056775,3.6085225416226665,2.7697265591504787,0.2645498201046534,0.2411302561362791,0.7098145732846592,0.231,2.775557561562892e-17,-1.9714960274971514,C:\Users\anthoni.newland\OneDrive - ZINUS\Desktop\New Results\ew_sweep_ax2p556_ay0p7105\cycle_rows_r.csv
0.7105,0.214298087568318,0.268977349859357,3.6663972196261487,2.7177851611776243,0.2993922262496759,0.2416377187138375,0.6945475902219856,0.231,2.775557561562892e-17,-1.9714960274971514,C:\Users\anthoni.newland\OneDrive - ZINUS\Desktop\New Results\ew_sweep_ax2p556_ay0p7105\cycle_rows_r.csv
0.7105,0.2189834789620006,0.2633575813595363,3.5665545398222744,2.797118711516408,0.2430101591092168,0.2411705301607685,0.7291996820499818,0.231,0.0,-1.9714960274971514,C:\Users\anthoni.newland\OneDrive - ZINUS\Desktop\New Results\ew_sweep_ax2p556_ay0p7105\cycle_rows_r.csv
0.7105,0.2141162873063254,0.2689986982433497,3.6703593294112657,2.7174901088010097,0.3005808670039738,0.2415574927748375,0.6923656886529993,0.231,0.0,-1.9714960274971514,C:\Users\anthoni.newland\OneDrive - ZINUS\Desktop\New Results\ew_sweep_ax2p556_ay0p7105\cycle_rows_r.csv
0.7105,0.2159817920631115,0.2661279219161296,3.630019921808005,2.7575914349759616,0.2748805061178065,0.2410548569896205,0.7005111265633468,0.231,0.0,-1.9714960274971514,C:\Users\anthoni.newland\OneDrive - ZINUS\Desktop\New Results\ew_sweep_ax2p556_ay0p7105\cycle_rows_r.csv
0.7105,0.2182373151339814,0.2636728502791566,3.5821678084065254,2.792578564464551,0.2490027645638928,0.240955082706569,0.7191034544825022,0.231,2.775557561562892e-17,-1.9714960274971514,C:\Users\anthoni.newland\OneDrive - ZINUS\Desktop\New Results\ew_sweep_ax2p556_ay0p7105\cycle_rows_r.csv
0.7105,0.2189075545686526,0.2633164903554,3.5681383722478404,2.797711258608579,0.2432423201438014,0.2411120224620263,0.7277024270652294,0.231,0.0,-1.9714960274971514,C:\Users\anthoni.newland\OneDrive - ZINUS\Desktop\New Results\ew_sweep_ax2p556_ay0p7105\cycle_rows_r.csv
0.7105,0.2185103675716914,0.264231545974546,3.576441892039325,2.784559471548987,0.2502787393856813,0.2413709567731187,0.7268304784653411,0.2309999999999999,-2.775557561562892e-17,-1.9714960274971514,C:\Users\anthoni.newland\OneDrive - ZINUS\Desktop\New Results\ew_sweep_ax2p556_ay0p7105\cycle_rows_r.csv
0.7105,0.2161021818496175,0.2668791734964187,3.627440553542795,2.747014002250044,0.2780128135330126,0.2414906776730181,0.7066029777027759,0.231,0.0,-1.9714960274971514,C:\Users\anthoni.newland\OneDrive - ZINUS\Desktop\New Results\ew_sweep_ax2p556_ay0p7105\cycle_rows_r.csv
0.7105,0.2184094958599754,0.2636667689496377,3.578555506767482,2.792666038210555,0.2479625204402595,0.2410381324048065,0.7218015297766462,0.231,2.775557561562892e-17,-1.9714960274971514,C:\Users\anthoni.newland\OneDrive - ZINUS\Desktop\New Results\ew_sweep_ax2p556_ay0p7105\cycle_rows_r.csv
0.7105,0.2171573336662452,0.2649927750195723,3.6049561537577457,2.7736877917752287,0.2621318405113344,0.2410750543429088,0.7106190317863145,0.231,0.0,-1.9714960274971514,C:\Users\anthoni.newland\OneDrive - ZINUS\Desktop\New Results\ew_sweep_ax2p556_ay0p7105\cycle_rows_r.csv
0.7105,0.2170661459702066,0.2652689456854581,3.606890657823975,2.7697590172720297,0.2640857685388771,0.2411675458278324,0.7109326820826823,0.2309999999999999,-2.775557561562892e-17,-1.9714960274971514,C:\Users\anthoni.newland\OneDrive - ZINUS\Desktop\New Results\ew_sweep_ax2p556_ay0p7105\cycle_rows_r.csv
0.7105,0.2179153956169277,0.2644035755251565,3.588936899887029,2.782097114283751,0.2546510295065674,0.2411594855710421,0.7185391123313003,0.231,2.775557561562892e-17,-1.9714960274971514,C:\Users\anthoni.newland\OneDrive - ZINUS\Desktop\New Results\ew_sweep_ax2p556_ay0p7105\cycle_rows_r.csv
0.7105,0.2179688161965312,0.2647593249517622,3.587812226765282,2.7770152200765548,0.256165920077821,0.2413640705741467,0.7214994204992057,0.231,0.0,-1.9714960274971514,C:\Users\anthoni.newland\OneDrive - ZINUS\Desktop\New Results\ew_sweep_ax2p556_ay0p7105\cycle_rows_r.csv
0.7105,0.2184592805600131,0.2633455060398534,3.577512099447242,2.7972928227932816,0.2460155140596405,0.2409023932999333,0.720610960134769,0.2309999999999999,-2.775557561562892e-17,-1.9714960274971514,C:\Users\anthoni.newland\OneDrive - ZINUS\Desktop\New Results\ew_sweep_ax2p556_ay0p7105\cycle_rows_r.csv
0.7105,0.2189414556086785,0.2621448303708549,3.5674310386760832,2.8146851821769867,0.2369953202266281,0.2405431429897667,0.7208888320021134,0.2309999999999999,-2.775557561562892e-17,-1.9714960274971514,C:\Users\anthoni.newland\OneDrive - ZINUS\Desktop\New Results\ew_sweep_ax2p556_ay0p7105\cycle_rows_r.csv
0.7105,0.2157093045330572,0.2667672386859221,3.635868638882708,2.748586239172149,0.2797613631026312,0.2412382716094897,0.700522637262151,0.231,0.0,-1.9714960274971514,C:\Users\anthoni.newland\OneDrive - ZINUS\Desktop\New Results\ew_sweep_ax2p556_ay0p7105\cycle_rows_r.csv
0.7105,0.2176785489620279,0.2643606991890371,3.593929924507355,2.78271052795532,0.2558208275152898,0.2410196240755325,0.7146350163136964,0.231,0.0,-1.9714960274971514,C:\Users\anthoni.newland\OneDrive - ZINUS\Desktop\New Results\ew_sweep_ax2p556_ay0p7105\cycle_rows_r.csv
0.7105,0.2165462389253062,0.2649881779029053,3.617951366705253,2.773753259160156,0.2657065745790248,0.2407672084141057,0.7016271152693199,0.231,0.0,-1.9714960274971514,C:\Users\anthoni.newland\OneDrive - ZINUS\Desktop\New Results\ew_sweep_ax2p556_ay0p7105\cycle_rows_r.csv
0.7105,0.2190029449241026,0.2627377879219555,3.5661486440127947,2.8060760422366164,0.2396991210714163,0.2408703664230291,0.7256865635373073,0.231,0.0,-1.9714960274971514,C:\Users\anthoni.newland\OneDrive - ZINUS\Desktop\New Results\ew_sweep_ax2p556_ay0p7105\cycle_rows_r.csv
0.7105,0.2182400750052975,0.2640680040636928,3.582109862158571,2.786903315097581,0.2510209172789597,0.2411540395344951,0.7215688062525489,0.231,2.775557561562892e-17,-1.9714960274971514,C:\Users\anthoni.newland\OneDrive - ZINUS\Desktop\New Results\ew_sweep_ax2p556_ay0p7105\cycle_rows_r.csv
0.7105,0.2145629760318129,0.2682787248919114,3.660636324562031,2.7274666502269094,0.2942637800523364,0.2414208504618622,0.6939999103243087,0.231,0.0,-1.9714960274971514,C:\Users\anthoni.newland\OneDrive - ZINUS\Desktop\New Results\ew_sweep_ax2p556_ay0p7105\cycle_rows_r.csv
0.7105,0.2192312591707179,0.2625968435950486,3.561393314907198,2.808118887910561,0.2376370246196606,0.2409140513828832,0.7286156525846531,0.2309999999999999,-2.775557561562892e-17,-1.9714960274971514,C:\Users\anthoni.newland\OneDrive - ZINUS\Desktop\New Results\ew_sweep_ax2p556_ay0p7105\cycle_rows_r.csv
0.7105,0.2176136844029143,0.2647643376473499,3.595299246661749,2.776943711097299,0.2582762889534125,0.2411890110251321,0.7160948008993823,0.231,0.0,-1.9714960274971514,C:\Users\anthoni.newland\OneDrive - ZINUS\Desktop\New Results\ew_sweep_ax2p556_ay0p7105\cycle_rows_r.csv
0.7105,0.2184553976330502,0.2639396430691388,3.577593462257898,2.7887449887095985,0.2490986873304306,0.2411975203510945,0.7241989562171229,0.2309999999999999,-2.775557561562892e-17,-1.9714960274971514,C:\Users\anthoni.newland\OneDrive - ZINUS\Desktop\New Results\ew_sweep_ax2p556_ay0p7105\cycle_rows_r.csv
0.7105,0.2132489731505224,0.2692891287488126,3.689354350579437,2.713480765622661,0.3072192439054716,0.2412690509496675,0.6832445117261746,0.231,0.0,-1.9714960274971514,C:\Users\anthoni.newland\OneDrive - ZINUS\Desktop\New Results\ew_sweep_ax2p556_ay0p7105\cycle_rows_r.csv
0.7105,0.2136037481212733,0.2690219978686023,3.681565790841136,2.717168142095306,0.3037479345967373,0.2413128729949378,0.686091640244104,0.231,0.0,-1.9714960274971514,C:\Users\anthoni.newland\OneDrive - ZINUS\Desktop\New Results\ew_sweep_ax2p556_ay0p7105\cycle_rows_r.csv
0.7105,0.2191454976389988,0.262872726845461,3.563178394143023,2.804122291423124,0.2395623724670728,0.2410091122422298,0.7288988445842502,0.231,0.0,-1.9714960274971514,C:\Users\anthoni.newland\OneDrive - ZINUS\Desktop\New Results\ew_sweep_ax2p556_ay0p7105\cycle_rows_r.csv
0.7105,0.2187091271199385,0.2633904757691304,3.5722828908352207,2.796644495515205,0.2447845525672782,0.2410498014445344,0.7249216227432789,0.2309999999999999,-2.775557561562892e-17,-1.9714960274971514,C:\Users\anthoni.newland\OneDrive - ZINUS\Desktop\New Results\ew_sweep_ax2p556_ay0p7105\cycle_rows_r.csv
0.7115,0.2192601561668327,0.2631814638096505,3.5607921543169474,2.7996596930673774,0.240485163764089,0.2412208099882416,0.7327073244576543,0.231,0.0,-1.9477408609557365,C:\Users\anthoni.newland\OneDrive - ZINUS\Desktop\New Results\ew_sweep_ax2p556_ay0p7115\cycle_rows_r.csv
0.7115,0.2193435580592818,0.2628732158919349,3.559057985781969,2.8041152142753565,0.2384078415281896,0.2411083869756083,0.7322183880808213,0.2309999999999999,-2.775557561562892e-17,-1.9477408609557365,C:\Users\anthoni.newland\OneDrive - ZINUS\Desktop\New Results\ew_sweep_ax2p556_ay0p7115\cycle_rows_r.csv
0.7115,0.2191334141360915,0.2622238874289026,3.5634300179294214,2.813535104696106,0.2362818321428115,0.2406786507824971,0.7246123108634275,0.231,2.775557561562892e-17,-1.9477408609557365,C:\Users\anthoni.newland\OneDrive - ZINUS\Desktop\New Results\ew_sweep_ax2p556_ay0p7115\cycle_rows_r.csv
0.7115,0.2174075420680728,0.2648905884012176,3.599656435501618,2.775143564124467,0.2601359256451849,0.2411490652346452,0.7137408194798327,0.231,0.0,-1.9477408609557365,C:\Users\anthoni.newland\OneDrive - ZINUS\Desktop\New Results\ew_sweep_ax2p556_ay0p7115\cycle_rows_r.csv
0.7115,0.2139171193304298,0.2686895588356038,3.674707677113663,2.7217672481715005,0.3001921929371196,0.2413033390830168,0.6881117433530337,0.231,0.0,-1.9477408609557365,C:\Users\anthoni.newland\OneDrive - ZINUS\Desktop\New Results\ew_sweep_ax2p556_ay0p7115\cycle_rows_r.csv
0.7115,0.2157010951226244,0.267678517752694,3.636045076319653,2.735824631709489,0.2844636723573943,0.2416898064376592,0.7056624953057022,0.231,0.0,-1.9477408609557365,C:\Users\anthoni.newland\OneDrive - ZINUS\Desktop\New Results\ew_sweep_ax2p556_ay0p7115\cycle_rows_r.csv
0.7115,0.2168980745895402,0.2655644627114301,3.610460475006099,2.765564073558397,0.2665907005419352,0.2412312686504851,0.710232750884654,0.231,0.0,-1.9477408609557365,C:\Users\anthoni.newland\OneDrive - ZINUS\Desktop\New Results\ew_sweep_ax2p556_ay0p7115\cycle_rows_r.csv
0.7115,0.2157521490469294,0.2669511950323807,3.634948038373812,2.746003084491537,0.2804483854632789,0.241351672039655,0.7021848618545855,0.231,0.0,-1.9477408609557365,C:\Users\anthoni.newland\OneDrive - ZINUS\Desktop\New Results\ew_sweep_ax2p556_ay0p7115\cycle_rows_r.csv
0.7115,0.2181972025682834,0.2632952100870413,3.583010177167857,2.798018200442824,0.2472918976963001,0.2407462063276624,0.7161116835063855,0.2309999999999999,-2.775557561562892e-17,-1.9477408609557365,C:\Users\anthoni.newland\OneDrive - ZINUS\Desktop\New Results\ew_sweep_ax2p556_ay0p7115\cycle_rows_r.csv
0.7115,0.2154087561443082,0.2664034894729119,3.642336820004069,2.7537045853961337,0.2796783320969978,0.2409061228086101,0.6942577627531901,0.231,0.0,-1.9477408609557365,C:\Users\anthoni.newland\OneDrive - ZINUS\Desktop\New Results\ew_sweep_ax2p556_ay0p7115\cycle_rows_r.csv
0.7115,0.2174232290717098,0.264629903833336,3.5993245720317373,2.778862424519492,0.2587045648350443,0.2410265664525229,0.7123972193159727,0.231,0.0,-1.9477408609557365,C:\Users\anthoni.newland\OneDrive - ZINUS\Desktop\New Results\ew_sweep_ax2p556_ay0p7115\cycle_rows_r.csv
0.7115,0.2169987362187413,0.2654460550113936,3.608321769173669,2.767243781253699,0.2653909803520988,0.2412223956150674,0.7110002342713304,0.231,0.0,-1.9477408609557365,C:\Users\anthoni.newland\OneDrive - ZINUS\Desktop\New Results\ew_sweep_ax2p556_ay0p7115\cycle_rows_r.csv
0.7115,0.2175819193259446,0.2636967809224206,3.595970120577749,2.7922343856529634,0.2529716771103283,0.2406393501241826,0.7090291457129564,0.231,2.775557561562892e-17,-1.9477408609557365,C:\Users\anthoni.newland\OneDrive - ZINUS\Desktop\New Results\ew_sweep_ax2p556_ay0p7115\cycle_rows_r.csv
0.7115,0.2183551552738239,0.2639417422469966,3.579694941234476,2.7887148561147264,0.2496967201717053,0.2411484487604103,0.7226191832782428,0.2309999999999999,-2.775557561562892e-17,-1.9477408609557365,C:\Users\anthoni.newland\OneDrive - ZINUS\Desktop\New Results\ew_sweep_ax2p556_ay0p7115\cycle_rows_r.csv
0.7115,0.2171209237726808,0.2647256736275354,3.605728377643465,2.7774953456421585,0.2609742300374609,0.2409232987001081,0.7084518610089114,0.231,0.0,-1.9477408609557365,C:\Users\anthoni.newland\OneDrive - ZINUS\Desktop\New Results\ew_sweep_ax2p556_ay0p7115\cycle_rows_r.csv
0.7115,0.2161832951483682,0.2665989494788246,3.625704309455051,2.750952514835126,0.276101340960273,0.2413911223135964,0.7061090439387411,0.231,0.0,-1.9477408609557365,C:\Users\anthoni.newland\OneDrive - ZINUS\Desktop\New Results\ew_sweep_ax2p556_ay0p7115\cycle_rows_r.csv
0.7115,0.2174362473407705,0.2651687352813097,3.59904920283498,2.7711836538313217,0.2613951594751735,0.2413024913110401,0.7158381378291869,0.2309999999999999,-2.775557561562892e-17,-1.9477408609557365,C:\Users\anthoni.newland\OneDrive - ZINUS\Desktop\New Results\ew_sweep_ax2p556_ay0p7115\cycle_rows_r.csv
0.7115,0.2147597463927592,0.267784018126617,3.656366087205044,2.7343528078929915,0.2905750072803323,0.2412718822596881,0.6937203835866954,0.231,2.775557561562892e-17,-1.9477408609557365,C:\Users\anthoni.newland\OneDrive - ZINUS\Desktop\New Results\ew_sweep_ax2p556_ay0p7115\cycle_rows_r.csv
0.7115,0.2165847207380671,0.2658838396321407,3.617130869584188,2.7610409169039154,0.2700733816851957,0.2412342801851039,0.7075956003816971,0.231,0.0,-1.9477408609557365,C:\Users\anthoni.newland\OneDrive - ZINUS\Desktop\New Results\ew_sweep_ax2p556_ay0p7115\cycle_rows_r.csv
0.7115,0.2148586480741991,0.2679434946920038,3.654222713226143,2.732130168524829,0.2908018201791005,0.2414010713831014,0.6959329647872229,0.231,2.775557561562892e-17,-1.9477408609557365,C:\Users\anthoni.newland\OneDrive - ZINUS\Desktop\New Results\ew_sweep_ax2p556_ay0p7115\cycle_rows_r.csv
0.7115,0.2180856826812016,0.2642370256077303,3.5853537366861605,2.7844809889910627,0.2527956439215253,0.241161354144466,0.7201746146508127,0.2309999999999999,-2.775557561562892e-17,-1.9477408609557365,C:\Users\anthoni.newland\OneDrive - ZINUS\Desktop\New Results\ew_sweep_ax2p556_ay0p7115\cycle_rows_r.csv
0.7115,0.2177289393934509,0.2636949253135282,3.5928667212810512,2.792261071429491,0.2520987259621883,0.2407119323534896,0.7112851961965112,0.2309999999999999,-2.775557561562892e-17,-1.9477408609557365,C:\Users\anthoni.newland\OneDrive - ZINUS\Desktop\New Results\ew_sweep_ax2p556_ay0p7115\cycle_rows_r.csv
0.7115,0.2194757257450258,0.2633972566622535,3.5563125334495607,2.796546754783671,0.2403388486606361,0.2414364912036397,0.7376167448103702,0.231,0.0,-1.9477408609557365,C:\Users\anthoni.newland\OneDrive - ZINUS\Desktop\New Results\ew_sweep_ax2p556_ay0p7115\cycle_rows_r.csv
0.7115,0.2166998854733,0.2655995584504341,3.614677104308909,2.7650665002390014,0.2679378451405556,0.241149721961867,0.7075621644057442,0.231,0.0,-1.9477408609557365,C:\Users\anthoni.newland\OneDrive - ZINUS\Desktop\New Results\ew_sweep_ax2p556_ay0p7115\cycle_rows_r.csv
0.7115,0.2184842943517714,0.2636878515356142,3.576988030040943,2.792362803884949,0.247632993360088,0.2410860729436928,0.7231256470076626,0.2309999999999999,-2.775557561562892e-17,-1.9477408609557365,C:\Users\anthoni.newland\OneDrive - ZINUS\Desktop\New Results\ew_sweep_ax2p556_ay0p7115\cycle_rows_r.csv
0.7115,0.2180991936111505,0.2651205328600072,3.58506968064679,2.771869304924921,0.2572559786635942,0.2416098632355788,0.7256393247207824,0.231,2.775557561562892e-17,-1.9477408609557365,C:\Users\anthoni.newland\OneDrive - ZINUS\Desktop\New Results\ew_sweep_ax2p556_ay0p7115\cycle_rows_r.csv
0.7115,0.2169819583485399,0.2653024806945681,3.6086781021382968,2.7692825087122306,0.264753264071067,0.241142219521554,0.7098946581935635,0.231,0.0,-1.9477408609557365,C:\Users\anthoni.newland\OneDrive - ZINUS\Desktop\New Results\ew_sweep_ax2p556_ay0p7115\cycle_rows_r.csv
0.7115,0.219394548909153,0.2621665590397842,3.5579983867971148,2.8143690166381914,0.2344600497707023,0.2407805539744686,0.7286671574377154,0.231,0.0,-1.9477408609557365,C:\Users\anthoni.newland\OneDrive - ZINUS\Desktop\New Results\ew_sweep_ax2p556_ay0p7115\cycle_rows_r.csv
0.7115,0.2119068417623539,0.2711734157705907,3.7190548057974695,2.6876771167199798,0.3247922563590621,0.2415401287664723,0.6778427206709711,0.231,0.0,-1.9477408609557365,C:\Users\anthoni.newland\OneDrive - ZINUS\Desktop\New Results\ew_sweep_ax2p556_ay0p7115\cycle_rows_r.csv
0.7115,0.2184765657861279,0.2637846588258753,3.577149940094374,2.7909710308820554,0.2481768022087909,0.2411306123060016,0.723593879731692,0.231,2.775557561562892e-17,-1.9477408609557365,C:\Users\anthoni.newland\OneDrive - ZINUS\Desktop\New Results\ew_sweep_ax2p556_ay0p7115\cycle_rows_r.csv
0.7115,0.2190940250337205,0.2625504209884012,3.564250439262737,2.808792216883085,0.2381992014007921,0.2408222230110608,0.7260247955514796,0.2309999999999999,-2.775557561562892e-17,-1.9477408609557365,C:\Users\anthoni.newland\OneDrive - ZINUS\Desktop\New Results\ew_sweep_ax2p556_ay0p7115\cycle_rows_r.csv
0.7115,0.2187373850675399,0.2634365223203775,3.571692212975978,2.7959808730843063,0.2448565091873713,0.2410869536939587,0.7256632748167493,0.231,0.0,-1.9477408609557365,C:\Users\anthoni.newland\OneDrive - ZINUS\Desktop\New Results\ew_sweep_ax2p556_ay0p7115\cycle_rows_r.csv
0.7115,0.2184871505957931,0.263548212479512,3.5769281958829056,2.7943721590513118,0.2468969348991505,0.2410176815376525,0.7223134812824298,0.231,0.0,-1.9477408609557365,C:\Users\anthoni.newland\OneDrive - ZINUS\Desktop\New Results\ew_sweep_ax2p556_ay0p7115\cycle_rows_r.csv
0.7115,0.2172067405544579,0.2645515913427994,3.603908688318449,2.7799810423526226,0.2595748948388001,0.2408791659486286,0.7086640000787867,0.231,0.0,-1.9477408609557365,C:\Users\anthoni.newland\OneDrive - ZINUS\Desktop\New Results\ew_sweep_ax2p556_ay0p7115\cycle_rows_r.csv
0.7115,0.2186850470985153,0.2631366848441659,3.572786357676802,2.800306295536928,0.2436169812506718,0.2409108659713406,0.7229583986995018,0.231,0.0,-1.9477408609557365,C:\Users\anthoni.newland\OneDrive - ZINUS\Desktop\New Results\ew_sweep_ax2p556_ay0p7115\cycle_rows_r.csv
0.7115,0.2172302258287449,0.2649957629624366,3.603410948844464,2.7736452417986426,0.2617184558350871,0.2411129943955908,0.7117215675244133,0.231,2.775557561562892e-17,-1.9477408609557365,C:\Users\anthoni.newland\OneDrive - ZINUS\Desktop\New Results\ew_sweep_ax2p556_ay0p7115\cycle_rows_r.csv
0.7115,0.2145464450965956,0.268689037280409,3.660995429450106,2.7217744725341406,0.2964510384853256,0.2416177411885023,0.6961069974716986,0.231,0.0,-1.9477408609557365,C:\Users\anthoni.newland\OneDrive - ZINUS\Desktop\New Results\ew_sweep_ax2p556_ay0p7115\cycle_rows_r.csv
0.7115,0.2192212132073084,0.2630878643923456,3.5616023439042888,2.801011507352121,0.2402299356322794,0.241154538799827,0.7314865285018769,0.2309999999999999,-2.775557561562892e-17,-1.9477408609557365,C:\Users\anthoni.newland\OneDrive - ZINUS\Desktop\New Results\ew_sweep_ax2p556_ay0p7115\cycle_rows_r.csv
0.7115,0.2143650357926587,0.2687082758395381,3.664939859722433,2.721508006687371,0.2976257849508819,0.2415366558160984,0.6938908281326059,0.231,0.0,-1.9477408609557365,C:\Users\anthoni.newland\OneDrive - ZINUS\Desktop\New Results\ew_sweep_ax2p556_ay0p7115\cycle_rows_r.csv
0.7115,0.2162247370535428,0.265847692339464,3.624817741146676,2.761552305382017,0.2720110576271644,0.2410362146965034,0.7022494355419988,0.231,0.0,-1.9477408609557365,C:\Users\anthoni.newland\OneDrive - ZINUS\Desktop\New Results\ew_sweep_ax2p556_ay0p7115\cycle_rows_r.csv
0.7115,0.2184755827589691,0.2634011811330925,3.5771705349024714,2.796490189217168,0.2462070075024696,0.2409383819460308,0.7212186883581996,0.231,0.0,-1.9477408609557365,C:\Users\anthoni.newland\OneDrive - ZINUS\Desktop\New Results\ew_sweep_ax2p556_ay0p7115\cycle_rows_r.csv
0.7115,0.2191450409109455,0.2630475637973888,3.5631879044270582,2.801593846998123,0.240467136632299,0.2410963023541672,0.7299708921120991,0.231,0.0,-1.9477408609557365,C:\Users\anthoni.newland\OneDrive - ZINUS\Desktop\New Results\ew_sweep_ax2p556_ay0p7115\cycle_rows_r.csv
0.7115,0.2187482559407768,0.2639603734492639,3.5714650189976207,2.788447436002021,0.247490914687547,0.2413543146950204,0.7290163625509616,0.2309999999999999,-2.775557561562892e-17,-1.9477408609557365,C:\Users\anthoni.newland\OneDrive - ZINUS\Desktop\New Results\ew_sweep_ax2p556_ay0p7115\cycle_rows_r.csv
0.7115,0.2163441768743624,0.2665986113293984,3.6222644604884815,2.750957272483465,0.2751504216485623,0.2414713941018804,0.7083675642842919,0.2309999999999999,-2.775557561562892e-17,-1.9477408609557365,C:\Users\anthoni.newland\OneDrive - ZINUS\Desktop\New Results\ew_sweep_ax2p556_ay0p7115\cycle_rows_r.csv
0.7115,0.2186472710942852,0.2633965428640046,3.5735764045679725,2.7965570433333813,0.2451778551392742,0.2410219069791449,0.7239568731021565,0.231,2.775557561562892e-17,-1.9477408609557365,C:\Users\anthoni.newland\OneDrive - ZINUS\Desktop\New Results\ew_sweep_ax2p556_ay0p7115\cycle_rows_r.csv
0.7115,0.2173974081103554,0.2647188648065056,3.5998708480111183,2.777592506415978,0.2593134216487107,0.2410581364584305,0.7125491724190477,0.231,2.775557561562892e-17,-1.9477408609557365,C:\Users\anthoni.newland\OneDrive - ZINUS\Desktop\New Results\ew_sweep_ax2p556_ay0p7115\cycle_rows_r.csv
0.7115,0.217306536812701,0.2649939065670423,3.6017943807273105,2.7736716777938613,0.2612602024452553,0.2411502216898716,0.7128492668427708,0.231,0.0,-1.9477408609557365,C:\Users\anthoni.newland\OneDrive - ZINUS\Desktop\New Results\ew_sweep_ax2p556_ay0p7115\cycle_rows_r.csv
0.7115,0.2181539758687807,0.2641307995003182,3.583918289903177,2.7860030026479183,0.251848743156565,0.2411423876845494,0.7205978335047992,0.231,0.0,-1.9477408609557365,C:\Users\anthoni.newland\OneDrive - ZINUS\Desktop\New Results\ew_sweep_ax2p556_ay0p7115\cycle_rows_r.csv
0.7115,0.218207524923362,0.2644864120729884,3.5827933768609306,2.780912569996364,0.2533636325993851,0.2413469684981752,0.7235785935111606,0.2309999999999999,-2.775557561562892e-17,-1.9477408609557365,C:\Users\anthoni.newland\OneDrive - ZINUS\Desktop\New Results\ew_sweep_ax2p556_ay0p7115\cycle_rows_r.csv
0.7115,0.2186976211279679,0.2630749359720495,3.57252344512181,2.80119830232039,0.2432249027210251,0.2408862785500087,0.7227777544617977,0.231,0.0,-1.9477408609557365,C:\Users\anthoni.newland\OneDrive - ZINUS\Desktop\New Results\ew_sweep_ax2p556_ay0p7115\cycle_rows_r.csv
0.7115,0.219178421760387,0.2618759952459854,3.562492931412894,2.818601239341085,0.2342198139518765,0.2405272085031862,0.7231323170249867,0.2309999999999999,-2.775557561562892e-17,-1.9477408609557365,C:\Users\anthoni.newland\OneDrive - ZINUS\Desktop\New Results\ew_sweep_ax2p556_ay0p7115\cycle_rows_r.csv
0.7115,0.2159533171310635,0.2664864277631605,3.630630421819793,2.75253632387143,0.2768835169095345,0.241219872447112,0.7022411112095813,0.231,0.0,-1.9477408609557365,C:\Users\anthoni.newland\OneDrive - ZINUS\Desktop\New Results\ew_sweep_ax2p556_ay0p7115\cycle_rows_r.csv
0.7115,0.2179183151042227,0.2640881350756224,3.5888754211491345,2.786614645575225,0.2530114298658925,0.2410032250899225,0.7166615571843065,0.2309999999999999,-2.775557561562892e-17,-1.9477408609557365,C:\Users\anthoni.newland\OneDrive - ZINUS\Desktop\New Results\ew_sweep_ax2p556_ay0p7115\cycle_rows_r.csv
0.7115,0.2167869869444269,0.2647114993715083,3.6128230024081134,2.777697615608885,0.26286707313804,0.2407492431579676,0.7034291569017299,0.231,0.0,-1.9477408609557365,C:\Users\anthoni.newland\OneDrive - ZINUS\Desktop\New Results\ew_sweep_ax2p556_ay0p7115\cycle_rows_r.csv
0.7115,0.219240435031766,0.2624698567831633,3.561202407097525,2.8099613123427694,0.2369275272389732,0.2408551459074647,0.7279731143326285,0.231,0.0,-1.9477408609557365,C:\Users\anthoni.newland\OneDrive - ZINUS\Desktop\New Results\ew_sweep_ax2p556_ay0p7115\cycle_rows_r.csv
0.7115,0.2184784828781601,0.2637975402407972,3.5771097767905795,2.790785915165052,0.2482319032421056,0.2411380115594786,0.7237030545087387,0.231,2.775557561562892e-17,-1.9477408609557365,C:\Users\anthoni.newland\OneDrive - ZINUS\Desktop\New Results\ew_sweep_ax2p556_ay0p7115\cycle_rows_r.csv
0.7115,0.214809910715015,0.267991137696122,3.655278691152591,2.7314666768343314,0.2913336303897693,0.2414005242055685,0.6955675864579686,0.231,0.0,-1.9477408609557365,C:\Users\anthoni.newland\OneDrive - ZINUS\Desktop\New Results\ew_sweep_ax2p556_ay0p7115\cycle_rows_r.csv
0.7115,0.2194688156133946,0.2623284460446082,3.556455992187748,2.8120151096002486,0.2348631940129601,0.2408986308290014,0.7309546472848838,0.231,0.0,-1.9477408609557365,C:\Users\anthoni.newland\OneDrive - ZINUS\Desktop\New Results\ew_sweep_ax2p556_ay0p7115\cycle_rows_r.csv
0.7115,0.2178531250570135,0.2644911260192993,3.59024858944894,2.7808451839213397,0.2554665405845069,0.2411721255381564,0.718108094864148,0.2309999999999999,-2.775557561562892e-17,-1.9477408609557365,C:\Users\anthoni.newland\OneDrive - ZINUS\Desktop\New Results\ew_sweep_ax2p556_ay0p7115\cycle_rows_r.csv
0.7115,0.2186934632171971,0.2636688809460149,3.5726103802510183,2.792635658831297,0.2463106970576178,0.241181172081606,0.7263719292835493,0.231,0.0,-1.9477408609557365,C:\Users\anthoni.newland\OneDrive - ZINUS\Desktop\New Results\ew_sweep_ax2p556_ay0p7115\cycle_rows_r.csv
0.7115,0.213502177800235,0.2689927434075709,3.683792972527229,2.7175724048615906,0.3042039368499891,0.2412474606039029,0.6846703217339031,0.231,0.0,-1.9477408609557365,C:\Users\anthoni.newland\OneDrive - ZINUS\Desktop\New Results\ew_sweep_ax2p556_ay0p7115\cycle_rows_r.csv
0.7115,0.2138576125934403,0.2687241993457289,3.676008433242338,2.7212874852161844,0.3007223901555713,0.2412909059695846,0.6875623503981754,0.231,0.0,-1.9477408609557365,C:\Users\anthoni.newland\OneDrive - ZINUS\Desktop\New Results\ew_sweep_ax2p556_ay0p7115\cycle_rows_r.csv
0.7115,0.2193831705899698,0.2626040748152262,3.5582347876128284,2.8080140253102366,0.2367870947957064,0.240993622702598,0.731221971907709,0.2309999999999999,-2.775557561562892e-17,-1.9477408609557365,C:\Users\anthoni.newland\OneDrive - ZINUS\Desktop\New Results\ew_sweep_ax2p556_ay0p7115\cycle_rows_r.csv
0.7115,0.2189464221710351,0.2631216395855736,3.567327431451822,2.800523596519986,0.2420102983395309,0.2410340308783043,0.7271416297546525,0.231,0.0,-1.9477408609557365,C:\Users\anthoni.newland\OneDrive - ZINUS\Desktop\New Results\ew_sweep_ax2p556_ay0p7115\cycle_rows_r.csv
0.7125,0.2194975409893182,0.2629127633939248,3.555859694340105,2.8035429968901515,0.237712887513305,0.2412051521916215,0.735059309302045,0.2309999999999999,-2.775557561562892e-17,-1.9240325843312522,C:\Users\anthoni.newland\OneDrive - ZINUS\Desktop\New Results\ew_sweep_ax2p556_ay0p7125\cycle_rows_r.csv
0.7125,0.2195805179815709,0.2626050462939805,3.554138086530648,2.807999937977286,0.2356401187372629,0.2410927821377757,0.7345820519981081,0.2309999999999999,-2.775557561562892e-17,-1.9240325843312522,C:\Users\anthoni.newland\OneDrive - ZINUS\Desktop\New Results\ew_sweep_ax2p556_ay0p7125\cycle_rows_r.csv
0.7125,0.2193706319621471,0.2619549301676436,3.558495323898013,2.817450579609358,0.2335053674242135,0.2406627810648954,0.726909482416883,0.2309999999999999,-2.775557561562892e-17,-1.9240325843312522,C:\Users\anthoni.newland\OneDrive - ZINUS\Desktop\New Results\ew_sweep_ax2p556_ay0p7125\cycle_rows_r.csv
0.7125,0.2176477254793431,0.2646163113254851,3.5945805213338176,2.779056532799951,0.2573158070416266,0.2411320184024141,0.7157190432687117,0.231,0.0,-1.9240325843312522,C:\Users\anthoni.newland\OneDrive - ZINUS\Desktop\New Results\ew_sweep_ax2p556_ay0p7125\cycle_rows_r.csv
0.7125,0.214167225252044,0.2683972826866238,3.669248522144992,2.725820134951155,0.2972175289532011,0.2412822539693339,0.689604334860568,0.231,0.0,-1.9240325843312522,C:\Users\anthoni.newland\OneDrive - ZINUS\Desktop\New Results\ew_sweep_ax2p556_ay0p7125\cycle_rows_r.csv
0.7125,0.2159467414990818,0.2673942981057182,3.63077142566771,2.739795526996,0.2815618472254741,0.2416705198024,0.7074057643589545,0.231,0.0,-1.9240325843312522,C:\Users\anthoni.newland\OneDrive - ZINUS\Desktop\New Results\ew_sweep_ax2p556_ay0p7125\cycle_rows_r.csv
0.7125,0.2171393000026833,0.2652874437908199,3.60533860055569,2.769496157490604,0.2637502805322667,0.2412133718967516,0.7121238970642961,0.231,0.0,-1.9240325843312522,C:\Users\anthoni.newland\OneDrive - ZINUS\Desktop\New Results\ew_sweep_ax2p556_ay0p7125\cycle_rows_r.csv
0.7125,0.2159957340386424,0.2666705522572389,3.629721065792421,2.749945359678739,0.2775747616714576,0.2413331431479407,0.7039108083894147,0.2309999999999999,-2.775557561562892e-17,-1.9240325843312522,C:\Users\anthoni.newland\OneDrive - ZINUS\Desktop\New Results\ew_sweep_ax2p556_ay0p7125\cycle_rows_r.csv
0.7125,0.2184354895876299,0.2630248064375625,3.578010660666152,2.801922767453429,0.244501080415614,0.2407301480125962,0.7182170237176646,0.231,2.775557561562892e-17,-1.9240325843312522,C:\Users\anthoni.newland\OneDrive - ZINUS\Desktop\New Results\ew_sweep_ax2p556_ay0p7125\cycle_rows_r.csv
0.7125,0.2156546160309095,0.2661197238744714,3.637044262742196,2.7577071907368262,0.2767717295656902,0.2408871699526904,0.6959209119960653,0.231,0.0,-1.9240325843312522,C:\Users\anthoni.newland\OneDrive - ZINUS\Desktop\New Results\ew_sweep_ax2p556_ay0p7125\cycle_rows_r.csv
0.7125,0.2176631478665427,0.2643550251283397,3.5942549751836568,2.782791719259045,0.2558820911497326,0.2410090864974412,0.7143646193816795,0.231,0.0,-1.9240325843312522,C:\Users\anthoni.newland\OneDrive - ZINUS\Desktop\New Results\ew_sweep_ax2p556_ay0p7125\cycle_rows_r.csv
0.7125,0.217240405448049,0.2651687068728363,3.603195238646066,2.771184057851735,0.262546331525155,0.2412045561604427,0.7129129524119785,0.231,2.775557561562892e-17,-1.9240325843312522,C:\Users\anthoni.newland\OneDrive - ZINUS\Desktop\New Results\ew_sweep_ax2p556_ay0p7125\cycle_rows_r.csv
0.7125,0.2178216543827731,0.2634229638033032,3.5909117843844967,2.7961762541958777,0.2501532888240707,0.2406223090930381,0.7110094910718974,0.231,2.775557561562892e-17,-1.9240325843312522,C:\Users\anthoni.newland\OneDrive - ZINUS\Desktop\New Results\ew_sweep_ax2p556_ay0p7125\cycle_rows_r.csv
0.7125,0.2185941720657689,0.2636692837608417,3.5746873786695814,2.792629864717344,0.2468939700937227,0.2411317279133053,0.7247743273903597,0.231,0.0,-1.9240325843312522,C:\Users\anthoni.newland\OneDrive - ZINUS\Desktop\New Results\ew_sweep_ax2p556_ay0p7125\cycle_rows_r.csv
0.7125,0.2173619577090262,0.2644503120365324,3.6006210587165413,2.7814287012898475,0.2581416298754961,0.2409061348727793,0.7103733505715818,0.231,0.0,-1.9240325843312522,C:\Users\anthoni.newland\OneDrive - ZINUS\Desktop\New Results\ew_sweep_ax2p556_ay0p7125\cycle_rows_r.csv
0.7125,0.2164265883139009,0.2663171099966026,3.6205043834522734,2.754922092736576,0.2732241848706827,0.2413718491552517,0.7078921768189883,0.231,0.0,-1.9240325843312522,C:\Users\anthoni.newland\OneDrive - ZINUS\Desktop\New Results\ew_sweep_ax2p556_ay0p7125\cycle_rows_r.csv
0.7125,0.2176764074592615,0.2648943992584911,3.593975119637856,2.775089253677172,0.2585759554193492,0.2412854033588763,0.7178280559370196,0.231,2.775557561562892e-17,-1.9240325843312522,C:\Users\anthoni.newland\OneDrive - ZINUS\Desktop\New Results\ew_sweep_ax2p556_ay0p7125\cycle_rows_r.csv
0.7125,0.2150070601720725,0.2674976848737004,3.651010060784464,2.7383501112248965,0.2876482684466896,0.2412523725228864,0.6953181655041053,0.231,2.775557561562892e-17,-1.9240325843312522,C:\Users\anthoni.newland\OneDrive - ZINUS\Desktop\New Results\ew_sweep_ax2p556_ay0p7125\cycle_rows_r.csv
0.7125,0.2168267902167653,0.2656064367193349,3.611976218438152,2.76496899831044,0.2672256287633188,0.2412166134680501,0.7094441883155492,0.231,0.0,-1.9240325843312522,C:\Users\anthoni.newland\OneDrive - ZINUS\Desktop\New Results\ew_sweep_ax2p556_ay0p7125\cycle_rows_r.csv
0.7125,0.2151059782866575,0.2676564154525943,3.648871258554079,2.736133125406493,0.2878722200133725,0.2413811968696259,0.6975472979767143,0.231,2.775557561562892e-17,-1.9240325843312522,C:\Users\anthoni.newland\OneDrive - ZINUS\Desktop\New Results\ew_sweep_ax2p556_ay0p7125\cycle_rows_r.csv
0.7125,0.2183248255027628,0.263965131696221,3.580331154266034,2.788379145283589,0.2499948218219669,0.2411449785994919,0.7222811248568276,0.231,0.0,-1.9240325843312522,C:\Users\anthoni.newland\OneDrive - ZINUS\Desktop\New Results\ew_sweep_ax2p556_ay0p7125\cycle_rows_r.csv
0.7125,0.2179686778817043,0.2634214352933385,3.5878151380205128,2.796198281610715,0.2492826825514891,0.2406950565875214,0.7132996354812972,0.231,0.0,-1.9240325843312522,C:\Users\anthoni.newland\OneDrive - ZINUS\Desktop\New Results\ew_sweep_ax2p556_ay0p7125\cycle_rows_r.csv
0.7125,0.2197134166474288,0.2631289112649179,3.5513834123506745,2.8004185674344284,0.2375683268180706,0.2414211639561733,0.7400332887598928,0.231,0.0,-1.9240325843312522,C:\Users\anthoni.newland\OneDrive - ZINUS\Desktop\New Results\ew_sweep_ax2p556_ay0p7125\cycle_rows_r.csv
0.7125,0.2169412044081157,0.2653227464274224,3.609543874932918,2.7689946054947256,0.2650971179190209,0.241131975417769,0.7094181994804114,0.2309999999999999,-2.775557561562892e-17,-1.9240325843312522,C:\Users\anthoni.newland\OneDrive - ZINUS\Desktop\New Results\ew_sweep_ax2p556_ay0p7125\cycle_rows_r.csv
0.7125,0.2187227826321718,0.2634164928897808,3.5719974296491523,2.796269508524744,0.2448387329589989,0.2410696377609762,0.725303240723049,0.2309999999999999,-2.775557561562892e-17,-1.9240325843312522,C:\Users\anthoni.newland\OneDrive - ZINUS\Desktop\New Results\ew_sweep_ax2p556_ay0p7125\cycle_rows_r.csv
0.7125,0.2183379549878801,0.2648480274210193,3.5800557216701496,2.7757502283010638,0.2544573018031537,0.2415929912044497,0.7277569276994301,0.231,0.0,-1.9240325843312522,C:\Users\anthoni.newland\OneDrive - ZINUS\Desktop\New Results\ew_sweep_ax2p556_ay0p7125\cycle_rows_r.csv
0.7125,0.2172229358445387,0.2650265678998373,3.603565438944606,2.7732066182056667,0.2619194804763729,0.241124751872188,0.7117987993145765,0.2309999999999999,-2.775557561562892e-17,-1.9240325843312522,C:\Users\anthoni.newland\OneDrive - ZINUS\Desktop\New Results\ew_sweep_ax2p556_ay0p7125\cycle_rows_r.csv
0.7125,0.2196320842755444,0.2618997605157143,3.5530688437369964,2.8182547323864355,0.2316938889445026,0.2407659223956293,0.7310494274664701,0.231,0.0,-1.9240325843312522,C:\Users\anthoni.newland\OneDrive - ZINUS\Desktop\New Results\ew_sweep_ax2p556_ay0p7125\cycle_rows_r.csv
0.7125,0.2121680810486713,0.2708641596337204,3.713244306388388,2.691887480987751,0.3216633572472364,0.2415161203411958,0.6791622301642903,0.2309999999999999,-2.775557561562892e-17,-1.9240325843312522,C:\Users\anthoni.newland\OneDrive - ZINUS\Desktop\New Results\ew_sweep_ax2p556_ay0p7125\cycle_rows_r.csv
0.7125,0.2187149808418551,0.2635140305700563,3.572160517541612,2.7948643487282774,0.2453870278467389,0.2411145057059557,0.7257750056601896,0.2309999999999999,-2.775557561562892e-17,-1.9240325843312522,C:\Users\anthoni.newland\OneDrive - ZINUS\Desktop\New Results\ew_sweep_ax2p556_ay0p7125\cycle_rows_r.csv
0.7125,0.2193315705697712,0.262282245749502,3.559307159485696,2.812686585561228,0.235425800938462,0.2408069081596366,0.7283295458941856,0.231,0.0,-1.9240325843312522,C:\Users\anthoni.newland\OneDrive - ZINUS\Desktop\New Results\ew_sweep_ax2p556_ay0p7125\cycle_rows_r.csv
0.7125,0.2189759096253529,0.263166977044262,3.566712391837556,2.799868856006998,0.2420716939150369,0.2410714433348075,0.7279067676581618,0.231,0.0,-1.9240325843312522,C:\Users\anthoni.newland\OneDrive - ZINUS\Desktop\New Results\ew_sweep_ax2p556_ay0p7125\cycle_rows_r.csv
0.7125,0.2187252724486736,0.2632768187645192,3.571945385207653,2.79828351274034,0.2441041751652974,0.2410010456065964,0.7244825698236068,0.2309999999999999,-2.775557561562892e-17,-1.9240325843312522,C:\Users\anthoni.newland\OneDrive - ZINUS\Desktop\New Results\ew_sweep_ax2p556_ay0p7125\cycle_rows_r.csv
0.7125,0.217447199625403,0.2642762055092688,3.59881755995342,2.783919926021972,0.2567453560864434,0.2408617025673359,0.7105896202834748,0.2309999999999999,-2.775557561562892e-17,-1.9240325843312522,C:\Users\anthoni.newland\OneDrive - ZINUS\Desktop\New Results\ew_sweep_ax2p556_ay0p7125\cycle_rows_r.csv
0.7125,0.2189226716416042,0.2628662406488383,3.56782293264303,2.8042161577374056,0.2408315317191047,0.2408944561452213,0.7251627796456956,0.231,2.775557561562892e-17,-1.9240325843312522,C:\Users\anthoni.newland\OneDrive - ZINUS\Desktop\New Results\ew_sweep_ax2p556_ay0p7125\cycle_rows_r.csv
0.7125,0.2174710174188945,0.2647208732097361,3.598313889679337,2.7775638463073085,0.258891142530655,0.2410959453143153,0.7136714524380027,0.231,0.0,-1.9240325843312522,C:\Users\anthoni.newland\OneDrive - ZINUS\Desktop\New Results\ew_sweep_ax2p556_ay0p7125\cycle_rows_r.csv
0.7125,0.2147946152678224,0.268401383884047,3.6556101918715367,2.7257632040824844,0.2935145626338793,0.2415979995759347,0.6976989072370081,0.2309999999999999,-2.775557561562892e-17,-1.9240325843312522,C:\Users\anthoni.newland\OneDrive - ZINUS\Desktop\New Results\ew_sweep_ax2p556_ay0p7125\cycle_rows_r.csv
0.7125,0.2194588023888682,0.2628187022876502,3.55666388914334,2.804904260220868,0.2374535891472657,0.2411387523382592,0.7338278538909632,0.2309999999999999,-2.775557561562892e-17,-1.9240325843312522,C:\Users\anthoni.newland\OneDrive - ZINUS\Desktop\New Results\ew_sweep_ax2p556_ay0p7125\cycle_rows_r.csv
0.7125,0.2146135925863501,0.2684185206438308,3.659537114815541,2.7255253385697524,0.294675473722378,0.2415160566150904,0.6954478334002417,0.231,0.0,-1.9240325843312522,C:\Users\anthoni.newland\OneDrive - ZINUS\Desktop\New Results\ew_sweep_ax2p556_ay0p7125\cycle_rows_r.csv
0.7125,0.2164675227959523,0.2655680592798595,3.619630635966693,2.7655130768048632,0.2691458073771278,0.2410177910379059,0.704026101449814,0.231,2.775557561562892e-17,-1.9240325843312522,C:\Users\anthoni.newland\OneDrive - ZINUS\Desktop\New Results\ew_sweep_ax2p556_ay0p7125\cycle_rows_r.csv
0.7125,0.2187137061540538,0.2631300671689858,3.57218716460155,2.8004018725757627,0.2434151265441282,0.2409218866615198,0.7233836008804112,0.231,2.775557561562892e-17,-1.9240325843312522,C:\Users\anthoni.newland\OneDrive - ZINUS\Desktop\New Results\ew_sweep_ax2p556_ay0p7125\cycle_rows_r.csv
0.7125,0.2193823840434593,0.2627791841645868,3.558251130144989,2.805476461840558,0.2376957824125889,0.241080784104023,0.7322932583943041,0.231,2.775557561562892e-17,-1.9240325843312522,C:\Users\anthoni.newland\OneDrive - ZINUS\Desktop\New Results\ew_sweep_ax2p556_ay0p7125\cycle_rows_r.csv
0.7125,0.2189860019487588,0.2636897566747777,3.566501927524999,2.7923354043416717,0.2447069550087304,0.2413378793117682,0.7312530429519221,0.231,0.0,-1.9240325843312522,C:\Users\anthoni.newland\OneDrive - ZINUS\Desktop\New Results\ew_sweep_ax2p556_ay0p7125\cycle_rows_r.csv
0.7125,0.2165860167760802,0.2663186445213978,3.617103240944037,2.754900456921081,0.2722921856520117,0.241452330648739,0.7101704881203098,0.231,0.0,-1.9240325843312522,C:\Users\anthoni.newland\OneDrive - ZINUS\Desktop\New Results\ew_sweep_ax2p556_ay0p7125\cycle_rows_r.csv
0.7125,0.2188849038000529,0.2631268670658797,3.5686110948678333,2.8004480924010977,0.2423970336580641,0.2410058854329663,0.7261627806353482,0.2309999999999999,-2.775557561562892e-17,-1.9240325843312522,C:\Users\anthoni.newland\OneDrive - ZINUS\Desktop\New Results\ew_sweep_ax2p556_ay0p7125\cycle_rows_r.csv
0.7125,0.2176373338152759,0.2644455220389097,3.5947999016049805,2.781497195678977,0.2564989871024661,0.2410414279270928,0.7145228924289531,0.231,0.0,-1.9240325843312522,C:\Users\anthoni.newland\OneDrive - ZINUS\Desktop\New Results\ew_sweep_ax2p556_ay0p7125\cycle_rows_r.csv
0.7125,0.2175467780814735,0.2647194407420803,3.596712526928297,2.777584287715057,0.2584386526051931,0.2411331094117769,0.7148089346722201,0.231,2.775557561562892e-17,-1.9240325843312522,C:\Users\anthoni.newland\OneDrive - ZINUS\Desktop\New Results\ew_sweep_ax2p556_ay0p7125\cycle_rows_r.csv
0.7125,0.2183924122046452,0.2638585851279637,3.5789136623618,2.7899088995532564,0.2490503652855227,0.2411254986663044,0.7227040020144592,0.231,2.775557561562892e-17,-1.9240325843312522,C:\Users\anthoni.newland\OneDrive - ZINUS\Desktop\New Results\ew_sweep_ax2p556_ay0p7125\cycle_rows_r.csv
0.7125,0.2184460871581946,0.2642140614243854,3.577788565632756,2.7848099174168546,0.2505652716726314,0.24133007429129,0.7257052984519119,0.231,0.0,-1.9240325843312522,C:\Users\anthoni.newland\OneDrive - ZINUS\Desktop\New Results\ew_sweep_ax2p556_ay0p7125\cycle_rows_r.csv
0.7125,0.2189358161078498,0.2628049232570936,3.5675486897374094,2.8051037537897723,0.2404381912512001,0.2408703696824717,0.7249959099667216,0.2309999999999999,-2.775557561562892e-17,-1.9240325843312522,C:\Users\anthoni.newland\OneDrive - ZINUS\Desktop\New Results\ew_sweep_ax2p556_ay0p7125\cycle_rows_r.csv
0.7125,0.2194152462810807,0.2616077060823188,3.5575684322271552,2.822517367608945,0.231448116546739,0.2405114761816998,0.725430710285838,0.231,2.775557561562892e-17,-1.9240325843312522,C:\Users\anthoni.newland\OneDrive - ZINUS\Desktop\New Results\ew_sweep_ax2p556_ay0p7125\cycle_rows_r.csv
0.7125,0.2161971620131424,0.2662062288345357,3.625407617234173,2.7564861061968773,0.2740100094621349,0.2412016954238391,0.7039969164046656,0.231,0.0,-1.9240325843312522,C:\Users\anthoni.newland\OneDrive - ZINUS\Desktop\New Results\ew_sweep_ax2p556_ay0p7125\cycle_rows_r.csv
0.7125,0.2181579340469255,0.2638161329054627,3.5838351209582924,2.7905187563277094,0.2502059771402565,0.2409870334761941,0.718734722916621,0.231,0.0,-1.9240325843312522,C:\Users\anthoni.newland\OneDrive - ZINUS\Desktop\New Results\ew_sweep_ax2p556_ay0p7125\cycle_rows_r.csv
0.7125,0.2170275837665401,0.2644353974544607,3.60770922591902,2.7816419799554746,0.2600316138518634,0.2407314906105004,0.705271870889503,0.231,0.0,-1.9240325843312522,C:\Users\anthoni.newland\OneDrive - ZINUS\Desktop\New Results\ew_sweep_ax2p556_ay0p7125\cycle_rows_r.csv
0.7125,0.2194777815068204,0.2622024701955923,3.556269856267543,2.8138466020325468,0.2341597575815426,0.2408401258512063,0.730314746653551,0.231,0.0,-1.9240325843312522,C:\Users\anthoni.newland\OneDrive - ZINUS\Desktop\New Results\ew_sweep_ax2p556_ay0p7125\cycle_rows_r.csv
0.7125,0.2187167461664705,0.26352763173103,3.572123614343073,2.794668488580553,0.2454467780588285,0.2411221889487503,0.7258868313184116,0.231,0.0,-1.9240325843312522,C:\Users\anthoni.newland\OneDrive - ZINUS\Desktop\New Results\ew_sweep_ax2p556_ay0p7125\cycle_rows_r.csv
0.7125,0.2150566649188121,0.2677041961469547,3.649937263639416,2.735466288511427,0.2884080686595227,0.2413804305328834,0.6971684196909613,0.2309999999999999,-2.775557561562892e-17,-1.9240325843312522,C:\Users\anthoni.newland\OneDrive - ZINUS\Desktop\New Results\ew_sweep_ax2p556_ay0p7125\cycle_rows_r.csv
0.7125,0.2197062254743224,0.2620605970893834,3.551532383031505,2.8159113239710774,0.2320932198092489,0.2408834112818529,0.7333504406978006,0.231,0.0,-1.9240325843312522,C:\Users\anthoni.newland\OneDrive - ZINUS\Desktop\New Results\ew_sweep_ax2p556_ay0p7125\cycle_rows_r.csv
0.7125,0.218092417690851,0.2642184810402779,3.5852121343233203,2.784746608423496,0.2526607602231747,0.2411554493655645,0.7201672683105889,0.2309999999999999,-2.775557561562892e-17,-1.9240325843312522,C:\Users\anthoni.newland\OneDrive - ZINUS\Desktop\New Results\ew_sweep_ax2p556_ay0p7125\cycle_rows_r.csv
0.7125,0.2189313847009817,0.2633986776799698,3.567641141839065,2.7965262726755333,0.2435266027434148,0.2411650311904758,0.7285956825678378,0.2309999999999999,-2.775557561562892e-17,-1.9240325843312522,C:\Users\anthoni.newland\OneDrive - ZINUS\Desktop\New Results\ew_sweep_ax2p556_ay0p7125\cycle_rows_r.csv
0.7125,0.2137551574625825,0.2686970818427486,3.678249694045621,2.7216630457685307,0.3011939050605055,0.2412261196526655,0.6861259824447857,0.231,2.775557561562892e-17,-1.9240325843312522,C:\Users\anthoni.newland\OneDrive - ZINUS\Desktop\New Results\ew_sweep_ax2p556_ay0p7125\cycle_rows_r.csv
0.7125,0.2141112379122085,0.2684271443793466,3.670469470687138,2.725405648941301,0.2977022960202538,0.2412691911457775,0.6890641584337833,0.231,0.0,-1.9240325843312522,C:\Users\anthoni.newland\OneDrive - ZINUS\Desktop\New Results\ew_sweep_ax2p556_ay0p7125\cycle_rows_r.csv
0.7125,0.21962069688028,0.2623359755644083,3.5533049216446195,2.811905697830916,0.2340156964887261,0.2409783362223441,0.7336011031587111,0.231,0.0,-1.9240325843312522,C:\Users\anthoni.newland\OneDrive - ZINUS\Desktop\New Results\ew_sweep_ax2p556_ay0p7125\cycle_rows_r.csv
0.7125,0.2191835743496844,0.2628533516859326,3.56238567587462,2.804402696735778,0.2392398801382451,0.2410184630178085,0.7294141080836859,0.231,0.0,-1.9240325843312522,C:\Users\anthoni.newland\OneDrive - ZINUS\Desktop\New Results\ew_sweep_ax2p556_ay0p7125\cycle_rows_r.csv
0.7135,0.2197347816479623,0.2626446132867006,3.550940877453358,2.807426268851015,0.2349444591962739,0.2411896974673314,0.7374676636608467,0.231,0.0,-1.9003711976236861,C:\Users\anthoni.newland\OneDrive - ZINUS\Desktop\New Results\ew_sweep_ax2p556_ay0p7135\cycle_rows_r.csv
0.7135,0.219817334817981,0.2623374239442994,3.549231755666798,2.811884652081985,0.2328762199919751,0.2410773793811402,0.7370027812312995,0.231,2.775557561562892e-17,-1.9003711976236861,C:\Users\anthoni.newland\OneDrive - ZINUS\Desktop\New Results\ew_sweep_ax2p556_ay0p7135\cycle_rows_r.csv
0.7135,0.2196077059478139,0.2616865216784894,3.553574273198013,2.8213660894182766,0.2307327379629904,0.2406471138131516,0.7292629591787422,0.231,2.775557561562892e-17,-1.9003711976236861,C:\Users\anthoni.newland\OneDrive - ZINUS\Desktop\New Results\ew_sweep_ax2p556_ay0p7135\cycle_rows_r.csv
0.7135,0.2178877595103067,0.2643426040962812,3.5895189442833155,2.7829694665328004,0.2544996836530209,0.2411151818032939,0.7177422375092375,0.231,0.0,-1.9003711976236861,C:\Users\anthoni.newland\OneDrive - ZINUS\Desktop\New Results\ew_sweep_ax2p556_ay0p7135\cycle_rows_r.csv
0.7135,0.2144171263978354,0.2681056920700994,3.663806556872572,2.7298723211685427,0.2942478105043231,0.2412614092339673,0.6911283921534996,0.231,0.0,-1.9003711976236861,C:\Users\anthoni.newland\OneDrive - ZINUS\Desktop\New Results\ew_sweep_ax2p556_ay0p7135\cycle_rows_r.csv
0.7135,0.2161922100781149,0.2671107117093505,3.625513563317928,2.743765997254816,0.2786645226525412,0.2416514608937327,0.7091864558559338,0.231,2.775557561562892e-17,-1.9003711976236861,C:\Users\anthoni.newland\OneDrive - ZINUS\Desktop\New Results\ew_sweep_ax2p556_ay0p7135\cycle_rows_r.csv
0.7135,0.2173803723937872,0.265011006526121,3.6002313317804404,2.7734281798648013,0.2609139371747542,0.2411956894599541,0.7140573949031855,0.231,2.775557561562892e-17,-1.9003711976236861,C:\Users\anthoni.newland\OneDrive - ZINUS\Desktop\New Results\ew_sweep_ax2p556_ay0p7135\cycle_rows_r.csv
0.7135,0.2162391581578838,0.2663905114477783,3.624509309594448,2.7538874585479904,0.2747053815270508,0.241314834802831,0.7056741070018046,0.231,0.0,-1.9003711976236861,C:\Users\anthoni.newland\OneDrive - ZINUS\Desktop\New Results\ew_sweep_ax2p556_ay0p7135\cycle_rows_r.csv
0.7135,0.2186736325452412,0.2627549546776228,3.5730250527260554,2.8058273771732005,0.2417141300897125,0.240714293611432,0.7203721018679704,0.231,0.0,-1.9003711976236861,C:\Users\anthoni.newland\OneDrive - ZINUS\Desktop\New Results\ew_sweep_ax2p556_ay0p7135\cycle_rows_r.csv
0.7135,0.215900294720229,0.2658365912196451,3.631767646708562,2.7617093847466574,0.2738696544534904,0.2408684429699371,0.6976206419323161,0.231,2.775557561562892e-17,-1.9003711976236861,C:\Users\anthoni.newland\OneDrive - ZINUS\Desktop\New Results\ew_sweep_ax2p556_ay0p7135\cycle_rows_r.csv
0.7135,0.2179029178116995,0.2640807192263482,3.5891996768218983,2.78672098034875,0.2530636176056076,0.2409918185190238,0.7163770949011488,0.231,0.0,-1.9003711976236861,C:\Users\anthoni.newland\OneDrive - ZINUS\Desktop\New Results\ew_sweep_ax2p556_ay0p7135\cycle_rows_r.csv
0.7135,0.217481914681163,0.2648919488217137,3.598083484164826,2.775124175907109,0.2597058439235962,0.2411869317514383,0.7148686862624575,0.2309999999999999,-2.775557561562892e-17,-1.9003711976236861,C:\Users\anthoni.newland\OneDrive - ZINUS\Desktop\New Results\ew_sweep_ax2p556_ay0p7135\cycle_rows_r.csv
0.7135,0.2180612410743571,0.2631497119969804,3.585867690531064,2.800118162437794,0.2473388612257432,0.2406054765356687,0.7130362005877913,0.231,0.0,-1.9003711976236861,C:\Users\anthoni.newland\OneDrive - ZINUS\Desktop\New Results\ew_sweep_ax2p556_ay0p7135\cycle_rows_r.csv
0.7135,0.2188330400234193,0.2633973892924784,3.569693862923901,2.796544843083438,0.244095168850025,0.2411152146579489,0.7269799699503721,0.231,0.0,-1.9003711976236861,C:\Users\anthoni.newland\OneDrive - ZINUS\Desktop\New Results\ew_sweep_ax2p556_ay0p7135\cycle_rows_r.csv
0.7135,0.217602839611926,0.2641755292819055,3.5955282650879234,2.7853619626248025,0.255313091208817,0.2408891844469157,0.7123387014362256,0.231,2.775557561562892e-17,-1.9003711976236861,C:\Users\anthoni.newland\OneDrive - ZINUS\Desktop\New Results\ew_sweep_ax2p556_ay0p7135\cycle_rows_r.csv
0.7135,0.2166697190156808,0.2660358805619728,3.615319595848221,2.758891461887041,0.2703513051551383,0.2413527997888268,0.7097144980396896,0.231,2.775557561562892e-17,-1.9003711976236861,C:\Users\anthoni.newland\OneDrive - ZINUS\Desktop\New Results\ew_sweep_ax2p556_ay0p7135\cycle_rows_r.csv
0.7135,0.2179164184044275,0.2646206343079922,3.5889153617792884,2.778994796135583,0.2557607510210036,0.2412685263562098,0.7198629429388644,0.231,0.0,-1.9003711976236861,C:\Users\anthoni.newland\OneDrive - ZINUS\Desktop\New Results\ew_sweep_ax2p556_ay0p7135\cycle_rows_r.csv
0.7135,0.2152541910931637,0.2672119979121048,3.645670288329912,2.742346929829604,0.2847261435912234,0.2412330945026342,0.6969500856395621,0.231,0.0,-1.9003711976236861,C:\Users\anthoni.newland\OneDrive - ZINUS\Desktop\New Results\ew_sweep_ax2p556_ay0p7135\cycle_rows_r.csv
0.7135,0.2170687039223058,0.2653296228217608,3.6068363699168913,2.768896926641941,0.2643820168413273,0.2411991633720333,0.7113337997828404,0.2309999999999999,-2.775557561562892e-17,-1.9003711976236861,C:\Users\anthoni.newland\OneDrive - ZINUS\Desktop\New Results\ew_sweep_ax2p556_ay0p7135\cycle_rows_r.csv
0.7135,0.2153531225127666,0.2673699873986113,3.643536106334923,2.7401355691771774,0.2849472708953486,0.2413615549556889,0.699196068014254,0.231,0.0,-1.9003711976236861,C:\Users\anthoni.newland\OneDrive - ZINUS\Desktop\New Results\ew_sweep_ax2p556_ay0p7135\cycle_rows_r.csv
0.7135,0.218563820119378,0.2636938002310842,3.5753226652691508,2.792277251583711,0.2471979459793267,0.2411288101752311,0.7244363979368076,0.231,2.775557561562892e-17,-1.9003711976236861,C:\Users\anthoni.newland\OneDrive - ZINUS\Desktop\New Results\ew_sweep_ax2p556_ay0p7135\cycle_rows_r.csv
0.7135,0.218208268490538,0.2631485110938967,3.5827777605199325,2.800135504635935,0.2464705997862162,0.2406783897922174,0.7153613160845297,0.231,2.775557561562892e-17,-1.9003711976236861,C:\Users\anthoni.newland\OneDrive - ZINUS\Desktop\New Results\ew_sweep_ax2p556_ay0p7135\cycle_rows_r.csv
0.7135,0.219950960165814,0.2628611171061278,3.5464679910746097,2.8042903074031256,0.2348016789983826,0.2414060386359709,0.7425075874330935,0.231,0.0,-1.9003711976236861,C:\Users\anthoni.newland\OneDrive - ZINUS\Desktop\New Results\ew_sweep_ax2p556_ay0p7135\cycle_rows_r.csv
0.7135,0.2171823699962599,0.2650465173092463,3.6044253040300704,2.77292261808231,0.262260480914489,0.2411144436527531,0.7113156552568286,0.231,2.775557561562892e-17,-1.9003711976236861,C:\Users\anthoni.newland\OneDrive - ZINUS\Desktop\New Results\ew_sweep_ax2p556_ay0p7135\cycle_rows_r.csv
0.7135,0.2189611225693506,0.2631456941581048,3.5670207946767998,2.800176184525269,0.2420483978518155,0.2410534083637277,0.7275321000574446,0.2309999999999999,-2.775557561562892e-17,-1.9003711976236861,C:\Users\anthoni.newland\OneDrive - ZINUS\Desktop\New Results\ew_sweep_ax2p556_ay0p7135\cycle_rows_r.csv
0.7135,0.2185765715521651,0.2645760815227477,3.5750557477352585,2.779631152765493,0.251662529757896,0.2415763265374564,0.729922591441086,0.2309999999999999,-2.775557561562892e-17,-1.9003711976236861,C:\Users\anthoni.newland\OneDrive - ZINUS\Desktop\New Results\ew_sweep_ax2p556_ay0p7135\cycle_rows_r.csv
0.7135,0.2174637614745878,0.2647512333849046,3.598467318044884,2.777130656634808,0.2590897530391283,0.2411074974297462,0.7137457770826835,0.231,0.0,-1.9003711976236861,C:\Users\anthoni.newland\OneDrive - ZINUS\Desktop\New Results\ew_sweep_ax2p556_ay0p7135\cycle_rows_r.csv
0.7135,0.2198694741586455,0.2616335079679578,3.548152961326756,2.822140396949728,0.2289315724429876,0.2407514910633016,0.7334901630389766,0.2309999999999999,-2.775557561562892e-17,-1.9003711976236861,C:\Users\anthoni.newland\OneDrive - ZINUS\Desktop\New Results\ew_sweep_ax2p556_ay0p7135\cycle_rows_r.csv
0.7135,0.2124290185578043,0.2705557605271266,3.7074547855517617,2.69609576248419,0.3185408869263447,0.2414923895424655,0.6805088189529543,0.231,0.0,-1.9003711976236861,C:\Users\anthoni.newland\OneDrive - ZINUS\Desktop\New Results\ew_sweep_ax2p556_ay0p7135\cycle_rows_r.csv
0.7135,0.2189532501043394,0.2632439577617002,3.567185001928324,2.798757656216531,0.2426011453727914,0.2410986039330198,0.7280072834045467,0.2309999999999999,-2.775557561562892e-17,-1.9003711976236861,C:\Users\anthoni.newland\OneDrive - ZINUS\Desktop\New Results\ew_sweep_ax2p556_ay0p7135\cycle_rows_r.csv
0.7135,0.2195689715833646,0.2620146186785055,3.5543775734283374,2.816580941336749,0.2326562458863363,0.240791795130935,0.7306902073842105,0.2309999999999999,-2.775557561562892e-17,-1.9003711976236861,C:\Users\anthoni.newland\OneDrive - ZINUS\Desktop\New Results\ew_sweep_ax2p556_ay0p7135\cycle_rows_r.csv
0.7135,0.2192142855126116,0.2628979884559804,3.561746501427109,2.803756757033687,0.2392907980043639,0.241056136984296,0.7302034009647204,0.2309999999999999,-2.775557561562892e-17,-1.9003711976236861,C:\Users\anthoni.newland\OneDrive - ZINUS\Desktop\New Results\ew_sweep_ax2p556_ay0p7135\cycle_rows_r.csv
0.7135,0.2189632510752351,0.2630059810194946,3.5669763994160064,2.802194901133741,0.2413152866276962,0.2409846160473648,0.7267029328109629,0.231,0.0,-1.9003711976236861,C:\Users\anthoni.newland\OneDrive - ZINUS\Desktop\New Results\ew_sweep_ax2p556_ay0p7135\cycle_rows_r.csv
0.7135,0.2176875087439053,0.264001394101293,3.5937408433316804,2.787858785383218,0.2539198368691611,0.2408444514225991,0.7125593943724008,0.231,0.0,-1.9003711976236861,C:\Users\anthoni.newland\OneDrive - ZINUS\Desktop\New Results\ew_sweep_ax2p556_ay0p7135\cycle_rows_r.csv
0.7135,0.2191601531526767,0.2625963469704156,3.5628732486938683,2.80812608986012,0.2380499227180446,0.2408782500615461,0.7274197896573522,0.2309999999999999,-2.775557561562892e-17,-1.9003711976236861,C:\Users\anthoni.newland\OneDrive - ZINUS\Desktop\New Results\ew_sweep_ax2p556_ay0p7135\cycle_rows_r.csv
0.7135,0.2177116574993694,0.2644465586190201,3.593231301832775,2.781482372930663,0.2560678684833135,0.2410791080591948,0.7156655479678938,0.231,2.775557561562892e-17,-1.9003711976236861,C:\Users\anthoni.newland\OneDrive - ZINUS\Desktop\New Results\ew_sweep_ax2p556_ay0p7135\cycle_rows_r.csv
0.7135,0.2150425985124286,0.2681143871665031,3.6502414261991154,2.729751359366571,0.2905827816771225,0.2415784928394658,0.6993242192837552,0.231,2.775557561562892e-17,-1.9003711976236861,C:\Users\anthoni.newland\OneDrive - ZINUS\Desktop\New Results\ew_sweep_ax2p556_ay0p7135\cycle_rows_r.csv
0.7135,0.219696246654175,0.2625500933169654,3.551739118120235,2.808796970385164,0.2346811087013012,0.2411231699855702,0.7362254680478907,0.231,2.775557561562892e-17,-1.9003711976236861,C:\Users\anthoni.newland\OneDrive - ZINUS\Desktop\New Results\ew_sweep_ax2p556_ay0p7135\cycle_rows_r.csv
0.7135,0.2148619581641619,0.2681294300633297,3.6541510118602094,2.72954210868911,0.2917299155490407,0.2414956941137458,0.697037586721096,0.231,0.0,-1.9003711976236861,C:\Users\anthoni.newland\OneDrive - ZINUS\Desktop\New Results\ew_sweep_ax2p556_ay0p7135\cycle_rows_r.csv
0.7135,0.2167101494924279,0.2652890207799288,3.614458539861515,2.769473750025836,0.2662847426776755,0.2409995851361783,0.7058422699242749,0.231,0.0,-1.9003711976236861,C:\Users\anthoni.newland\OneDrive - ZINUS\Desktop\New Results\ew_sweep_ax2p556_ay0p7135\cycle_rows_r.csv
0.7135,0.2189516854510605,0.262859506680763,3.567217639544123,2.8043136146278984,0.2406271108829014,0.2409055960659117,0.7255998086102006,0.231,0.0,-1.9003711976236861,C:\Users\anthoni.newland\OneDrive - ZINUS\Desktop\New Results\ew_sweep_ax2p556_ay0p7135\cycle_rows_r.csv
0.7135,0.2196195841013394,0.262511349785724,3.553327992546276,2.8093591032016483,0.2349282468530351,0.2410654669435317,0.7346713123819056,0.231,2.775557561562892e-17,-1.9003711976236861,C:\Users\anthoni.newland\OneDrive - ZINUS\Desktop\New Results\ew_sweep_ax2p556_ay0p7135\cycle_rows_r.csv
0.7135,0.2192236057172527,0.2634196939479608,3.561552560584039,2.796223376516231,0.2419268496798279,0.2413216498326068,0.7335421582726217,0.231,2.775557561562892e-17,-1.9003711976236861,C:\Users\anthoni.newland\OneDrive - ZINUS\Desktop\New Results\ew_sweep_ax2p556_ay0p7135\cycle_rows_r.csv
0.7135,0.2168277017292789,0.2660392711430553,3.6119568303525793,2.7588435560788964,0.2694380932509415,0.2414334864361671,0.7120128774687351,0.231,2.775557561562892e-17,-1.9003711976236861,C:\Users\anthoni.newland\OneDrive - ZINUS\Desktop\New Results\ew_sweep_ax2p556_ay0p7135\cycle_rows_r.csv
0.7135,0.2191223941021738,0.2628577398798076,3.56365952050393,2.804339185360312,0.2396200453990422,0.2409900669909907,0.7284208987802175,0.231,0.0,-1.9003711976236861,C:\Users\anthoni.newland\OneDrive - ZINUS\Desktop\New Results\ew_sweep_ax2p556_ay0p7135\cycle_rows_r.csv
0.7135,0.217877110926218,0.2641727449523338,3.589743253657519,2.785401859606809,0.2536885255925605,0.2410249279392759,0.7165415411228797,0.231,0.0,-1.9003711976236861,C:\Users\anthoni.newland\OneDrive - ZINUS\Desktop\New Results\ew_sweep_ax2p556_ay0p7135\cycle_rows_r.csv
0.7135,0.217786869925601,0.2644455464114614,3.5916450350822964,2.7814968471583184,0.2556211075602008,0.2411162081685312,0.7168130116506168,0.2309999999999999,-2.775557561562892e-17,-1.9003711976236861,C:\Users\anthoni.newland\OneDrive - ZINUS\Desktop\New Results\ew_sweep_ax2p556_ay0p7135\cycle_rows_r.csv
0.7135,0.2186307047509256,0.2635869306754209,3.573922958988066,2.793814804996508,0.2462558850118141,0.2411088177131732,0.7248591269683353,0.2309999999999999,-2.775557561562892e-17,-1.9003711976236861,C:\Users\anthoni.newland\OneDrive - ZINUS\Desktop\New Results\ew_sweep_ax2p556_ay0p7135\cycle_rows_r.csv
0.7135,0.2186845030458548,0.2639422712559304,3.572797734050297,2.788707262545129,0.2477708261842033,0.2413133871508926,0.7278810369751414,0.231,0.0,-1.9003711976236861,C:\Users\anthoni.newland\OneDrive - ZINUS\Desktop\New Results\ew_sweep_ax2p556_ay0p7135\cycle_rows_r.csv
0.7135,0.2191738656431585,0.2625354661634697,3.5625877750777124,2.809009177363268,0.2376553686645239,0.2408546659033141,0.7272671161826245,0.2309999999999999,-2.775557561562892e-17,-1.9003711976236861,C:\Users\anthoni.newland\OneDrive - ZINUS\Desktop\New Results\ew_sweep_ax2p556_ay0p7135\cycle_rows_r.csv
0.7135,0.2196519292960434,0.2613399612137067,3.55265748498032,2.8264335670512533,0.2286802175052567,0.240495945254875,0.727785885254315,0.231,0.0,-1.9003711976236861,C:\Users\anthoni.newland\OneDrive - ZINUS\Desktop\New Results\ew_sweep_ax2p556_ay0p7135\cycle_rows_r.csv
0.7135,0.2164408394617928,0.2659266397812322,3.620200154862755,2.7604355878849223,0.2711408267337574,0.2411837396215125,0.705791147274061,0.231,0.0,-1.9003711976236861,C:\Users\anthoni.newland\OneDrive - ZINUS\Desktop\New Results\ew_sweep_ax2p556_ay0p7135\cycle_rows_r.csv
0.7135,0.2183974059290589,0.2635446909445605,3.5788089640809453,2.794422860183363,0.2474044582713306,0.2409710484368097,0.7208559924120816,0.2309999999999999,-2.775557561562892e-17,-1.9003711976236861,C:\Users\anthoni.newland\OneDrive - ZINUS\Desktop\New Results\ew_sweep_ax2p556_ay0p7135\cycle_rows_r.csv
0.7135,0.2172680295475481,0.264159870331657,3.6026099747968434,2.785586352478459,0.2572001850722245,0.2407139499396025,0.7071565069139806,0.231,2.775557561562892e-17,-1.9003711976236861,C:\Users\anthoni.newland\OneDrive - ZINUS\Desktop\New Results\ew_sweep_ax2p556_ay0p7135\cycle_rows_r.csv
0.7135,0.2197149844877995,0.2619356264962152,3.55135093462653,2.817731911372693,0.2313958014730381,0.2408253054920074,0.7327133133136382,0.2309999999999999,-2.775557561562892e-17,-1.9003711976236861,C:\Users\anthoni.newland\OneDrive - ZINUS\Desktop\New Results\ew_sweep_ax2p556_ay0p7135\cycle_rows_r.csv
0.7135,0.2189548650054865,0.2632582768264838,3.5671513166649294,2.7985510353359566,0.2426655308872138,0.2411065709159852,0.7281217292433282,0.231,2.775557561562892e-17,-1.9003711976236861,C:\Users\anthoni.newland\OneDrive - ZINUS\Desktop\New Results\ew_sweep_ax2p556_ay0p7135\cycle_rows_r.csv
0.7135,0.2153032390142371,0.2674178978710137,3.644611964866325,2.739465488141485,0.2854870789175967,0.2413605684426254,0.6988033438173071,0.231,0.0,-1.9003711976236861,C:\Users\anthoni.newland\OneDrive - ZINUS\Desktop\New Results\ew_sweep_ax2p556_ay0p7135\cycle_rows_r.csv
0.7135,0.2199434889121662,0.2617932950240471,3.546622429906743,2.8198075313890096,0.2293270910566431,0.2408683919681067,0.7358049626735335,0.231,0.0,-1.9003711976236861,C:\Users\anthoni.newland\OneDrive - ZINUS\Desktop\New Results\ew_sweep_ax2p556_ay0p7135\cycle_rows_r.csv
0.7135,0.2183315624550545,0.2639464009359673,3.580189821184734,2.788647984795207,0.2498589365676105,0.2411389816955109,0.7222737607577745,0.2309999999999999,-2.775557561562892e-17,-1.9003711976236861,C:\Users\anthoni.newland\OneDrive - ZINUS\Desktop\New Results\ew_sweep_ax2p556_ay0p7135\cycle_rows_r.csv
0.7135,0.2191691622211753,0.2631290315348159,3.562685689288925,2.8004168303552808,0.2407463934601199,0.2411490968779956,0.7308718619153494,0.231,2.775557561562892e-17,-1.9003711976236861,C:\Users\anthoni.newland\OneDrive - ZINUS\Desktop\New Results\ew_sweep_ax2p556_ay0p7135\cycle_rows_r.csv
0.7135,0.2140079129698567,0.2684021407852389,3.672724415292304,2.72575269733093,0.298189124976242,0.2412050268775478,0.6876123126921553,0.231,0.0,-1.9003711976236861,C:\Users\anthoni.newland\OneDrive - ZINUS\Desktop\New Results\ew_sweep_ax2p556_ay0p7135\cycle_rows_r.csv
0.7135,0.2143646251155919,0.2681308293648836,3.664948796755852,2.7295226452276324,0.2946876256895567,0.2412477272402378,0.6905979301183934,0.2309999999999999,-2.775557561562892e-17,-1.9003711976236861,C:\Users\anthoni.newland\OneDrive - ZINUS\Desktop\New Results\ew_sweep_ax2p556_ay0p7135\cycle_rows_r.csv
0.7135,0.2198580766679845,0.2620684273650059,3.548388738568541,2.8157973093310145,0.2312481665099417,0.2409632520164952,0.7360381245825164,0.231,0.0,-1.9003711976236861,C:\Users\anthoni.newland\OneDrive - ZINUS\Desktop\New Results\ew_sweep_ax2p556_ay0p7135\cycle_rows_r.csv
0.7135,0.219420583789714,0.2625856103912892,3.557457567237036,2.808281796210617,0.2364732873148858,0.2410030970905016,0.7317407836402571,0.231,2.775557561562892e-17,-1.9003711976236861,C:\Users\anthoni.newland\OneDrive - ZINUS\Desktop\New Results\ew_sweep_ax2p556_ay0p7135\cycle_rows_r.csv
