eps0,eps_nu,sum_mnu_eV,m1_eV,m2_eV,m3_eV
0.21479800499241808,0.15819216980388234,0.5053416755817718,0.5006252856418579,1.4574234397132581e-05,0.004701815705516773
0.21479800499241808,0.25632229184474264,5.039583262416976,0.025040712410899738,0.00010091359489927588,5.014441636411177
0.21479800499241808,0.21542526818077973,3.65352274330253,0.0017140585384142965,0.004728403553484281,3.6470802812106315
0.21479800499241808,0.17528456638260434,0.8503966167360202,0.706466827078296,0.14389560629003376,3.418336769049753e-05
0.21479800499241808,0.2215443270714754,5.467022603941909,5.417197615003078,0.04954115648135365,0.0002838324574776721
0.21479800499241808,0.286209856066123,10.826014313397597,10.811582658592977,0.011655095176685741,0.0027765596279343274
0.21479800499241808,0.17817059480939357,0.8657878700507351,0.0008978983618202588,0.002807062820208362,0.8620829088687065
0.21479800499241808,0.20318121311339246,10.037937273100887,0.02482696752037786,0.0012159221199890425,10.01189438346052
0.21479800499241808,0.1966509620290989,1.509420092967293,0.10603964297375984,8.077911242417074e-05,1.403299670881109
0.21479800499241808,0.24289861755624945,0.9613380144949559,0.615376841358002,0.34569010322952104,0.00027106990743282726
0.21479800499241808,0.2073071865925234,4.754293192234885,0.015963244787711606,8.865346457935591e-05,4.738241293982593
0.21479800499241808,0.21758948481396123,0.5715178960110949,0.000490592837139085,0.12528012362035795,0.4457471795535979
0.21479800499241808,0.23571624108829245,2.9846586698203925,0.039099093476415284,0.004900759206736149,2.940658817137241
0.21479800499241808,0.19903700427939303,1.0835101742035413,0.2621425585022458,2.1340630413317562e-05,0.8213462750708821
0.21479800499241808,0.18596578455758164,0.8043381344573816,0.7713983369338228,0.03288053058859646,5.926693496241166e-05
0.21479800499241808,0.22394173839008286,0.2378146056145488,0.19593026422481166,0.001355836690600089,0.04052850469913708
0.21479800499241808,0.25223328231553777,12.668036461919911,0.0038578654660477874,0.013515101174335244,12.650663495279527
0.21479800499241808,0.25930244014576054,6.166481271062095,0.0067012025334877625,0.11417773842277892,6.045602330105828
0.21479800499241808,0.18934009951679848,1.2580124084783681,0.23717894644674262,8.337896564037785e-06,1.0208251241350614
0.21479800499241808,0.2612075017681735,2.499148833881303,2.3298906467287424,0.0004569051723812478,0.16880128198017957
0.21479800499241808,0.17180780915016247,0.32153132828873754,0.31991943130752937,0.0004982704141882531,0.001113626567019909
0.21479800499241808,0.27602894020570323,0.7621895626221079,0.0017779623465034222,0.23075026782062466,0.5296613324549798
0.21479800499241808,0.1594853951549117,1.3150780564310767,1.2182310549236768,6.619152365645731e-06,0.09684038235503442
0.21479800499241808,0.2223021035303729,10.684561503330888,0.010694572897101283,0.0006588474418787395,10.67320808299191
0.21479800499241808,0.2913373960733397,4.768680520711231,4.728364065440364,0.005795224212606417,0.03452123105826019
0.21479800499241808,0.2623232091248956,2.8622033481826987,2.7620946356473977,0.09929165516476635,0.0008170573705348038
0.21479800499241808,0.25791476786772266,0.9067763251588913,0.7618162586364416,0.017675329700296977,0.12728473682215272
0.21479800499241808,0.16586113180491802,5.238312175325303,0.0006907409360372159,8.925342659649277e-05,5.23753218096267
0.21479800499241808,0.193815279621988,10.381176140332808,10.362250368095307,0.01891228784328372,1.3484394218259272e-05
0.21479800499241808,0.2889715797311494,3.919573303908308,3.4908400301835476,0.427865995519222,0.0008672782055385093
0.21479800499241808,0.2425106932818444,3.4636395669125344,0.059039223779580485,0.002745131342409071,3.401855211790545
0.21479800499241808,0.27754910583009845,25.197753269197822,0.02515697662371845,0.02999265864070439,25.142603633933398
0.21479800499241808,0.19234144155892646,12.206449805199062,12.173627085081653,0.013814298960527284,0.01900842115688093
0.21479800499241808,0.23066346411254968,2.5253007040747297,2.4403267789084766,0.0031268865490077092,0.08184703861724585
0.21479800499241808,0.18986294854217056,0.40861926221039935,0.40177636658998844,0.00037293908890042075,0.006469956531510515
0.21479800499241808,0.18222431301233882,3.9265772826823047,3.865500507302467,1.0239935479295659e-05,0.06106653544435867
0.21479800499241808,0.25421432780122455,1.9295348968462531,1.470888092621089,0.0008510157499829968,0.457795788475181
0.21479800499241808,0.20725776376829377,5.375891009619755,0.011491058040842382,4.368836713653525e-05,5.364356263211776
0.21479800499241808,0.21575806003831363,10.438992965539347,0.0005603783687159904,0.005243090693466827,10.433189496477164
0.21479800499241808,0.16698862679658355,7.147043268625155,7.09932014096442,0.04762573421351583,9.739344721881022e-05
0.21479800499241808,0.2463492435366424,0.3376750673009875,0.13430273038098653,0.004857151980906837,0.19851518493909417
0.21479800499241808,0.28621514193024683,0.22575214553802264,0.0034190273537822533,0.06919753485553727,0.1531355833287031
0.21479800499241808,0.24097282284441657,0.3958478815549899,0.33878610841263307,0.0007424634595926972,0.056319309682764086
0.21479800499241808,0.21673711306963026,4.4847527670993195,0.000124036492232338,0.02412394405882818,4.460504786548259
0.21479800499241808,0.2840318764276042,2.124887611253043,1.8538678592721218,0.00976195469411453,0.26125779728680687
0.21479800499241808,0.20445186450252034,0.40674712321604956,0.009783446229639557,0.0017689903903688482,0.3951946865960412
0.21479800499241808,0.21245259562105817,8.96523030813859,8.907333654398052,0.00011642715673598369,0.05778022658380396
0.21479800499241808,0.19284322599739667,0.9334359396816229,0.9281130114646605,0.0052058838591788935,0.00011704435778347387
0.21479800499241808,0.17062571152732647,3.8297597372106913,1.6614674054750304e-06,0.05230584116822301,3.7774522345750627
0.21479800499241808,0.16574262779104793,2.614220794808081,6.2399415978710245e-06,0.002333079608615877,2.611881475257867
0.21479800499241808,0.20372739510565746,0.2131664645291035,0.1557486732480177,0.00038913472353054214,0.05702865655755527
0.21479800499241808,0.259078214029014,6.6527094123109425,0.0019177846914218263,0.3494254927010931,6.301366134918427
0.21479800499241808,0.21569823121376222,0.670660491275324,0.4795798528151489,0.0008462221055536556,0.1902344163546214
0.21479800499241808,0.283851079369148,3.8618389591960955,3.4805872954071813,0.38056336022675924,0.0006883035621554066
0.21479800499241808,0.19573012373342744,0.6580515969058673,0.6483318234846841,0.00235993148857466,0.007359841932608651
0.21479800499241808,0.25672934091497696,1.7491905982844889,0.0014377803184733291,0.0989688645366989,1.6487839534293167
0.21479800499241808,0.19453942550298856,0.6446206395782712,6.073251215518956e-06,0.11623481839598065,0.528379747931075
0.21479800499241808,0.24315185783883145,1.7676922635301968,1.61920197895531e-05,0.23377109650843642,1.5339049750019709
0.21479800499241808,0.19872484684043049,1.0328223776259833,0.9938963177382988,0.0019083766277302502,0.03701768325995421
0.21479800499241808,0.22491711721491223,0.10898616987700627,0.010554093386890968,0.002750775800953157,0.09568130068916214
0.21479800499241808,0.19099409299345615,0.3343380438017965,0.33061769600617447,0.0028010697592161025,0.0009192780364059222
0.21479800499241808,0.23644270716051666,6.51138369196566,6.484142365560765,0.0007258233814264449,0.026515503023469087
0.21479800499241808,0.27708084312965975,4.896175579704013,4.800675337855274,0.09272677656338076,0.002773465285358795
0.21479800499241808,0.2875259812357393,6.5267875891679505,0.004547272831487792,0.05425992119648386,6.467980395139979
0.21479800499241808,0.24565104856327954,9.215000102608945,0.017502828541705092,0.005730435038636104,9.191766839028604
0.21479800499241808,0.16003425051717862,1.3742913703221504,1.3200499931474792,1.0563855600467836e-06,0.054240320789111195
0.21479800499241808,0.2842612276812664,1.8422063110407347,1.67760707597646,0.16429537838618022,0.00030385667809443295
0.21479800499241808,0.1954528581220296,2.3071486521093814,0.23630301522283723,9.686048826781995e-05,2.0707487763982764
0.21479800499241808,0.18125389419083085,0.06678237571663921,0.03857086209463856,3.3488083643348746e-05,0.02817802553835731
0.21479800499241808,0.2265724336242215,1.4177053638038168,1.2311192410684846,0.0003550207043535138,0.18623110203097873
0.21479800499241808,0.17744601265413998,7.539341461420406,7.524892531103633,0.00019689166076763625,0.014252038656005155
0.21479800499241808,0.1610070980150537,1.3211763361295896,0.00014595733959980997,0.026479826967814007,1.2945505518221758
0.21479800499241808,0.18082507958675245,0.11341638823853656,0.10845254549420318,9.874476726207174e-05,0.004865097977071307
0.21479800499241808,0.20376864032176115,0.28346442696609037,0.2797278320808128,0.0027682618366632696,0.0009683330486142929
0.21479800499241808,0.24012733886170667,0.7818800321597364,0.07672939426017852,6.630528095010186e-05,0.7050843326186078
0.21479800499241808,0.2492577600208838,1.131477882495418,0.03157082654776177,0.019347680410818108,1.0805593755368381
0.21479800499241808,0.1710667078270434,0.3408502337109631,0.33535594148007986,0.0050996342872084545,0.00039465794367482077
0.21479800499241808,0.2007964408413703,0.9561849918972372,0.9499817930461757,0.0006621315366950913,0.005541067314366372
0.21479800499241808,0.1990577908914072,0.1776872993853062,0.0029140531481048905,0.002281397994430228,0.17249184824277108
0.21479800499241808,0.1665821176634929,22.317376176076642,22.294689235689592,0.022460816939720258,0.00022612344733141153
0.21479800499241808,0.27935498792438884,8.766645489748175,0.005285092827428614,0.0016879275997738275,8.759672469320973
0.21479800499241808,0.2843391655366889,3.1574280526264884,0.002145338726626181,0.3371732167597977,2.8181094971400644
0.21479800499241808,0.17006601357598278,1.3123162871423784,0.034890400542565585,1.3773082443970757e-05,1.2774121135173688
0.21479800499241808,0.17925377384507454,10.764573783611254,3.1216421497385346e-06,0.0127855848729719,10.751785077096132
0.21479800499241808,0.1636480040401482,12.452190875812223,12.443222324264918,0.008853110402077115,0.00011544114522876999
0.21479800499241808,0.29100770559604927,0.9816899604072084,0.9694994966945655,0.004568485287841195,0.007621978424801704
0.21479800499241808,0.24480051894499388,1.2355360626559386,1.1337384618656432,0.10021308166766925,0.0015845191226261828
0.21479800499241808,0.2560258709898983,0.08533965866780781,0.047243608160040834,0.03733099790603828,0.0007650526017286908
0.21479800499241808,0.235484483016644,13.138642567067922,12.784116728498576,0.00011430336786308421,0.35441153520148466
0.21479800499241808,0.209891530347232,0.677021717834034,0.0441244846224526,0.007082950023109254,0.6258142831884721
0.21479800499241808,0.21967550614019335,2.863771932486758,2.494679785253252,0.36868707083817925,0.00040507639532654763
0.21479800499241808,0.16835472191906917,25.301446764219104,25.29687194378165,0.0037023443287567347,0.0008724761086974977
0.21479800499241808,0.16439684959410902,0.432944938533551,0.4311214868219194,0.00042855127923857296,0.0013949004323929638
0.21479800499241808,0.2461569519827392,1.697201025300527,0.004001006673821308,0.019952789300208433,1.6732472293264973
0.21479800499241808,0.21501330664404963,7.647170415427318,0.05239825252009321,0.0002560179126074216,7.594516144994618
0.21479800499241808,0.1841828626418294,1.488819402561875,1.2198762465763704,2.281350314210084e-05,0.26892034248236246
0.21479800499241808,0.27440306260462377,1.431869285449035,0.011833732503346685,0.00045774810388258825,1.4195778048418057
0.21479800499241808,0.23473948774178485,15.957365598756887,0.016568915054146767,0.0036479650545961006,15.937148718648144
0.21479800499241808,0.18669385902778884,0.31992488935606134,0.3178806209147896,0.0016907608075601612,0.00035350763371162357
0.21479800499241808,0.19960711748953816,5.508544281725654,8.691541001071485e-05,0.1206598135929868,5.387797552722657
0.21479800499241808,0.27249324050748974,1.5324579436202026,0.8021929877933056,0.7202382964308105,0.01002665939608649
0.21479800499241808,0.2721595276563764,2.277089390378379,2.1115925230229413,0.0010254325729548157,0.16447143478248316
0.21479800499241808,0.2864247689412722,15.44488752554735,15.215531311174486,0.004782482127724803,0.2245737322451382
0.21479800499241808,0.2543876917886503,1.3126783667583481,1.2811768540403083,0.009021074883987498,0.022480437834052416
0.21479800499241808,0.18147705036121378,0.33013483899427826,0.26924704831536433,0.0012813632421669113,0.05960642743674697
0.21479800499241808,0.23400871987329283,5.80401638543241,5.778941016325375,0.024449240188283334,0.0006261289187520256
0.21479800499241808,0.22381200468320664,3.40823132094054,0.23350154578763152,0.00027790436582093874,3.1744518707870877
0.21479800499241808,0.20778563891970017,1.7516069759062147,0.09068224892439089,0.0003450289487503354,1.6605796980330736
0.21479800499241808,0.29044809355794676,1.4960610133305718,0.0003798482061257945,0.09412125026251167,1.4015599148619344
0.21479800499241808,0.26714987152607256,2.0809700360942927,1.962165113152334,0.11777364807164507,0.001031274870313248
0.21479800499241808,0.18461909248651057,0.18835728524418754,0.16048355871941097,0.027817223806492077,5.650271828450039e-05
0.21479800499241808,0.21035477085214133,0.8695370917021035,0.6983596272593892,0.0007391662041314977,0.17043829823858275
0.21479800499241808,0.21184757123694653,22.251031644696734,0.0003505998225017654,0.0736603779220793,22.177020666952153
0.21479800499241808,0.16462601390212778,0.7791798229866095,0.009393686865639165,2.0230202185668064e-05,0.7697659059187847
0.21479800499241808,0.18341905408433762,0.5112731063233728,0.5060528486361339,0.003236818518175022,0.001983439169063885
0.21479800499241808,0.26378608729241954,2.9907408084921974,1.9969848720969776,0.0008133091053849266,0.9929426272898345
0.21479800499241808,0.21754022688564117,0.4072872824214575,0.0025989947063326095,0.08408409538368486,0.32060419233144005
0.21479800499241808,0.20848799759934603,0.8986243765799368,0.11375497485277412,2.3276495471733705e-05,0.784846125231691
0.21479800499241808,0.2704494967457977,3.784435341158536,3.774030053388621,0.005469438366529734,0.0049358494033850805
0.21479800499241808,0.2204566350437046,1.5065252739547832,1.3867789793934397,0.11346855280414822,0.006277741757195296
0.21479800499241808,0.26845851201411175,24.114758906099894,24.091018290257463,0.0038973094104478973,0.01984330643198445
0.21479800499241808,0.1644269403761559,1.8546549328441182,1.7976985424939633,0.056561203309421014,0.00039518704073387447
0.21479800499241808,0.20297121465876417,15.00475620830161,14.91448405981425,0.00020514743710509724,0.09006700105025398
0.21479800499241808,0.2630106426450388,0.6405385437510943,0.0026486486852956193,0.06815923274637159,0.5697306623194272
0.21479800499241808,0.182168201319973,0.9758926741585139,0.9753043890836746,0.0005185942266520492,6.969084818727899e-05
0.21479800499241808,0.16164089173509322,2.347755203473918,0.00160838365299391,0.00011367425326796343,2.346033145567656
0.21479800499241808,0.22256486031350267,3.3058010013915364,0.0031159474875567137,0.0013008564670524052,3.3013841974369273
0.21479800499241808,0.17487390123066382,2.7988095287994113,1.0944485761672322e-05,0.0027513184285425847,2.796047265885107
0.21479800499241808,0.22590632915735526,5.130639893952994,0.024516978199968197,0.006476082630232739,5.099646833122793
0.21479800499241808,0.283726653150309,0.47471413354805764,0.0019342988698764587,0.01922322168366429,0.4535566129945169
0.21479800499241808,0.23874127723876765,12.202303742492038,12.188554153821201,0.01189300699563199,0.001856581675205178
0.21479800499241808,0.25842789494585117,20.9072309320301,20.882402479282753,0.0061300036285179965,0.018698449118829567
0.21479800499241808,0.22776648077523845,3.8530166736882836,3.762056098734415,0.09014083700880945,0.0008197379450591657
0.21479800499241808,0.17403632924341447,1.8956996865986508,1.291002053381131,1.3329907649515415e-06,0.604696300226755
0.21479800499241808,0.24250861541568536,13.394864016696829,13.37377884495819,0.01787858557125085,0.0032065861673879746
0.21479800499241808,0.29134546455564914,1.4142564037589636,1.3858124325655379,0.027285403802012782,0.0011585673914129868
0.21479800499241808,0.1971218400437887,0.3289205512961157,0.18087859261646763,0.14694533186834072,0.0010966268113073634
0.21479800499241808,0.25241203370657433,0.36283073565902557,0.050764709979838105,0.034842792841177625,0.27722323283800987
0.21479800499241808,0.17462574942319797,14.13475607172701,0.002009891922184856,0.00022358379071539544,14.132522596014109
0.21479800499241808,0.259354548292044,0.3769998672834031,0.00011525753736114543,0.007763808985090468,0.3691208007609515
0.21479800499241808,0.17831734812395392,1.1956082496082003,0.0030883621674351646,0.0002521557105702922,1.1922677317301948
0.21479800499241808,0.20638655464351766,0.9861338260158387,0.04028050318062277,0.00023119057926263343,0.9456221322559533
0.21479800499241808,0.23052268199358233,1.7921469403785482,0.0006945543317653986,0.004700352101682627,1.7867520339451002
0.21479800499241808,0.24526931507008634,2.748599610530435,0.007030416642885911,0.012894687445929085,2.72867450644162
0.21479800499241808,0.2012045200348717,6.892643331182195,0.0003218685924246236,0.09934381546489797,6.792977647124872
0.21479800499241808,0.28312081500936437,0.3055234017090417,0.24743271375752907,0.057795049598108696,0.00029563835340389564
0.21479800499241808,0.22216054642792724,3.2312237508754693,3.1285518601278817,0.0029803050528612557,0.09969158569472665
0.21479800499241808,0.17669403422045335,1.3970724565034898,0.00015909975439054586,0.06071708875963883,1.3361962679894603
0.21479800499241808,0.1711776571014174,0.5039677348483124,0.001237841525737862,0.00014555217418180458,0.5025843411483927
0.21479800499241808,0.18960514668170647,23.190410096103644,0.00620873790077968,1.2311553860385177e-05,23.184189046649003
0.21479800499241808,0.2491783845779483,0.6642877049926503,0.0009073650466750702,0.08865613189404317,0.5747242080519321
0.21479800499241808,0.19636296446433718,10.240706349182553,10.236772282147996,0.0005219659309099128,0.00341210110364642
0.21479800499241808,0.22698954074456865,0.4391036259352168,0.04429635480102988,0.009040983006824732,0.3857662881273622
0.21479800499241808,0.20343516533321876,2.2580599577294596,2.204685787497084,2.8279173667509184e-05,0.05334589105870769
0.21479800499241808,0.18338526113864717,0.5476090279701017,0.059083043515606525,0.0005159845877434681,0.4880099998667517
0.21479800499241808,0.19730155719272324,5.02522952434802,0.0005632230362766341,0.002557730747807196,5.022108570563936
0.21479800499241808,0.17002578938187857,2.175585739490161,0.030048739799275026,1.0760356863872297e-05,2.145526239334022
0.21479800499241808,0.25280510670641493,1.5458048796270105,0.05580407085627814,0.00921642128064194,1.4807843874900903
0.21479800499241808,0.2530651357627597,1.8639734952396743,0.031148105492932367,0.2653178347104281,1.5675075550363138
0.21479800499241808,0.16684550883784993,4.820198696282547,2.0664224140300877e-05,0.00011939697064896167,4.820058635087758
0.21479800499241808,0.1784946405272052,2.2939073499719425,0.002366367330418791,0.00016476041829848733,2.2913762222232252
0.21479800499241808,0.2444333427504581,10.344015095503105,0.1630085321006927,0.0003663809254662902,10.180640182476946
0.21479800499241808,0.2242129281909777,1.0977122768932448,1.014380093819163,0.08079784631037475,0.002534336763707225
0.21479800499241808,0.17066831977293553,4.038219912680191,0.0020976989306270713,0.0004041416674305681,4.035718072082133
0.21479800499241808,0.18801885866065385,13.582982324602568,0.002116465314769203,0.0007882386365393263,13.58007762065126
0.21479800499241808,0.16909623916765057,0.8607550709532832,5.056442040435238e-06,0.2203847981270102,0.6403652163842326
0.21479800499241808,0.2150423835654455,1.6936109085446949,1.6435881899100235,0.00035354294241720036,0.0496691756922541
0.21479800499241808,0.1678370519169603,0.33970149960388174,0.17808860879325078,0.1616127657628322,1.2504779880322915e-07
0.21479800499241808,0.26332628216701615,3.1776966719609394,0.04183244531274621,0.007943061308469368,3.127921165339724
0.21479800499241808,0.19663178221614408,12.294699393201437,12.260804601659517,8.460904028852907e-05,0.033810182501633236
0.21479800499241808,0.2668941006732917,8.38152236032796,8.275070294863884,0.0010310102687288345,0.10542105519534627
0.21479800499241808,0.21712087606015934,2.3745441468485953,0.01887887471320237,3.368322667674026e-05,2.3556315889087163
0.21479800499241808,0.2802854088085417,4.0824278290011895,0.0027173397065383565,0.0014523498702287245,4.078258139424422
0.21479800499241808,0.2631738690318837,0.9097148308300613,0.023007411163094342,0.25972629931249785,0.6269811203544691
0.21479800499241808,0.18026241882403815,0.4082620563441644,0.3882906537755458,0.0034013883023914383,0.01657001426622718
0.21479800499241808,0.17832151650874456,11.69977379526106,11.693024885265022,0.006641653884495499,0.00010725611154198429
0.21479800499241808,0.23534493764960424,3.3089460159650055,3.17211580621778,0.0007829423569641427,0.13604726739026168
0.21479800499241808,0.26528104668489144,6.892611336254814,6.818303093300377,0.052612025601002727,0.021696217353433325
0.21479800499241808,0.22009377498729873,1.6362904970284782,1.2481628599516503,0.3873700485281637,0.0007575885486640766
0.21479800499241808,0.26578369735967483,14.588298214500353,0.00304739416325008,0.17864465112024494,14.40660616921686
0.21479800499241808,0.1834661977832841,0.10892344963375378,0.05695905374139598,0.008529785046279638,0.043434610846078164
0.21479800499241808,0.18776737754052605,0.6796004566445204,0.2809440794536548,0.0009512357293642547,0.3977051414615014
0.21479800499241808,0.19316899331708048,2.5903268650711695,0.0005698368275070684,0.0024875519434364697,2.587269476300226
0.21479800499241808,0.26130354139835554,8.10731141267077,0.3224308794076008,0.014204518799519126,7.77067601446365
0.21479800499241808,0.17961741813073617,0.38418740928900175,4.7440252837706575e-05,0.003555525482298708,0.38058444355386534
0.21479800499241808,0.24117361890452702,0.12547857091419254,0.011250581651748411,0.013313559362426789,0.10091442990001734
0.21479800499241808,0.20651621083035193,18.12674774104411,18.122149302721045,0.004500513261069857,9.792506199314732e-05
0.21479800499241808,0.26586415914245987,9.160932680137494,0.09535560811371079,0.0029804541802332506,9.06259661784355
0.21479800499241808,0.2527407034599102,7.301924778527807,0.065278412389058,0.0014125068297960231,7.235233859308953
0.21479800499241808,0.21422919607989122,1.5925764289524218,0.0006043533209651544,0.02422259696470519,1.5677494786667514
0.21479800499241808,0.2798088377964774,3.2210991607231128,0.008509981417017063,0.009060228513488238,3.2035289507926072
0.21479800499241808,0.2852530067534988,2.8231786205011873,2.4605388686504734,0.3564042364469539,0.006235515403759932
0.21479800499241808,0.19284435342381182,13.999386759640968,13.999285466180416,1.7568221695036097e-05,8.372523885707014e-05
0.21479800499241808,0.2605182750248762,1.7276644447776948,1.2553913786211508,0.0011972331800663436,0.47107583297647765
0.21479800499241808,0.27661019102279777,0.9647954471937297,0.8099160316179607,0.1540260479982605,0.0008533675775085582
0.21479800499241808,0.1800777206486207,3.865601033304206,3.720829513890435,1.5422332773787065e-05,0.1447560970809972
0.21479800499241808,0.24665646509477238,2.2435570151093542,0.3637415249420048,0.004018130051574835,1.8757973601157745
0.21479800499241808,0.2538479304720557,4.796073870947377,4.7017994391951135,0.06347944061398356,0.03079499113828038
0.21479800499241808,0.17868594711106417,8.074831133589747,0.000407152818248418,0.0016851915591511103,8.072738789212348
0.21479800499241808,0.26174865079748766,1.2474128767234967,1.1744963021127475,0.062154153167086196,0.010762421443663019
0.21479800499241808,0.2721712247258246,0.6848663383883552,0.6329127030759136,0.03005290715547621,0.02190072815696531
0.21479800499241808,0.16203015199376436,3.414048621167517,0.00023729933706800638,0.0009366151631183023,3.412874706667331
0.21479800499241808,0.18840762986702567,4.5603347414406725,0.006394833651284493,0.00014011730912720752,4.5537997904802605
0.21479800499241808,0.19906664259655482,2.1500548279948917,0.0004083348231706616,0.06106206422280072,2.0885844289489204
0.21479800499241808,0.17172031550353317,5.974411031280875,0.027659597946241885,0.0003708679010608338,5.946380565433572
0.21479800499241808,0.25413138931736207,3.4962889400113655,2.37116081035098,0.0003223641473191632,1.1248057655130665
0.21479800499241808,0.2554045873250119,1.5570888906128006,0.05159352041288705,0.0005085627215648418,1.5049868074783488
0.21479800499241808,0.19400463709460947,11.629930503350083,0.00021514510509696027,0.009515267962539363,11.620200090282447
0.21479800499241808,0.25234226045205393,11.080096848444999,0.09046837115804814,0.001472465248754854,10.988156012038196
0.21479800499241808,0.19341195292443827,3.4021919734797192,3.394849137642809,0.006335117717659924,0.0010077181192501288
0.21479800499241808,0.273357601858026,7.978456410779779,7.894490521826633,0.017352107784984156,0.06661378116816158
0.21479800499241808,0.23862148700450939,0.46870270209736864,0.0008047446675942493,0.13212552849550052,0.3357724289342739
0.21479800499241808,0.1664644593978157,2.0474563862061466,0.005698867622024748,2.4004719486860605e-05,2.041733513864635
0.21479800499241808,0.23226737897891608,0.35168867627314726,0.2878779946084031,6.847331195506434e-05,0.06374220835278911
0.21479800499241808,0.27674594863072055,0.7521489935824792,0.7088949672423106,0.0011415614758050925,0.0421124648643635
0.21479800499241808,0.21630658074377765,0.7257168091987324,0.07343802873825399,0.0004334912671778947,0.6518452891933005
0.21479800499241808,0.22682943926959084,0.3970221570526172,0.2214643032276031,0.17293288744560298,0.0026249663794110723
0.21479800499241808,0.1624756541105828,1.09057418322317,3.603169704500748e-05,0.0005988108024349609,1.08993934072369
0.21479800499241808,0.2163913767041347,3.8002887041011837,3.7951600878606,0.00023826889720559015,0.004890347343377855
0.21479800499241808,0.23953491209268615,5.910104544607326,0.017220777425628664,0.0032142576854347184,5.889669509496263
0.21479800499241808,0.1617643434296232,0.14547635590529498,1.0225704981787904e-05,0.006838269462665852,0.13862786073764735
0.21479800499241808,0.1944105322512211,0.0660884912501037,0.04990280363016661,0.011876160775387836,0.004309526844549257
0.21479800499241808,0.20243303276127922,1.890238395914262,0.0010201915896347938,0.1406559702102667,1.7485622341143605
0.21479800499241808,0.17603747024949867,10.219429806371686,2.0130327402829677e-06,0.026396445678092663,10.193031347660853
0.21479800499241808,0.20908226457963006,14.129935044791996,14.067967973673442,0.061703590411666925,0.0002634807068868205
0.21479800499241808,0.1899131655277682,5.831804776888702,5.818278280498215,0.001664672139058361,0.011861824251428744
0.21479800499241808,0.16410466255379594,0.23705424238737055,1.8963173733615494e-05,0.07578142206342035,0.16125385715021656
0.21479800499241808,0.21491492186908784,0.8321861708776109,0.828308993757132,0.0007746044713698799,0.003102572649109081
0.21479800499241808,0.1988694134293354,1.7021320345514424,1.6383386099556856,0.0005346846667334217,0.06325873992902346
0.21479800499241808,0.16303816853953643,5.755079997155265,5.747436582165464,0.007511008831132771,0.0001324061586685206
0.21479800499241808,0.25434394581949754,4.810339182830755,0.06964457286194076,4.951737726273633e-05,4.740645092591551
0.21479800499241808,0.24610430423922908,3.785987649624676,3.756518066318239,0.029416391140293933,5.3192166142693544e-05
0.21479800499241808,0.21036644540236688,1.263495334508117,7.021125929783296e-05,0.01791586746114571,1.2455092557876735
0.21479800499241808,0.22551091532389173,0.8120089010448033,0.18690029374447598,0.0031367279986715645,0.6219718793016558
0.21479800499241808,0.26182388956104413,2.5546923079118056,1.9072631463688496,0.0003153957065930138,0.6471137658363628
0.21479800499241808,0.19783013657037207,3.8201957565517324,3.7827778548442015,0.03722174496547079,0.0001961567420602358
0.21479800499241808,0.24246729273248302,0.6525243124372653,0.5759309110476986,0.07583294400777568,0.0007604573817910325
0.21479800499241808,0.17743240007735833,15.486098571715168,15.484381704353709,0.00011350106135221517,0.0016033663001085699
0.21479800499241808,0.17587347150601698,1.3608093436052429,1.3397885286271796,0.020929571822659483,9.124315540380481e-05
0.21479800499241808,0.24988160897667175,5.051790603566923,5.043309306344279,0.0003549421394646786,0.008126355083180034
0.21479800499241808,0.2800711541789151,2.7164446464762646,2.6590438738938285,0.002617012044221676,0.054783760538214724
0.21479800499241808,0.18916847075859414,0.7460670413511277,2.9664765590142726e-06,0.014884134431054977,0.7311799404435136
0.21479800499241808,0.17343830695052445,0.2502551944735297,0.17909185223044488,0.07115703506479959,6.307178285227478e-06
0.21479800499241808,0.1592120165086618,4.1209490287042,4.103717042030335,4.2903627038946935e-05,0.017189083046826207
0.21479800499241808,0.20829946192278964,0.3810227310709764,0.002959840801970682,0.021933506566881904,0.3561293837021238
0.21479800499241808,0.26860428137293363,0.9702966024220671,0.9132012432641249,0.009939026028829206,0.0471563331291129
0.21479800499241808,0.22759824248911006,1.0796993794683394,1.0192317196727776,0.055399704590633626,0.005067955204928171
0.21479800499241808,0.19965185543926597,0.2898341448005721,0.2732484047064488,0.007920715929730458,0.008665024164392866
0.21479800499241808,0.2436596379926959,0.12707182183003793,0.07606555865805052,0.0460147335156033,0.004991529656384095
0.21479800499241808,0.27704884458778917,1.5575260227512127,0.0008725028596822431,0.27511443352804094,1.2815390863634895
0.21479800499241808,0.2611061205412255,5.475231712532092,5.2993500113206675,0.17278144251429858,0.00310025869712567
0.21479800499241808,0.2685902555398059,1.5344985818235284,0.3573163348454227,0.0012553189654398616,1.1759269280126659
0.21479800499241808,0.2661581791354468,7.58348285970158,7.5136564370351,0.008595466973418682,0.061230955693061286
0.21479800499241808,0.17622561505501178,0.9605722929421494,0.9535921582712702,0.002650270200789171,0.004329864470090117
0.21479800499241808,0.24783635723376699,0.6296014024961124,0.02270828890453957,0.004964986413775,0.6019281271777979
0.21479800499241808,0.22664276657835403,3.7657299168519214,0.03759351955011672,0.00047108843425822865,3.727665308867546
0.21479800499241808,0.15897370681307574,6.315349509053647,6.30555184785688,0.00012899413559607693,0.009668667061170592
0.21479800499241808,0.18527927017089127,3.8950498914680116,3.8846960888794224,0.01034353208907542,1.0270499513864172e-05
0.21479800499241808,0.22106626230031917,1.1102371853770596,1.1041492498510066,0.005604039580414173,0.00048389594563879977
0.21479800499241808,0.21914008534388352,1.7034545841568125,0.19929832402945732,0.0007286541586093754,1.503427605968746
0.21479800499241808,0.27591295334574234,0.6552331838502943,0.008920815747339874,0.06964381726368908,0.5766685508392653
0.21479800499241808,0.17204349408972305,0.3605878260671258,0.01466176223785942,0.001725336316352958,0.3442007275129134
0.21479800499241808,0.2811596936675346,5.028107347256039,0.0006197065315396009,0.25668204175282305,4.770805598971677
0.21479800499241808,0.20472822609415947,0.3634924353881705,0.00027342873219113567,0.11437370626394205,0.2488453003920373
0.21479800499241808,0.192081273115798,1.077823915790825,0.005803258397456443,0.0008750117160743723,1.071145645677294
0.21479800499241808,0.2520518538049183,14.64913851750061,14.602873054296607,0.0010932407356811994,0.04517222246832221
0.21479800499241808,0.2189360441998274,4.372044183102683,4.267409474912817,0.00041645185898060315,0.10421825633088456
0.21479800499241808,0.2521439693209578,0.5131493311533446,0.3659984015048294,0.00650886438179212,0.14064206526672307
0.21479800499241808,0.21661882497234172,0.2659108138514588,0.257267306925761,0.008071659437590271,0.0005718474881075902
0.21479800499241808,0.24161056065778252,0.4009700118594385,0.3462246193390897,0.0020344896080859774,0.05271090291226275
0.21479800499241808,0.19265105720252787,0.5177299405908311,0.0003877933024526979,0.15345501957998348,0.3638871277083949
0.21479800499241808,0.18990517438785648,0.798944409731199,0.7912694008925595,0.00633090040926784,0.0013441084293715614
0.21479800499241808,0.27939402810153735,14.551480076523225,14.491138843241405,0.05704967538403754,0.0032915578977820844
0.21479800499241808,0.2633960956645573,1.290469503443692,0.017574791198521306,0.04811928370407256,1.224775428541098
0.21479800499241808,0.21096004825136824,4.391331753504012,4.3815898751260445,0.0002327465956400601,0.009509131782327334
0.21479800499241808,0.20294996950813293,1.3003653580286438,1.294517731777041,0.0057521712712835255,9.545498031905014e-05
0.21479800499241808,0.26108010453624697,12.925769717275045,0.19776168842870673,0.0007115816089449757,12.727296447237393
0.21479800499241808,0.193041035478495,0.20577791153749642,0.16950952233986782,0.03606126535655572,0.00020712384107289335
0.21479800499241808,0.2621327902707321,2.8365048953365752,0.002055458111354474,0.0699039980886242,2.7645454391365964
0.21479800499241808,0.23836056149736817,0.03472368938797167,0.0016836459672997608,0.008267923503079136,0.024772119917592775
0.21479800499241808,0.17387748007465761,0.2456937046958191,0.0715324368788374,3.490859692925553e-05,0.17412635922005246
0.21479800499241808,0.1647843309030301,2.204679402909136,2.203609978781311,3.6958006952161056e-05,0.0010324661208728943
0.21479800499241808,0.26204042091130375,2.8030845449337187,2.7070451737392105,0.0165253859479379,0.0795139852465705
0.21479800499241808,0.23076424382921104,0.675125779619015,0.0025831881617931103,0.010589895380687827,0.6619526960765341
0.21479800499241808,0.19056733247031735,16.056621203019986,16.029977497369213,7.36374984027374e-05,0.026570068152371243
0.21479800499241808,0.23177063085169552,8.609707521662427,0.00021179888270733186,0.002168018821605517,8.607327703958115
0.21479800499241808,0.2855421397373264,8.670471530068744,8.484216844576304,0.023238201646838635,0.16301648384560025
0.21479800499241808,0.2362916644110741,0.9800313791354742,0.9341039470519952,2.7446122962426683e-05,0.045899985960516615
0.21479800499241808,0.16539985566192564,0.14386431230507404,0.10785110417304009,0.036007425386363624,5.7827456703488255e-06
0.21479800499241808,0.15955726071007453,0.6501529586095485,1.2720052965322995e-05,0.007924975310949024,0.6422152632456342
0.21479800499241808,0.16154927511714942,2.589673025968551,2.486694065672878e-05,0.004484263449712726,2.585163895578182
0.21479800499241808,0.17845176190361609,17.22345764033805,0.0005050420109540785,0.004605001613306315,17.21834759671379
0.21479800499241808,0.21167710944522095,4.604442774223611,4.603278624865218,0.0003598551719452322,0.0008042941864477389
0.21479800499241808,0.20935136388201517,1.1760077226242802,1.1732230052952892,0.0005449974665314113,0.0022397198624596023
0.21479800499241808,0.25875406701759185,1.221446636374389,0.7887666290545646,0.005533924550028593,0.4271460827697958
0.21479800499241808,0.18775865496744393,2.3703295494059478,0.009660316793484799,8.96406885132569e-05,2.36057959192395
0.21479800499241808,0.24932586599727782,1.1385563277403432,1.0991240685446142,0.0016975565039703642,0.03773470269175869
0.21479800499241808,0.23554198435986226,3.631488441823028,0.02441745976189848,0.018593190330399013,3.5884777917307304
0.21479800499241808,0.24852560887237987,4.4036118940507265,4.378512183063081,0.01435554126811307,0.010744169719532265
0.21479800499241808,0.2824833992237675,1.108713540182851,0.001978174790383843,0.0059257275687815076,1.1008096378236856
0.21479800499241808,0.16407802441905567,1.6999458975848027,1.6862923653937865,5.427472047551674e-05,0.013599257470540853
0.21479800499241808,0.2008422943605878,2.42489171132801,0.012189084704538453,0.000518227145404556,2.412184399478067
0.21479800499241808,0.204748793784441,1.0834369246990567,1.073358264043671,0.00564692786010118,0.0044317327952844805
0.21479800499241808,0.23689036923597465,0.9137757162638429,0.07275419121886251,0.0008752383290867871,0.8401462867158936
0.21479800499241808,0.16901489405155812,0.7229541550846039,0.014263264835679251,0.00021983641635604342,0.7084710538325686
0.21479800499241808,0.2465034610779152,0.34916262652338226,0.00020911814442171,0.1726597279131161,0.17629378046584446
0.21479800499241808,0.21929158048016173,0.8087413460090896,0.005892317651064216,0.09413615615055142,0.708712872207474
0.21479800499241808,0.1799758466578488,1.6503463468095638,1.6441842151959005,0.00014934679318230935,0.006012784820480897
0.21479800499241808,0.2608642589043235,1.017296355234053,0.9858470225394604,0.0038208235360271915,0.027628509158565323
0.21479800499241808,0.2015052055090381,1.170169389719547,1.108061480814975,0.0021411544594198712,0.059966754445152405
0.21479800499241808,0.21717665473930028,2.60008223704532,1.8711603971899786,7.521269159237602e-06,0.7289143185861819
0.21479800499241808,0.18149792020410638,0.14284878979349697,0.12243339925326416,5.195626373940473e-07,0.020414870977595395
0.21479800499241808,0.16647803113853957,16.568173277964352,0.045386118808603375,1.381504364586792e-05,16.522773344112103
0.21479800499241808,0.277710528242446,3.3829969791302985,0.02075323154170162,0.0196762194200563,3.3425675281685407
0.21479800499241808,0.16726362979644002,5.4074542530203,5.359710086280448,2.325750641260981e-05,0.04772090923343965
0.21479800499241808,0.28120645161948965,1.646437932218868,0.3098527178720271,0.047355923856452216,1.2892292904903886
0.21479800499241808,0.17418932006127824,4.241817473980497,0.00523590180847173,0.0016900345583905053,4.234891537613635
0.21479800499241808,0.2790773236981945,4.948038955794736,0.0021628103643710314,0.2432120371788814,4.702664108251484
0.21479800499241808,0.1698199410017694,0.9461851233493379,0.9391968251006179,1.2815895857174714e-07,0.006988170089761514
0.21479800499241808,0.1588000547158855,1.8839184034051044,8.487643198349755e-05,0.014794543224926076,1.8690389837481949
0.21479800499241808,0.16693304355987099,0.3637271768033727,0.0001528946652262555,0.08674094468921076,0.2768333374489357
0.21479800499241808,0.2640314288585938,2.571136430032163,2.2288135966764147,0.3420289309975357,0.0002939023582128062
0.21479800499241808,0.23098217248862205,10.020451291880367,10.013827131361838,0.004331827083299752,0.002292333435228317
0.21479800499241808,0.17037839480827183,15.765167953751009,15.753332525909075,0.01181987064096424,1.5557200969004134e-05
0.21479800499241808,0.2009760453070423,5.514590972878017,5.505915779010438,1.3035533293061451e-05,0.008662158334286655
0.21479800499241808,0.22059803080442736,2.6721715562386943,0.004785907131908958,0.011753634764010973,2.6556320143427743
0.21479800499241808,0.23137920259997452,5.896984127210594,0.05457565068884583,4.413337607092507e-05,5.842364343145677
0.21479800499241808,0.16362367075678225,0.4057537585951227,0.0001881756432459452,0.1870706608421222,0.21849492210975455
0.21479800499241808,0.2659330170187237,16.446820734498694,16.40679549576801,0.0002754039356250775,0.03974983479505857
0.21479800499241808,0.1639352879134993,2.1772069688829663,2.149693989305799,0.0001437182829397853,0.02736926129422734
0.21479800499241808,0.16493660677513597,2.539995628996313,2.5351913041162004,0.004673002129706904,0.00013132275040560898
0.21479800499241808,0.1868151610570371,0.3296942741909852,0.280361356622111,0.049306353125700156,2.656444317404669e-05
0.21479800499241808,0.24121001538210637,7.069241652466986,7.06088641900103,0.0021754021948198555,0.0061798312711362985
0.21479800499241808,0.1872153285508488,0.696329456434292,0.6307920408124883,0.00020067860490554038,0.06533673701689809
0.21479800499241808,0.2587520891207318,6.382132983450538,0.00024822714533401203,0.08271134720222383,6.2991734091029805
0.21479800499241808,0.1997456573114358,0.8330484140289361,2.1664830590734525e-05,0.27607182750949144,0.556954921688854
0.21479800499241808,0.2287542570866119,0.7834677396448296,0.7480101531423675,0.0024889696138282627,0.032968616888633805
0.21479800499241808,0.2582867485763947,10.306951843170156,10.27836140661896,0.0026946887208537007,0.025895747830341705
0.21479800499241808,0.1873168348582746,0.27580756651692395,0.18880032791168533,0.009657513120674956,0.07734972548456368
0.21479800499241808,0.21385382246437637,0.3583033671993921,0.3545673171860914,0.002412738302375056,0.0013233117109256623
0.21479800499241808,0.2854280869061689,5.293151908295743,5.040025271697959,0.007074255839106096,0.2460523807586772
0.21479800499241808,0.1718177652679167,1.513169539654835,0.6436579055648307,2.7327029720179755e-05,0.869484307060284
0.21479800499241808,0.19324488693545508,0.869703335823843,0.8073366908380454,0.0616277006205514,0.00073894436524615
0.21479800499241808,0.22055076427505071,2.4977726296482934,2.770591463689311e-05,0.10210982451439768,2.395635099219259
0.21479800499241808,0.18893825430981467,0.5361788691036797,0.0703696255152731,0.010906714044591733,0.4549025295438149
0.21479800499241808,0.25223929269545686,0.5877333521529365,0.00046910360296991386,0.2561798428591524,0.3310844056908142
0.21479800499241808,0.18279553360277964,0.4508518018573429,0.046817505289631564,0.0002004300481249305,0.4038338665195864
0.21479800499241808,0.20504032020429588,3.4543018810612627,0.002905790397203228,0.0030359346836611907,3.4483601559803985
0.21479800499241808,0.2123413748516103,2.3537315021573537,0.0008510766148884234,0.7780453672462413,1.574835058296224
0.21479800499241808,0.17672963118591203,10.74688425382154,10.694712047342602,0.05211800981334048,5.419666559590919e-05
0.21479800499241808,0.2425071465950019,0.4492011570889414,0.25509026537920354,0.004970688173726464,0.1891402035360114
0.21479800499241808,0.15941178716349835,0.17790584452725677,0.16584927298581115,2.1780954513063934e-05,0.012034790586932565
0.21479800499241808,0.2587860105583827,6.053575772721707,0.00012189697250236268,0.0029920479666079897,6.0504618277825974
0.21479800499241808,0.20003155536464012,1.5010331573211173,1.4991161122506518,0.0013638128080250657,0.0005532322624404578
0.21479800499241808,0.23196945925842075,0.18105673743393425,0.08972070265033104,0.0011474992628935632,0.09018853552070963
0.21479800499241808,0.2364040353655132,16.771592486510738,0.14261682182245042,0.00044428513269638274,16.62853137955559
0.21479800499241808,0.28476907545143304,21.230400563578407,21.14799300506153,0.014550394626881949,0.06785716388999612
0.21479800499241808,0.1899288199922067,3.41844345406489,3.3514770884524308,0.06683775391236597,0.0001286117000933708
0.21479800499241808,0.17385889396829324,10.772359948274907,0.0008447175636281842,2.1953122471830445e-05,10.771493277588807
0.21479800499241808,0.1991551442148046,7.062413018133666,6.8988918204396015,0.0003839826613641367,0.16313721503270104
0.21479800499241808,0.1958145262570352,0.04938100059304548,0.04073385874018979,0.008100480958652727,0.0005466608942029651
0.21479800499241808,0.2061712560079602,1.453441735749538,0.15595122181545226,0.0007355919955847856,1.2967549219385008
0.21479800499241808,0.2757740821239634,0.621865257678545,0.5315849233421118,0.06857660599808653,0.021703728338346533
0.21479800499241808,0.2502944903852721,0.3395384373162515,0.25820053797661835,0.07498884565646267,0.0063490536831704355
0.21479800499241808,0.21458331240222028,9.70134321447868,3.1585014689585814e-05,0.14421878692407591,9.557092842539914
0.21479800499241808,0.22296026500528038,1.5384986342384623,0.13195190448131328,0.0018075639567158288,1.4047391658004333
0.21479800499241808,0.17771567875234334,2.3488130200107946,2.343146525970433,0.005596834499299892,6.965954106144149e-05
0.21479800499241808,0.27116711252917963,2.0848253538270245,0.17891825051890217,0.003569469251323992,1.9023376340567983
0.21479800499241808,0.20292618376591398,1.1861488557930158,1.1412585951722247,0.03859511375789956,0.006295146862891469
0.21479800499241808,0.209263594673217,3.7018381312195743,0.0008245083763504135,0.5678723691477852,3.1331412536954386
0.21479800499241808,0.22099538448408088,15.402200117031862,15.348697374379215,0.001897514837757582,0.051605227814889215
0.21479800499241808,0.18068857299530933,0.09432291908307493,3.400229753776899e-05,0.019254896059842073,0.07503402072569508
0.21479800499241808,0.2088423964516804,7.294967700459326,0.01653268108518991,0.0016140998727437162,7.276820919501392
0.21479800499241808,0.16527830370959845,0.21317669726009347,0.19805145734348278,0.014963313788968143,0.00016192612764254582
0.21479800499241808,0.26957064265341896,0.41099892439437014,0.26991440418193224,0.0162683347708757,0.12481618544156223
0.21479800499241808,0.17218392223410717,6.3990205754416145,0.10776481076327701,0.00011259728943314381,6.2911431673889044
0.21479800499241808,0.15850056483926783,0.5250248072466863,0.0016365997850873964,9.494052446845672e-05,0.5232932669371305
0.21479800499241808,0.2885905539781052,4.583129295998286,3.691264614951179,0.8714147116700827,0.020449969377024393
0.21479800499241808,0.2918750350221451,1.4146972628190388,1.2551355890384177,0.0030375986750985546,0.15652407510552252
0.21479800499241808,0.20869117383019514,0.7570199379444661,0.2565171534255253,0.0024309342089545464,0.49807185030998624
0.21479800499241808,0.18847684354150754,0.5176244447198042,0.4002772956678299,0.11470120270615541,0.0026459463458188013
0.21479800499241808,0.25882523550316383,5.702013334720034,0.062091311230952045,0.001132712540010783,5.638789310949071
0.21479800499241808,0.19543767702843126,0.8591678257442121,0.05410952709334941,0.0002091447927183523,0.8048491538581444
0.21479800499241808,0.17801274944600085,5.676777091292704,5.584802044243417,7.104444985537537e-05,0.09190400259943116
0.21479800499241808,0.16433436127765275,11.714688099729187,11.706922300786443,0.007705900243158209,5.989869958624976e-05
0.21479800499241808,0.232956857317928,1.7710986776773654,1.7370854937701137,0.003575907909469597,0.03043727599778227
0.21479800499241808,0.23433594376226485,0.5134577815837449,0.422116403598185,0.09105407640424679,0.0002873015813132131
0.21479800499241808,0.23583477130322703,0.3945524651006465,0.001055097562045544,0.06284758851846303,0.3306497790201379
0.21479800499241808,0.195185260195997,15.792439317220419,15.768254236200756,0.00024222292736663788,0.023942858092295242
0.21479800499241808,0.28870488200257316,4.523372634025241,0.20053988053167918,0.0018069801030931836,4.321025773390469
0.21479800499241808,0.23808872699277786,6.016315205660159,0.014944663652680974,0.0006936495812069034,6.000676892426271
0.21479800499241808,0.23986923852507086,12.189376157999513,0.015328350993320606,0.031195159125204625,12.142852647880988
0.21479800499241808,0.1943668333817127,12.424055099499471,0.001489312728750538,0.01396926854893596,12.408596518221785
0.21479800499241808,0.18531719971765814,3.17120784780935,6.994727756272369e-06,0.023451377676058482,3.1477494754055355
0.21479800499241808,0.2735093415906976,19.36336415555259,19.352746572996217,0.007859530330011957,0.0027580522263600804
0.21479800499241808,0.22809109023545693,0.4509416009355874,0.4457058378570072,0.003111946500625319,0.002123816577954888
0.21479800499241808,0.16014025085878447,3.3809353208102624,0.00017055719556659867,4.5969156057055895e-05,3.3807187944586388
0.21479800499241808,0.2456061299587425,0.7978615856197286,0.7735754270104671,0.0003308534135240023,0.02395530519573753
0.21479800499241808,0.19502162215396324,2.173853454332898,2.167051550061374,0.0009918142595750099,0.005810090011949006
0.21479800499241808,0.2604837152112834,4.615068166111755,0.006475503892967381,0.006002145962389494,4.602590516256399
0.21479800499241808,0.18535277557397473,2.0756793242156917,0.07656803389926868,6.836789844557546e-05,1.9990429224179775
0.21479800499241808,0.1859789978000739,2.0303387092291083,0.0011816855109373125,0.20317958930104718,1.825977434417124
0.21479800499241808,0.17949704854794332,0.7200275751273622,0.6916313793054867,0.02838124726430816,1.4948557567370078e-05
0.21479800499241808,0.1696352374246414,0.3770960291894908,0.0002464722750668158,0.004238973486846316,0.3726105834275777
0.21479800499241808,0.2125785789494141,0.5459979802586749,0.4936280499188881,0.048942433843779276,0.0034274964960074677
0.21479800499241808,0.2830017223679593,6.503030560511728,5.3458278658845595,0.0047109693301812874,1.1524917252969862
0.21479800499241808,0.2602833439496397,0.3064775540568171,0.16291682969013715,0.14189697308244734,0.0016637512842325797
0.21479800499241808,0.2642164683162687,2.2968327589424793,2.2091426213332306,0.00014478705070890835,0.0875453505585398
0.21479800499241808,0.1632865857995395,0.9496534310468343,0.9439202622938253,0.005728115920795169,5.052832213863458e-06
0.21479800499241808,0.161508729044137,9.450564173514431,9.434310862533454,2.176746982090546e-06,0.016251134233995265
0.21479800499241808,0.21026770669010286,3.2845641926613087,2.7625541482323785,0.521657694724463,0.00035234970446729094
0.21479800499241808,0.2380975072673009,2.107513093546211,1.783460219293286,0.32333009238045035,0.000722781872474867
0.21479800499241808,0.248480815562669,9.739256461530307,0.002011031116789225,0.04101779659340285,9.696227633820115
0.21479800499241808,0.16055305990981647,24.211025359982823,24.207512569392485,1.2831190451674088e-05,0.003499959399885844
0.21479800499241808,0.21065788081209624,1.5746793117117284,0.21047767352476487,0.00014382812135125972,1.3640578100656122
0.21479800499241808,0.2304651962438338,0.5391135258352855,0.23019239836777455,5.4065895060042086e-05,0.3088670615724509
0.21479800499241808,0.17625224945862414,2.6083994815323015,0.000600198958420113,0.00026361788488750486,2.607535664688994
0.21479800499241808,0.17227604455971163,1.481194046182642,1.4793449526776874,7.841034855511813e-05,0.0017706831563994347
0.21479800499241808,0.2211998225842927,1.0052712358504081,0.06660363971114909,0.00021878750108077558,0.9384488086381783
0.21479800499241808,0.20168444278499675,1.1785423308819114,0.7878572151619287,0.3900083756572085,0.0006767400627740156
0.21479800499241808,0.24284777009432848,3.8174482787997044,3.807316477827684,0.0007400235210990357,0.009391777450921226
0.21479800499241808,0.267978687534485,1.1076971419894968,0.08018654176982075,0.006873491896562999,1.020637108323113
0.21479800499241808,0.2114830563974161,1.2161282374826348,0.0014490381703962645,0.4530637155048849,0.7616154838073536
0.21479800499241808,0.17204149654120351,4.756991248990514,0.008340821869786673,5.57729466487215e-05,4.748594654174078
0.21479800499241808,0.2409977272973938,6.091649055828632,0.0013448652708139002,0.015664058159350968,6.074640132398467
0.21479800499241808,0.2526168824661425,1.3220375056186728,1.289558214761422,0.015605421421799251,0.016873869435451442
0.21479800499241808,0.28085156037610753,1.7021754688255448,1.4324635472850569,0.009753031956133798,0.2599588895843541
0.21479800499241808,0.21804152729753035,1.119653092679274,0.11436727928171482,0.0006597338660050999,1.004626079531554
0.21479800499241808,0.28659601550100683,1.943966867958189,0.002363045292593711,0.17591693822004337,1.765686884445552
0.21479800499241808,0.22579799950884588,0.5551908946081491,0.002658072461175323,0.038741810604426385,0.5137910115425474
0.21479800499241808,0.2856393364081064,9.064401912088359,1.2475628380639769e-05,0.06700038527553041,8.997389051184447
0.21479800499241808,0.284961089666298,0.6469840464005961,0.019431868761990583,0.11438804187619862,0.5131641357624069
0.21479800499241808,0.19793306770904825,1.8682389595049127,1.8482541155172831,0.019015681894027733,0.0009691620936019451
0.21479800499241808,0.20962855394017987,0.30605784690978455,0.00040713273423198233,0.08798680508634078,0.2176639090892118
0.21479800499241808,0.25076394857466494,0.8727462728246183,0.05749114478157232,0.00018596953039514707,0.8150691585126508
0.21479800499241808,0.24520657179821986,1.076834259578325,0.7302704933142687,0.0012667731757196007,0.3452969930883365
0.21479800499241808,0.17568982207942185,0.14548765826737578,0.07597353665803382,0.06947480992983346,3.931167950850623e-05
0.21479800499241808,0.26853740073017573,0.7693406019041622,0.7373207340829898,0.003097961615350207,0.028921906205822127
0.21479800499241808,0.20690467996298675,1.851211489669107,1.821040485756059,2.3707160017474503e-05,0.030147296753030607
0.21479800499241808,0.2491769573113614,1.4974258541472576,0.0005020609748500334,0.02893412186817526,1.4679896713042322
0.21479800499241808,0.2172619519013513,0.4996657141804008,0.38242424036984235,0.007230518993140266,0.11001095481741818
0.21479800499241808,0.2692322363129757,1.3444662055171637,0.08808940204792445,0.013652738370068251,1.2427240650991709
0.21479800499241808,0.18642071225195106,0.2713943445961649,0.2431314076267837,0.0003603939372833658,0.027902543032097826
0.21479800499241808,0.16413906831905378,24.929781776104853,8.87381662039509e-06,0.0104494213392475,24.919323480948986
0.21479800499241808,0.20623048864857393,4.138436925764665,0.0013939405837768606,0.14852132555998923,3.9885216596208997
0.21479800499241808,0.16169143352218468,0.29367981898787193,0.00021893633059570823,0.006157488684513938,0.2873033939727623
0.21479800499241808,0.22546534746925662,0.4324387707039817,0.0004932874449830065,0.20272804160407398,0.2292174416549247
0.21479800499241808,0.18390307057254807,2.443031860938789,0.36710062781883035,0.0003694549110553319,2.0755617782089035
0.21479800499241808,0.18444064808004465,0.17606807218749876,0.13125816314863678,0.04386761059215604,0.0009422984467059348
0.21479800499241808,0.28575584987480923,3.2691604864350885,3.259492966690311,0.005290163309374708,0.004377356435402353
0.21479800499241808,0.2840558559648723,5.6179699782236465,5.559534861236504,0.018537657763964408,0.03989745922317853
0.21479800499241808,0.2585373921008869,1.7353721448356847,0.6424029924214137,0.004766849839142876,1.0882023025751282
0.21479800499241808,0.2570222259170609,1.1158627464599409,1.0150807553379273,6.112319622567616e-05,0.10072086792578788
0.21479800499241808,0.1691994094690663,0.16300316013931238,0.06272249382245176,4.2777710282769985e-05,0.10023788860657783
0.21479800499241808,0.251864422240361,0.310908774699728,0.0033174176754476666,0.028971589926666822,0.2786197670976135
0.21479800499241808,0.2432797841155825,0.9105077032515085,0.6958306992057355,0.20199431146210237,0.01268269258367071
0.21479800499241808,0.2199940599024567,10.958826872193683,10.881541752676856,0.07721383197364842,7.128754317861206e-05
0.21479800499241808,0.17803595810332593,0.5679874486467265,0.00018192583010239312,0.014265500808482325,0.5535400220081418
0.21479800499241808,0.27568382329394375,3.7374788227588702,0.4829993637940891,0.010716450246665283,3.243763008718116
0.21479800499241808,0.17514893032905107,3.151175061599938,3.11004008480347,0.041062596898460674,7.237989800731026e-05
0.21479800499241808,0.16226793240773846,2.219923535195329,2.217437923816439,0.0024829445850300734,2.666793859953006e-06
0.21479800499241808,0.21191820203212267,5.640495275946657,0.0005857837060978177,0.0032606729356559764,5.636648819304903
0.21479800499241808,0.18892650706014116,1.0889138189234162,0.06863024816998621,0.00010733261113495084,1.020176238142295
0.21479800499241808,0.16751831054971095,1.0984193749560704,1.089240698954828,3.6732799347683405e-06,0.009175002721307885
0.21479800499241808,0.25867073510783245,7.747300945465361,7.715466966445799,0.02923451024901302,0.002599468770549372
0.21479800499241808,0.17616750292804723,1.8250416999666308,1.823174068657905,6.403600680193814e-05,0.0018035953019237268
0.21479800499241808,0.24958977990556028,4.54748280535961,0.260894435339531,0.007302709517599731,4.279285660502479
0.21479800499241808,0.18706598021427745,0.4491914002879175,0.399296837499018,0.048537611424196735,0.0013569513647027707
0.21479800499241808,0.24126680624103855,2.1149556976623787,0.0005456716559681536,0.028446606660913244,2.0859634193454974
0.21479800499241808,0.20077024538711224,2.5867308639227544,2.585679195259241,0.0005154706606053378,0.0005361980029083662
0.21479800499241808,0.18808766152273398,1.6329963593437757,0.0026408881483510295,0.0002829719842937133,1.630072499211131
0.21479800499241808,0.20125625181277484,0.38374378698035116,0.003747047564823037,0.020885489248205068,0.35911125016732304
0.21479800499241808,0.2898436855834181,3.6131070259770173,0.0066864496638009046,0.027379819289298342,3.579040757023918
0.21479800499241808,0.21217946211243294,0.2038066736485521,3.604531466443186e-05,0.03655006120092996,0.1672205671329577
0.21479800499241808,0.16427413549048903,0.05218521545539055,0.04865759551457216,8.779042155046448e-05,0.003439829519267928
0.21479800499241808,0.18714723311639872,20.4946225724763,20.456183477242096,2.2841296355337677e-05,0.03841625393784674
0.21479800499241808,0.17934629328252347,15.85514501377659,0.0021268055008439282,0.0005120033922503444,15.852506204883497
0.21479800499241808,0.20044862384163978,8.66406906177695,8.639345310918806,8.432046578510099e-06,0.024715318811563677
0.21479800499241808,0.1966293878489384,0.9043470086547671,0.00022007661950336935,0.014354264063319858,0.8897726679719439
0.21479800499241808,0.19238450033591598,2.7065257755646064,0.006501188508918386,0.015553175996522273,2.6844714110591656
0.21479800499241808,0.1784405157199857,1.2100038092267869,1.9584176779690296e-05,0.0056882012835998315,1.2042960237664073
0.21479800499241808,0.20114433049065877,5.348188240405382,5.3427170491058344,1.473699928070548e-05,0.005456454300267106
0.21479800499241808,0.22527475683974235,0.062261913251600555,0.039856318455409816,0.0223178660456468,8.772875054393805e-05
0.21479800499241808,0.2582280411807844,8.210725531244329,7.005216843871598,8.543423816386756e-06,1.2055001439489132
0.21479800499241808,0.18997167803239903,3.252689246458382,0.000125980932164046,0.21844251785213428,3.0341207476740837
0.21479800499241808,0.19608658907610862,0.5590298982275096,0.5326780980697625,0.00043213516664606565,0.025919664991101033
0.21479800499241808,0.17095137574974326,2.365634714415807,2.3007446014938138,0.06471068516394785,0.00017942775804569155
0.21479800499241808,0.1647906139476432,1.4873751710352892,3.0546551913897228e-06,0.2682094120223765,1.2191627043577211
0.21479800499241808,0.25852933673222955,13.789001745635273,0.1389409328437171,0.00013509734473774,13.649925715446818
0.21479800499241808,0.21204393296948976,2.525864583953187,0.013691845735763182,0.0003235127814292564,2.5118492254359945
0.21479800499241808,0.23889058365023066,5.667433061221937,5.4553755367482335,0.0001166382259670344,0.21194088624773555
0.21479800499241808,0.2880714891795592,0.08361000849475025,0.07097588069265828,0.010618651940765372,0.0020154758613265982
0.21479800499241808,0.22643022083478204,4.559687446298241,0.01048626186290661,0.0001841914562656747,4.549016992979069
0.21479800499241808,0.23644974462738907,6.174346991197146,6.104513220934463,0.06543471326643223,0.004399056996250632
0.21479800499241808,0.1974214954780561,3.9520790345704158,0.0003296868468402354,0.01238137017545813,3.9393679775481174
0.21479800499241808,0.25730415586112104,1.492263766789672,1.4648288446974334,0.0016558917608835396,0.025779030331355153
0.21479800499241808,0.259807563294865,2.269942435923403,2.0917880664787214,0.001290237159661088,0.17686413228502051
0.21479800499241808,0.2565893356389398,0.15774817986147235,0.11424614238338565,0.04347888170655753,2.3155771529180856e-05
0.21479800499241808,0.2125077614033966,1.8706039960161764,0.00028436444435670427,0.048063826193730175,1.8222558053780895
0.21479800499241808,0.21402508122067834,6.553040070279199,0.0013203010528214753,9.492969189943786e-05,6.551624839534478
0.21479800499241808,0.22289207674749065,0.31200740720962,0.2881734088325927,0.0008253336599518962,0.023008664717075432
0.21479800499241808,0.2822588654507388,0.4100930186315016,0.37392198077541483,0.003133668263271212,0.033037369592815564
0.21479800499241808,0.2663633105540739,0.8405554897693785,0.4763345711164492,0.13106990684928785,0.23315101180364145
0.21479800499241808,0.229524205338175,3.6887911148345083,3.684826561580027,0.0013136338593227547,0.002650919395158345
0.21479800499241808,0.20394338631615344,0.1691011061546297,0.007937945766948876,0.0009712563556610801,0.16019190403201974
0.21479800499241808,0.16611594184442782,1.1607426254865059,1.142328699212937,0.0019413722755737834,0.01647255399799505
0.21479800499241808,0.18223890124758643,12.365936744742083,0.002365342456914215,1.9135922966414954e-05,12.363552266362202
0.21479800499241808,0.21517524537287133,0.9439886197276615,0.4103718696553101,0.0004603792371224291,0.5331563708352289
0.21479800499241808,0.24103167559911953,5.977931878392878,0.1441025782158341,0.0021579052320803527,5.831671394944964
0.21479800499241808,0.2485111050920093,0.4057627399321473,0.0021120729507800432,0.007542676112101998,0.39610799086926524
0.21479800499241808,0.2648897009457694,0.026607981474089357,0.02257424621205788,3.0003804896315126e-05,0.004003731457135163
0.21479800499241808,0.2151568168028807,3.649679136696188,3.3571185981979372,0.0015596755573759648,0.2910008629408747
0.21479800499241808,0.23339147120383172,0.3258802838407973,0.2920889009348773,0.015535106371927747,0.018256276533992234
0.21479800499241808,0.19937627180214842,0.4660551814864625,0.0023025370109907,0.09662163281369116,0.36713101166178064
0.21479800499241808,0.23641035505497995,3.5688837085635288,0.02326256824613881,0.02099261943554463,3.5246285208818455
0.21479800499241808,0.16520654051785225,3.0675314371338738,0.0003965799909345841,0.0035561863412761287,3.0635786708016632
0.21479800499241808,0.2523438138482897,0.05915812565806262,0.006940498976634429,0.008607646890131883,0.043609979791296306
0.21479800499241808,0.221186918300506,1.9234631163902247,0.0012011935477000862,0.04861244817083984,1.8736494746716847
0.21479800499241808,0.2566026275203267,0.6250872253793738,0.5173473835155581,0.10721248871342003,0.0005273531503956828
0.21479800499241808,0.2064798700488329,0.2626904439273751,0.00043793140871294036,0.005759709634535371,0.2564928028841268
0.21479800499241808,0.1646418455092664,1.3694394025092103,1.320636720617716,0.04862131975181498,0.00018136213967907518
0.21479800499241808,0.28859612131666673,0.898815961897467,0.7067198109624554,0.19195835927304755,0.00013779166196418514
0.21479800499241808,0.16787283824644544,3.001509205406169,0.022666065830464526,2.171719952336117e-06,2.978840967855752
0.21479800499241808,0.2305981500263826,0.15793695737988564,0.11441852534352578,0.041601208270524256,0.0019172237658356098
0.21479800499241808,0.26596741583848454,2.581014849220482,2.4192655329736,0.01613405449067882,0.1456152617562031
0.21479800499241808,0.2245871035264833,20.753685989267627,20.737991005252134,0.002550575657847612,0.013144408357645491
0.21479800499241808,0.19363779853247468,0.3311685491612022,0.31899357293764313,0.004238750655277622,0.007936225568281437
0.21479800499241808,0.17778479833144592,10.72126634214166,8.302094561342219e-05,0.014744225895969312,10.706439095300079
0.21479800499241808,0.21435504182091936,1.2184844190832285,1.047368946236604,0.0007014594469656733,0.17041401339965884
0.21479800499241808,0.18825914072335095,3.6192099768436146,3.6062750977788673,0.012745758982202024,0.00018912008254493498
0.21479800499241808,0.1644728677181481,2.496217091895777,0.0010727565547170518,0.00021771969957425444,2.4949266156414858
0.21479800499241808,0.23279160938870144,0.9970039409100346,0.7166626888860068,0.27987832990717326,0.0004629221168546211
0.21479800499241808,0.16949421941337575,2.5071566977073516,7.929355238736883e-05,0.08108034247800695,2.4259970616769575
0.21479800499241808,0.1974015284358577,1.8943576419157675,1.732250779002253,0.16182574161509358,0.0002811212984209202
0.21479800499241808,0.1608333405027978,0.9312921230353286,1.6214865718767785e-05,0.00150600522461846,0.9297699029449914
0.21479800499241808,0.1641607724942258,1.0197522840281144,0.056762735813081694,1.4972843131208764e-05,0.9629745753719015
0.21479800499241808,0.17603571272385612,3.870480723404519,4.68470137847486e-05,0.0005542045318915118,3.869879671858843
0.21479800499241808,0.16208532048184465,0.0816337614496438,5.265888229410914e-06,0.004322974273437543,0.07730552128797684
0.21479800499241808,0.240955627603579,1.0044589656459972,0.1377296438115886,0.0027938266612436606,0.863935495173165
0.21479800499241808,0.26873922228461566,1.2722645867923839,0.0028459081877664147,0.16515439356466585,1.1042642850399516
0.21479800499241808,0.2232326829492062,17.167762187618845,17.163988570224053,0.001291543752718412,0.0024820736420730705
0.21479800499241808,0.21674832950162304,3.051241389775866,3.023204539929424,0.001169458267554746,0.02686739157888708
0.21479800499241808,0.28610330345266116,1.3935325598672976,1.3589942076510293,0.003935402415203836,0.03060294980106451
0.21479800499241808,0.28628094020752487,0.9611583558304607,0.03456568426521973,0.01550585912355088,0.9110868124416901
0.21479800499241808,0.18455823673356428,0.7881172661547402,9.681596580442576e-05,0.08096092530883015,0.7070595248801056
0.21479800499241808,0.17068095426459087,0.48886940478122864,0.1595508523433289,3.816259294718952e-05,0.32928038984495256
0.21479800499241808,0.21078598367909382,10.858379186223852,0.003512797203617143,0.012619685967683923,10.84224670305255
0.21479800499241808,0.16586767096165161,0.42898057817944296,6.0255244621058034e-05,0.013030265064207935,0.41589005787061395
0.21479800499241808,0.2609107921502717,2.41319501961589,0.0009260251680638267,0.011651794994439146,2.4006171994533867
0.21479800499241808,0.1643300062716016,1.855525196178086,0.0007310481970149575,8.731977156290368e-05,1.8547068282095083
0.21479800499241808,0.20442123837143134,2.7504216859239032,2.738201180098935,0.0004339349479284815,0.011786570877039557
0.21479800499241808,0.2836477062588674,1.378200576788911,1.3226146712877362,0.022847954986530198,0.032737950514644475
0.21479800499241808,0.220924157870282,5.232564380551808,0.2711133951686303,1.6418663880967396e-05,4.961434566719297
0.21479800499241808,0.22447798292537657,0.4175022772623212,0.01237189497716649,0.0010011348986313192,0.4041292473865234
0.21479800499241808,0.20551557452559444,0.7545207676327201,0.7457769850944309,0.00284137930207542,0.005902403236213783
0.21479800499241808,0.2824544243121187,2.897389108742895,2.8420790223189387,0.054831768226396176,0.0004783181975602432
0.21479800499241808,0.21684949180952792,2.3201497796977026,0.003380463552141649,0.0023717668177400237,2.314397549327821
0.21479800499241808,0.1936029066864448,0.8531366675167978,0.7974299549995253,5.365832510100641e-05,0.05565305419217155
0.21479800499241808,0.23185952119189454,2.1579563413104186,0.003516392311115716,0.072802824464561,2.081637124534742
0.21479800499241808,0.2767292777613233,4.162362688310212,4.0770666788461165,0.0762251827113247,0.009070826752771122
0.21479800499241808,0.20341425844841587,2.1905455050229343,0.32168004335698847,1.2934557580841272e-05,1.868852527108365
0.21479800499241808,0.21186918979925407,2.274184976619766,2.2695373796483786,0.0014499904487669522,0.00319760652262029
0.21479800499241808,0.1587356168450366,1.4457568663686795,1.4445591858399065,0.0009229074242143334,0.0002747731045587824
0.21479800499241808,0.22313952287746824,1.4124021582081108,0.03893307008382562,0.0099914634793496,1.3634776246449356
0.21479800499241808,0.27975993672200034,5.499664521169093,0.2534382911883266,0.005013895066908434,5.2412123349138575
0.21479800499241808,0.16041510212194832,0.0325250156243929,8.956073725282723e-05,0.0014871000863251743,0.0309483548008149
0.21479800499241808,0.17124260887029363,4.722568645778674,0.0002257716750397849,0.033057387251796445,4.689285486851838
0.21479800499241808,0.21491276527370773,0.37697925551464145,0.34513294352953355,0.028205817831187977,0.0036404941539199005
0.21479800499241808,0.19486428922839383,0.2118095403081311,0.10935499093290002,0.0028445584629124797,0.09960999091231858
0.21479800499241808,0.2881806732234933,21.591204488249762,21.427226857401394,0.1566272211355901,0.007350409712777113
0.21479800499241808,0.21000361341223792,6.332498017626586,0.0003460892626895554,0.02321796127519497,6.308933967088701
0.21479800499241808,0.21767504994393547,0.6195063108828096,0.007512014322858172,0.0982398661080863,0.5137544304518651
0.21479800499241808,0.1592062763008501,0.3777500059281718,0.3332141297712968,6.49777851022861e-05,0.04447089837177274
0.21479800499241808,0.22805651454997541,0.12367385902411679,0.09914562143333323,0.004473440821455754,0.02005479676932779
0.21479800499241808,0.1674913141383984,3.510795096244334,3.4978211645076884,2.2282970504539496e-05,0.012951648766141492
0.21479800499241808,0.16326812088763784,0.36836730202161694,0.02813163732315262,1.9385732998335075e-05,0.34021627896546597
0.21479800499241808,0.21161820657928165,0.49350941876998794,0.47242686909788273,8.122289965627331e-05,0.021001326772448932
0.21479800499241808,0.17255860160974099,4.066988606792444,4.038128714862001,2.820415782944431e-05,0.02883168777261305
0.21479800499241808,0.27011964478655887,5.252294797357406,4.836089398515943,0.0019874321515935284,0.414217966689869
0.21479800499241808,0.28404589928430435,3.312112761917539,0.021260909326370644,0.7987790896173377,2.4920727629738306
0.21479800499241808,0.20346059115908333,2.1102717622594653,0.00012012236376764699,0.06250594668209652,2.0476456932136013
0.21479800499241808,0.17961767853587915,0.9682669412023266,0.9652720863698967,6.133319959732888e-05,0.0029335216328325486
0.21479800499241808,0.17379834343730166,0.4012554129500767,0.0020282468221773185,0.00010221652280029618,0.3991249496050991
0.21479800499241808,0.18204857859002815,0.40501650724903954,0.3489091633038221,0.0011228368774130629,0.054984507067804375
0.21479800499241808,0.2072069645713477,0.3620045181568024,0.3600973890861158,0.0006202056776930675,0.0012869233929935096
0.21479800499241808,0.20423625083906718,2.463702363121582,6.134852442405313e-06,0.004212345919466972,2.459483882349673
0.21479800499241808,0.1760726339663875,0.37809829320613597,0.00023924578462182678,0.0010873557884832376,0.3767716916330309
0.21479800499241808,0.1985865510542324,13.226564039232562,13.214013664028025,0.0124466498622006,0.0001037253423362884
0.21479800499241808,0.16998540518599842,4.079550313700579,4.056571959800452,0.02292101118081182,5.7342719313891614e-05
0.21479800499241808,0.1719047560271186,14.325313924057864,14.296923825434872,4.1864335767605645e-05,0.02834823428722486
0.21479800499241808,0.1618672164954606,0.2650549218583808,0.11651136054314101,2.8992014105287738e-05,0.14851456930113452
0.21479800499241808,0.18516039136057402,0.37888610212409113,0.37755283929867994,0.0012765940216423436,5.6668803768868344e-05
0.21479800499241808,0.2795711434300864,4.323645499827106,4.234975473569983,0.07600891529808769,0.012661110959035469
0.21479800499241808,0.1690205964830378,0.7004281652309812,0.6995170354833905,0.00030732401165459405,0.000603805735936088
0.21479800499241808,0.2875228057006434,5.834552250710973,0.1478839990483284,0.0019792700848108684,5.684688981577834
0.21479800499241808,0.1886459595041652,2.6576448897837164,0.0034817491457252727,0.00018203521950491033,2.6539811054184863
0.21479800499241808,0.15901461007018866,1.1458497729007835,1.0909024814969843,7.457550872385371e-06,0.054939833852926716
0.21479800499241808,0.18713284540250072,1.8220441657278443,0.0003547549338544991,0.0007963130010682515,1.8208930977929216
0.21479800499241808,0.18251695427752163,0.019928298509840688,0.014306794719725997,0.0006954137420326583,0.004926090048082032
0.21479800499241808,0.2757169781968554,1.2600040034280389,0.003116932386117906,0.09871189290064604,1.158175178141275
0.21479800499241808,0.20513888929835702,2.029124011333939,2.025278939259114,0.00044738889730871735,0.0033976831775159324
0.21479800499241808,0.16006661626804905,11.158068753542132,1.014764902930202e-06,0.010046426717773687,11.148021312059456
0.21479800499241808,0.2316967913252257,0.21883272113903035,0.13548505880162637,0.00044603429131402807,0.08290162804608994
0.21479800499241808,0.22024359487639159,0.16768223774214178,0.0025086585932066097,0.0019933467741771183,0.16318023237475804
0.21479800499241808,0.2755893903269272,0.9950217437981764,0.0038202927777122677,0.020229395839649,0.9709720551808152
0.21479800499241808,0.27952387852059796,1.4983612027877575,0.7490941173004845,0.00791066931750995,0.7413564161697631
0.21479800499241808,0.1753016359148745,2.6081927988554696,2.6030562732993507,0.004449951976137284,0.0006865735799818386
0.21479800499241808,0.178802550057985,1.5886070844400455,1.7548942286514223e-05,0.0009665085721772376,1.5876230269255818
0.21479800499241808,0.27727440825276034,0.9911435774344167,0.045124708333743574,0.11226440083392368,0.8337544682667495
0.21479800499241808,0.2124450578665454,2.2808188773454448,0.10264620456626587,1.2114228163158424e-05,2.1781605585510158
0.21479800499241808,0.17598391612767755,10.542062225320734,10.532085133152066,0.00987023159497657,0.00010686057369035682
0.21479800499241808,0.16175971464080466,8.421530561688812,0.012894690258600084,3.784349941054724e-05,8.4085980279308
0.21479800499241808,0.17209822385152426,5.751799816130244,5.750585681107001,1.3357635515166005e-06,0.0012127992596920767
0.21479800499241808,0.2756716617017489,0.9847666131832074,0.1058735912061087,0.008919929415106422,0.8699730925619922
0.21479800499241808,0.1678046289194849,1.1234319367419996,0.0003737899370039828,0.02406099434054926,1.0989971524644464
0.21479800499241808,0.18528632884146246,2.513996053173032,2.4993042722975467,0.013704889631452293,0.0009868912440328466
0.21479800499241808,0.2677412254077848,0.5605005651339396,0.536561150115802,0.021666023313764757,0.002273391704372879
0.21479800499241808,0.16523903517501143,0.22132348758144438,0.21366673745257717,4.979643209627803e-05,0.007606953696770955
0.21479800499241808,0.1726565822605949,0.7715560488151836,0.7488911392352895,0.00020686793227644987,0.022458041647617673
0.21479800499241808,0.2186210682033126,3.2046029519507853,0.01042344198602904,0.0002524770471381367,3.193927032917618
0.21479800499241808,0.18458400243774326,0.2978467334984487,0.028248726123331076,0.004842592246302451,0.2647554151288152
0.21479800499241808,0.22354910145225543,0.8980616484064581,0.4134071658737266,0.00013598103409610425,0.4845185014986354
0.21479800499241808,0.20309946280106247,2.656210467211931,0.0360355646827387,0.00031587261068260586,2.61985902991851
0.21479800499241808,0.26733173185217984,4.7741173230811285,4.573321292428099,0.20078306925525002,1.296139778032843e-05
0.21479800499241808,0.22876823525529014,12.508551384042333,12.356781029934824,0.000514273582172938,0.1512560805253358
0.21479800499241808,0.16830194877255733,1.1671962839745225,0.9884463716149277,7.444077466456765e-05,0.1786754715849303
0.21479800499241808,0.18942956385901819,7.5120008609643705,3.4959618436563266e-07,0.0010758392492765914,7.510924672118909
0.21479800499241808,0.22166612690896945,0.9120101960712157,0.007248360584716471,1.7454229468835304e-05,0.9047443812570304
0.21479800499241808,0.25609322777087073,2.7419141942499894,2.7063098935704573,0.018203320979667263,0.017400979699864635
0.21479800499241808,0.20500324909758888,3.8645256989521526,0.0002703410058368856,0.03999814584583363,3.824257212100482
0.21479800499241808,0.16184201038795745,0.6098579039203267,0.020771976403509525,0.0001635666317188422,0.5889223608850983
0.21479800499241808,0.1667108659822594,2.188435488389311,2.1853824392581584,0.003013078727834423,3.9970403317619684e-05
0.21479800499241808,0.2821552511288751,0.8103806299311622,0.5824980760520982,0.0026227375268632544,0.22525981635220074
0.21479800499241808,0.1772775736465322,0.2384101107116717,0.19580523295551344,0.00010612343806259484,0.04249875431809567
0.21479800499241808,0.21827375025377246,3.1812578164561782,3.095154535101085,0.08602853806984764,7.474328524555874e-05
0.21479800499241808,0.2370133620070475,0.34044753721699117,0.10429769961516534,0.0017141711281263353,0.23443566647369948
0.21479800499241808,0.17856728714633696,1.1022238625822545,0.8465351316166569,3.965850864689211e-05,0.25564907245695073
0.21479800499241808,0.23870018302863646,19.200492058011587,19.172696073488513,0.02776158942306812,3.439510000592445e-05
0.21479800499241808,0.1810294837595621,0.7536289050016148,0.00011901320894888198,0.005702320533241906,0.7478075712594241
0.21479800499241808,0.28212657631161825,7.224881811169598,6.945598620591492,0.021512741158470038,0.2577704494196359
0.21479800499241808,0.17005288562496867,0.42580719041197274,0.0024281626074298956,0.0029504910152832724,0.42042853678925957
0.21479800499241808,0.21088385688156408,1.044456159520311,0.8333017624568629,0.0005491485592794313,0.21060524850416867
0.21479800499241808,0.2441160525481734,0.09391404899143263,0.00013169815462448894,0.03989058493462001,0.053891765902188124
0.21479800499241808,0.1777745329291034,0.34725676619465473,0.3218719479096468,0.0008365700218940714,0.024548248263113834
0.21479800499241808,0.18114547245955212,7.054055458891805,7.046303523720231,0.0022425516900615706,0.005509383481513117
0.21479800499241808,0.2865086884881987,16.505473084751202,0.03357367811269471,0.04583206387340372,16.426067342765105
0.21479800499241808,0.25626885990306125,0.8977548824718867,0.09006267332501003,0.010742323808683946,0.7969498853381928
0.21479800499241808,0.2244357590269842,2.33460777563735,2.3251715920676226,0.009012073915869315,0.0004241096538582711
0.21479800499241808,0.16467892595942243,0.26211124356011284,0.24674361986266435,0.015367565407608105,5.828984042646616e-08
0.21479800499241808,0.17252473276219701,5.826313047070209,0.004633555124232191,1.7267785398515144e-05,5.821662224160578
0.21479800499241808,0.28059313339001685,8.369277815013703,8.355885049510718,0.0021000059180208584,0.011292759584965008
0.21479800499241808,0.27724731267428804,16.54412195536047,6.183045435578813e-06,0.07120556932690425,16.472910202988132
0.21479800499241808,0.21905952573987053,1.386877719141408,0.6506265811228339,0.0006702193874758314,0.7355809186310982
0.21479800499241808,0.17686854478690153,0.17331225755784757,0.006682797921465374,0.00028703997649271227,0.1663424196598895
0.21479800499241808,0.26294724588363344,0.5093734451154529,0.3716285807573445,0.12971048826165962,0.008034376096448706
0.21479800499241808,0.15855754859152668,0.4879404910241101,0.22411988074296088,0.0001203805033665983,0.2637002297777826
0.21479800499241808,0.1877771888213202,1.9018248720357112,1.8781902782536284,0.02342577323375163,0.00020882054833097372
0.21479800499241808,0.19254893166728365,2.0890461900529673,1.961645571843897,0.00014540460555585477,0.1272552136035145
0.21479800499241808,0.20477258198566944,0.08826406349144532,0.03629594243160483,0.00038461779071628533,0.0515835032691242
0.21479800499241808,0.1586758757637403,0.8560277483480605,0.6281483299610539,7.2721356941836e-06,0.2278721462513125
0.21479800499241808,0.25252039329086623,1.0573179792598024,0.000378840984711919,0.08552938246400617,0.9714097558110844
0.21479800499241808,0.21370578068380292,0.790908427506117,0.578650494621064,0.000897157582250643,0.21136077530280237
0.21479800499241808,0.22977916819924615,0.28549211065973107,0.1933658111171503,0.0017202056443571705,0.0904060938982236
0.21479800499241808,0.22096747380374804,1.658421242407105,0.0008321507254023012,0.033601130223099636,1.623987961458603
0.21479800499241808,0.29004733802027693,1.5920701069610863,0.4441980186229227,0.0019991057515128165,1.1458729825866507
0.21479800499241808,0.17526383722633612,2.501638392551669,0.0009817444060824204,0.0021847852424624506,2.4984718629031244
0.21479800499241808,0.224400553795821,4.831252745543837,4.8105793249113455,0.000976983730134255,0.019696436902357648
0.21479800499241808,0.17029701858636254,0.36759747634131124,0.017809682770137517,2.384246115665924e-05,0.34976395111001707
0.21479800499241808,0.22436614105864988,1.7439927944148035,0.0009033596923190999,0.04069476051523641,1.702394674207248
0.21479800499241808,0.2654561015027641,2.2198530907654686,0.004360764783281277,0.6237328377932952,1.5917594881888921
0.21479800499241808,0.23645112966958112,0.9450813655034246,0.942414687016704,0.001989017714615245,0.0006776607721054369
0.21479800499241808,0.23569913580367927,3.006772615916639,2.92826462139243,0.0005357159722997012,0.07797227855190889
0.21479800499241808,0.2757092625335587,0.46947148822306434,0.07364525789804394,0.002053137415028701,0.3937730929099917
0.21479800499241808,0.17186129943141346,0.3908219197161021,0.011465509046902285,4.060861082185375e-05,0.37931580205837795
0.21479800499241808,0.20575161672435793,3.8072130689256363,3.7904200147491607,0.007357372218454505,0.009435681958021084
0.21479800499241808,0.29061371528384394,1.911287571247497,0.10632613819336144,0.001612321471315647,1.80334911158282
0.21479800499241808,0.1989849760873302,0.2337656506771192,0.22583899097666865,0.0001211343249695882,0.007805525375480948
0.21479800499241808,0.24960741458463634,1.4766121098397875,0.0789149329666067,0.002120033271811138,1.3955771436013698
0.21479800499241808,0.19642278254109719,1.1768233365957315,1.1424243155540543,0.0001191589698471103,0.034279862071830126
0.21479800499241808,0.19973261209864918,0.819673144781726,0.7568068520293725,0.06262172098552268,0.00024457176683090207
0.21479800499241808,0.2635682536276897,1.5151212598897215,1.0188582190017468,0.00396526284966054,0.4922977780383141
0.21479800499241808,0.1781430767258107,1.9278406928853964,1.8881486089066766,0.03943151682607963,0.0002605671526401662
0.21479800499241808,0.2599671859450263,0.6575703336098291,0.3823240558265811,0.012341322889941709,0.2629049548933063
0.21479800499241808,0.21092389952695387,1.7527656497839723,0.0043886834275143755,0.018874023793253775,1.7295029425632042
0.21479800499241808,0.23457060641781602,1.1482996944269463,0.05455309099683613,0.0008921841766177907,1.0928544192534924
0.21479800499241808,0.2242540254264723,2.0633338812773885,0.04226535756928003,0.0010750538479181201,2.0199934698601902
0.21479800499241808,0.1998734428342763,1.0828418051834143,0.9689603659252538,3.66462412823301e-05,0.11384479301687811
0.21479800499241808,0.1633542867979813,0.4936835197610838,0.0019259549106645636,0.006216444568129011,0.48554112028229024
0.21479800499241808,0.15796549771367308,5.041648342825105,7.431338715560341e-06,0.0017706685498408948,5.039870242936548
0.21479800499241808,0.196372423509491,0.9201386081580253,0.00013832930599270654,0.14771046084430012,0.7722898180077324
0.21479800499241808,0.16049903429564955,0.7163133562119781,0.7129532478122235,0.000414191456618497,0.0029459169431361306
0.21479800499241808,0.21879112130038228,1.099939960778738,0.0021611989346617313,0.251564340338847,0.8462144215052292
0.21479800499241808,0.24979137126434744,0.8814419306907697,0.4048463670176628,0.0018253153899491891,0.47477024828315767
0.21479800499241808,0.20100153100451157,0.8108111527741934,0.682647167723134,0.12774954364646232,0.0004144414045970646
0.21479800499241808,0.22078941863020105,1.446140643678262,1.170754020060791,0.0038734479554534532,0.2715131756620176
0.21479800499241808,0.18210650848409807,1.46090955320893,1.458628434928248,0.0002348117027136969,0.0020463065779683393
0.21479800499241808,0.2585500703041342,4.496710903724788,4.38093901513877,0.013842281587924037,0.10192960699809406
0.21479800499241808,0.20604566568839996,0.11477454007351112,0.01993128213056216,0.0002463999319926928,0.09459685801095627
0.21479800499241808,0.15847153742619627,1.236771366196207,1.225409878010047,2.3683766751883817e-05,0.01133780441940801
0.21479800499241808,0.26125297747410536,1.3825788586043204,1.3805895879711472,0.0002005231407460455,0.0017887474924272338
0.21479800499241808,0.18279342144274818,0.6709710481294016,0.0004394256292193048,0.010674708701469877,0.6598569137987124
0.21479800499241808,0.19320386856197605,3.5088576884215574,0.38415418698098563,9.454621100794095e-06,3.124694046819471
0.21479800499241808,0.1960145388685384,21.122666715295882,4.1008917574112446e-05,0.09943694063700925,21.0231887657413
0.21479800499241808,0.2730010630510771,0.6720518364994533,0.16261053010581542,0.00284550814417607,0.5065957982494619
0.21479800499241808,0.18799010698160623,0.4824502612952108,0.008392353400787225,0.00021677461999196812,0.4738411332744316
0.21479800499241808,0.25287572753546456,12.778166313997355,12.01989385928149,0.7571460187628986,0.001126435952966335
0.21479800499241808,0.16724122753540088,3.620201663005305,0.015424264885980261,0.00011986116004157062,3.6046575369592833
0.21479800499241808,0.22387811552527667,1.1362986280774319,1.1347429904810653,0.00045858307455882156,0.0010970545218077156
0.21479800499241808,0.186251307470782,1.6809956233491967,1.6770360136549436,0.0037042610297197713,0.0002553486645332893
0.21479800499241808,0.2714447737880382,0.7881094680915954,0.674341972829555,0.11287441048797271,0.00089308477406774
0.21479800499241808,0.2033217924738326,5.503948277962195,5.500381442628403,0.002021179396346803,0.0015456559374445893
0.21479800499241808,0.1813635875060096,0.2677186129622795,0.0002733643871181027,0.011622991401264262,0.2558222571738971
0.21479800499241808,0.2875316171668271,6.3471694786755695,0.12133430032364208,0.008715654880130054,6.217119523471798
0.21479800499241808,0.2524286922329916,16.11006050577028,0.00019385323726175515,0.11918350382957914,15.990683148703441
0.21479800499241808,0.1982903367956935,0.6724090547496622,0.5556281956660862,0.00038095904752463114,0.11639990003605133
0.21479800499241808,0.18133399246916732,19.094577934601112,0.0030605263636334654,0.0007221712775641657,19.090795236959913
0.21479800499241808,0.19002324218062683,0.3320948871946017,0.16451847358963184,0.0001874410995944428,0.16738897250537538
0.21479800499241808,0.20451246956381336,2.647617056569788,2.311169729837142,0.33597370556244693,0.00047362117019923965
0.21479800499241808,0.23983007674428236,1.831907183857163,1.8098430888049237,0.0017635582575250793,0.020300536794714188
0.21479800499241808,0.26428706395921203,2.227330899766586,0.00041603741567382464,0.09436413432217278,2.1325507280287392
0.21479800499241808,0.23197845215296056,5.2135168625648936,5.1944553469034185,0.019047935674202748,1.3579987272180983e-05
0.21479800499241808,0.18770340861474497,0.17130348215143773,0.1703852509715811,0.0008345005650417577,8.373061481485876e-05
0.21479800499241808,0.2629075929212271,12.237006788765685,0.00753128583200043,0.018075547368620302,12.211399955565064
0.21479800499241808,0.19148492726652802,3.280710645353826,0.0006995090838074099,0.00020709391306688045,3.2798040423569517
0.21479800499241808,0.21173221659281044,0.7481345242291584,2.5856115381756937e-06,0.21501531265713106,0.5331166259604891
0.21479800499241808,0.21120203905047708,2.3906465898027807,2.37641147870032,0.013892008580908199,0.00034310252155260885
0.21479800499241808,0.21007147475583857,1.2237726349410603,1.1956225476723796,0.026165493090714545,0.001984594177966156
0.21479800499241808,0.25326769904434837,1.6108712448448528,1.4953224734758401,0.0009873830333906807,0.11456138833562197
0.21479800499241808,0.21704391142439566,3.361886375290819,3.334366460833709,0.011911920576274517,0.01560799388083577
0.21479800499241808,0.23986330824337704,13.903711198170134,13.828147116807916,0.0699245673088316,0.005639514053386515
0.21479800499241808,0.1860958230681148,4.0118999758504055,0.07295165137240094,0.00020512131017343707,3.938743203167831
0.21479800499241808,0.26032657403134807,2.9112437120414207,0.03420894307683624,0.004410518066979462,2.872624250897605
0.21479800499241808,0.28091295983760883,0.42423278858648616,0.00870572632084586,0.007357441095603236,0.4081696211700371
0.21479800499241808,0.19433101766625197,0.1485584798448405,0.07708790497029323,0.0009605254814124553,0.07051004939313482
0.21479800499241808,0.20758097729853078,11.597184092685577,0.00816799668711749,0.00013589646724568546,11.588880199531214
0.21479800499241808,0.1771402611439886,0.5521002960832729,0.5440972726452696,1.7589104471851303e-05,0.007985434333531452
0.21479800499241808,0.16657610158464706,2.965955423829244,2.9632704213220147,0.0025543412802788994,0.00013066122694982922
0.21479800499241808,0.24455316974762714,4.516083939227362,0.0006719133594041883,0.015698110079000297,4.499713915788957
0.21479800499241808,0.18857884149649928,2.1088270327102374,3.241435510312754e-05,0.00839314479764521,2.100401473557489
0.21479800499241808,0.22954181250691932,1.2503751713980695,1.2349779338966203,0.014982602749333175,0.00041463475211604364
0.21479800499241808,0.20683281753056515,2.3695655487813654,2.3691834220834256,0.0001547249522091766,0.0002274017457307003
0.21479800499241808,0.2740298836479218,0.11526513411209477,0.08282814597924197,0.000840653372210309,0.03159633476064248
0.21479800499241808,0.21623767982988257,0.233407476612645,0.20783366535236472,0.004279593073849297,0.021294218186430985
0.21479800499241808,0.20551860814839062,9.097868121395202,9.058381815060791,0.030554334586320397,0.008931971748090987
0.21479800499241808,0.23665983440686686,0.21001390119089383,0.11372488326218506,0.0034362081301814967,0.09285280979852727
0.21479800499241808,0.27403910538396464,3.6791255883113863,3.556479562625234,0.002672734774329121,0.11997329091182327
0.21479800499241808,0.2218570432126717,4.8232596125362095,0.002088420713514404,0.04725772422319707,4.773913467599498
0.21479800499241808,0.209168826338135,0.5981628640128357,6.923449937149279e-05,0.016661004651219856,0.5814326248622443
0.21479800499241808,0.1653057912708926,0.7630446340757715,0.760138602570281,0.0025843929079078574,0.0003216385975826624
0.21479800499241808,0.2002275129964852,1.0957643750332218,1.0396300755702703,0.05455058509467404,0.0015837143682773981
0.21479800499241808,0.21776119931168544,9.304037649235529,9.288435176350161,0.015406079878058646,0.0001963930073086283
0.21479800499241808,0.16296265420254402,1.662580096750083,1.6576335275832288,3.5074198485116812e-06,0.004943061747005583
0.21479800499241808,0.1590655067691794,0.05129101126842543,0.04878930354588126,9.80550192713522e-06,0.0024919022206170323
0.21479800499241808,0.1618710264377756,1.8260478729466514,7.375317775864993e-05,0.00016664741290489673,1.8258074723559878
0.21479800499241808,0.20471946531027344,8.058956652562554,8.018949195150672,4.141613283871137e-05,0.03996604127904379
0.21479800499241808,0.18224020101156124,1.227831455731192,0.0938088813162464,9.009340715858719e-05,1.133932481007787
0.21479800499241808,0.189347880730391,0.2896786148185068,0.2669322623145536,0.02268250134795861,6.385115599463413e-05
0.21479800499241808,0.16874123234677615,0.7830961486834407,8.165126587836683e-05,0.02104595450140695,0.7619685429161553
0.21479800499241808,0.2722206227261699,21.56746888229673,0.6438235229651093,0.0018548657959311968,20.92179049353569
0.21479800499241808,0.22389282495842805,0.9950047025333646,0.007044352301756332,9.321207478166989e-05,0.9878671381568266
0.21479800499241808,0.24956042613373727,0.91582233986922,0.8924386325443002,0.020011778976873822,0.0033719283480459525
0.21479800499241808,0.1959711438856962,4.839617852349283,1.0005408091519436e-05,0.008984410765538532,4.830623436175653
0.21479800499241808,0.17708768277352593,0.5225783192207939,0.008434740850296165,5.715699367338069e-05,0.5140864213768244
0.21479800499241808,0.18332001910984663,0.7056417727019809,2.822684996128086e-05,0.03032385756101067,0.675289688291009
0.21479800499241808,0.2116504281879771,1.2352959141144577,1.177606029746256,0.002450983746879485,0.055238900621321974
0.21479800499241808,0.2678972254991156,0.49120762371730886,0.017454049051197917,0.003442737555080999,0.47031083711102994
0.21479800499241808,0.18254420735582258,4.6762205260494625,4.673962900126695,0.0021281597737190967,0.00012946614904762495
0.21479800499241808,0.17085137686457177,0.8509214734316726,0.8253899144026828,0.0004917884875644395,0.02503977054142521
0.21479800499241808,0.18920203751138892,0.2540056203511188,0.17695444613595612,0.07698912589072786,6.204832443481498e-05
0.21479800499241808,0.1746471735158775,0.5335673014994512,0.5298496095884134,0.003546248425082334,0.0001714434859554865
0.21479800499241808,0.19205556951598568,5.414747293801977,9.111781572397013e-05,0.00019578988482229015,5.414460386101431
0.21479800499241808,0.21074475609337398,2.408433615292803,0.004543271593330172,0.0004175724603144485,2.403472771239158
0.21479800499241808,0.28607131820235066,4.872040977371362,0.03409142994735449,0.0045825408972001245,4.8333670065268075
0.21479800499241808,0.2580103122921906,0.44905079440452544,0.41732603382356603,0.02463436432593691,0.007090396255022502
0.21479800499241808,0.26642540341312126,4.385993064060257,4.348983588933142,0.03407920081070848,0.0029302743164060546
0.21479800499241808,0.16148093177878733,0.5148908502823445,0.003907720250977975,0.00047977414744810275,0.5105033558839184
0.21479800499241808,0.19437929872601967,3.594449364390299,0.9295803915204509,1.3491323361614344e-05,2.6648554815464864
0.21479800499241808,0.2624488583435059,1.151948261506572,0.4028778913423198,0.0020655668253720533,0.74700480333888
0.21479800499241808,0.20628798841855012,0.8987696131080652,0.00035113166364035173,0.011521300316745335,0.8868971811276796
0.21479800499241808,0.2900129252700295,0.660171868930638,0.31960020822336743,0.039208029861363826,0.30136363084590667
0.21479800499241808,0.232756541727837,0.9604929474406638,0.09643336130555623,0.00216711476642624,0.8618924713686814
0.21479800499241808,0.19850496876619642,0.5552172343665693,0.4126412025977137,0.00016260102610587772,0.14241343074274979
0.21479800499241808,0.2815746678697238,1.4840473542658834,0.008813478940954687,0.1838351902844257,1.291398685040503
0.21479800499241808,0.20860494181129882,3.756536688656904,0.011040332118608283,0.0017024329407832911,3.7437939235975124
0.21479800499241808,0.18790603263513878,0.9113510318921582,0.6937405137927005,0.21746462295195168,0.00014589514750593056
0.21479800499241808,0.22603104578515404,2.344202782941584,2.205995535305152,0.13476321569142613,0.0034440319450062392
0.21479800499241808,0.2718708793560106,2.1021075537935374,2.049995992032534,0.03415970391185145,0.01795185784915239
0.21479800499241808,0.2272847927208093,0.3699092022640681,0.10987409181469796,0.0006437251109591709,0.25939138533841094
0.21479800499241808,0.2605253312067473,5.722590902912707,0.029666639614572776,0.0011585579416411873,5.6917657053564925
0.21479800499241808,0.1912951305970392,0.7040987370617631,0.3173873243209131,2.3573420886302116e-06,0.3867090553987614
0.21479800499241808,0.1947998795112415,5.341694220170491,0.0003713397720796145,2.4904939188958918e-05,5.341297975459223
0.21479800499241808,0.21458532188450385,2.0974029534239103,2.0847838542035806,0.0008140113160275431,0.011805087904302021
0.21479800499241808,0.2118634392801428,8.169364920594546,0.027796279530768884,0.00043960341897180744,8.141129037644806
0.21479800499241808,0.21144479944834865,1.7860160673056888,1.7851294490519358,0.0008328550367973624,5.376321695564821e-05
0.21479800499241808,0.2910098063457754,1.6197445049340469,0.047553807898243435,0.0005513498907586297,1.5716393471450447
0.21479800499241808,0.2470118772582661,1.787558653485679,0.3358670470249193,0.0006397762734395441,1.4510518301873203
0.21479800499241808,0.25964700150487285,13.499734709060442,13.301202462060727,0.01291809633506713,0.18561415066464762
0.21479800499241808,0.2589768487000648,4.651231802196882,4.5383002609019005,0.0004557550011706888,0.11247578629381132
0.21479800499241808,0.1767680908218387,1.1036563060118751,1.0602465174687503,0.04301541632440756,0.000394372218717081
0.21479800499241808,0.25775047848127275,0.9585163315998099,0.9533376729310993,0.0002825969414141729,0.0048960617272963474
0.21479800499241808,0.16842360600214526,0.029435983606190808,0.009480195542108603,4.64069891295495e-05,0.019909381074952655
0.21479800499241808,0.21150654558456725,0.42913056494415797,0.38071286165138,0.03231022286670659,0.01610748042607134
0.21479800499241808,0.20273878225179456,7.320871972350706,0.00024193899548803426,0.03482453552643597,7.2858054978287825
0.21479800499241808,0.18800815430095397,1.6462116572319894,0.01605589760318244,0.0007207931268244265,1.6294349665019825
0.21479800499241808,0.23535071411317113,1.5327621664591173,1.4979997753696848,0.034208686570422746,0.0005537045190097421
0.21479800499241808,0.24828911413538557,0.6095712743498698,0.41476590906725874,0.1868754811934506,0.007929884089160372
0.21479800499241808,0.2736927353546786,1.699645507776468,0.3758229427224042,0.006381897506870022,1.317440667547194
0.21479800499241808,0.1755048797678527,4.2468973606523965,0.01954411315785771,8.995151944611035e-05,4.227263295975093
0.21479800499241808,0.16215476318345615,14.750201956650619,0.003746532884695279,2.746342348765791e-05,14.746427960342436
0.21479800499241808,0.24219064603729257,0.6371105651376121,0.43597687479694475,0.0019034722571167402,0.19923021808355065
0.21479800499241808,0.17646277213324385,0.017928943595800592,0.01108863962397165,0.006811091476836629,2.9212494992312412e-05
0.21479800499241808,0.2287856586417716,0.1885738519893702,0.12619815138978302,0.0026220041328372016,0.05975369646674999
0.21479800499241808,0.2502237914776747,0.3599645435878464,0.16236884978333677,0.0003993175512403363,0.1971963762532693
0.21479800499241808,0.26761769562484644,2.5630115996243723,0.00024219888922854952,0.03243315381047799,2.5303362469246657
0.21479800499241808,0.19308058343292747,0.6274799908824078,5.727477124193115e-05,0.04954646952779715,0.5778762465833687
0.21479800499241808,0.22465813602245924,1.0215973299696952,0.0003749627088022251,0.00031544216046748325,1.0209069251004255
0.21479800499241808,0.2830907470917064,19.434341329780803,0.016146994371811725,0.043951753799813226,19.374242581609177
0.21479800499241808,0.2320850726343626,1.4002540779237624,8.302925182742096e-05,0.3108262467950486,1.0893448018768865
0.21479800499241808,0.25005430030106524,2.3123777824328178,2.2626072552033176,0.04973394001357118,3.658721592908657e-05
0.21479800499241808,0.2771121131070078,2.6205288503181703,2.580586675933829,0.008419988867131608,0.031522185517209624
0.21479800499241808,0.18706925335337565,3.468489246919324,0.00012827047741419958,0.046713224951562576,3.4216477514903474
0.21479800499241808,0.16136912725474545,8.24920909778432,8.234758523015545,0.01444712121205124,3.4535567248244104e-06
0.21479800499241808,0.16973876600260343,0.3502068933742093,0.00027692271160172175,0.007107219269954806,0.3428227513926528
0.21479800499241808,0.23810549993804234,2.347513966343394,2.1764718580139344,0.0006247258994441516,0.17041738243001547
0.21479800499241808,0.2873898274933017,0.7335934784637731,0.5875968395829222,0.0043355734959936686,0.14166106538485726
0.21479800499241808,0.17259927820913737,1.1311366645718686,9.752124112440025e-05,0.015800180329722677,1.1152389630010215
0.21479800499241808,0.23803619208740828,2.0307501704427278,0.015337448299169035,0.0013004060400052674,2.0141123161035535
0.21479800499241808,0.2645624800385643,16.50546909179233,16.38750521941927,0.11749372708475143,0.0004701452883058193
0.21479800499241808,0.1900392554342787,0.7311928478606144,0.726724938279695,0.0009419390478836021,0.003525970533035862
0.21479800499241808,0.22132571288759856,2.0823180209632337,2.0040868815191364,0.0002822613892864144,0.0779488780548106
0.21479800499241808,0.1809323039908132,1.7174967594858055,1.7172858727630218,9.197757038526912e-05,0.00011890915239825838
0.21479800499241808,0.22028953868462453,4.906112715033832,4.76742068301247,0.1367625353322624,0.0019294966891000747
0.21479800499241808,0.2131761887632367,0.6548039488484656,0.6370189871167534,0.0014453303757094075,0.016339631356002856
0.21479800499241808,0.1601276669305851,19.27397008038207,19.189932469093897,1.476528777191046e-06,0.08403613475939681
0.21479800499241808,0.25465580147198436,2.7652473019975297,2.733737975252245,0.00021044912065218887,0.03129887762463272
0.21479800499241808,0.18228620399243736,1.8049321036904324,1.8042071895858613,0.0007078506477339354,1.706345683697618e-05
0.21479800499241808,0.19266429619245015,0.8179333568368321,0.00012830814277706368,0.009925410478509273,0.8078796382155458
0.21479800499241808,0.21234247731257444,1.3304914419861185,1.3228070768136677,0.004714518482601284,0.0029698466898495065
0.21479800499241808,0.21271465225458763,0.27751795478284264,0.20276935990371064,0.007585449125306206,0.06716314575382579
0.21479800499241808,0.19906054691537473,0.25736069973296377,0.1866069781470404,2.5968790576923824e-05,0.07072775279534645
0.21479800499241808,0.2140489289124406,11.66363267022971,11.645964113099804,0.0003362408161228437,0.017332316313782355
0.21479800499241808,0.17186747591112592,4.419615376643125,0.008056152508320976,0.003347417010434828,4.408211807124369
0.21479800499241808,0.23460613577388545,0.3701820285829285,0.03623050255087416,0.0027506191264617314,0.33120090690559256
0.21479800499241808,0.27438929506625404,2.6378090773143654,0.0015450844852874482,0.024259284126821924,2.612004708702256
0.21479800499241808,0.2665132399173559,1.3223748442106804,0.01610344391649712,0.0016475781207317833,1.3046238221734514
0.21479800499241808,0.2457419121376777,1.4660462180873606,1.378678220925714,0.0018830110803853399,0.08548498608126116
0.21479800499241808,0.20342767029728628,1.026628054412985,0.018388707953851283,0.004170936564125089,1.0040684098950088
0.21479800499241808,0.2259026640101437,2.6529546055477384,2.6203652112945113,0.00267557934585051,0.029913814907376962
0.21479800499241808,0.27599452014793896,2.4893280767822494,0.2978694402694383,2.1725783967496497e-05,2.191436910728844
0.21479800499241808,0.28426632126855966,0.2215438512848399,0.010432241674842644,0.045487885814507384,0.16562372379548987
0.21479800499241808,0.18294327848996086,1.1849834276768694,1.1641737640110075,0.020520029164763476,0.0002896345010983864
0.21479800499241808,0.26062290936257665,3.8248734273957354,0.2176298917950996,0.0006773117812704874,3.606566223819365
0.21479800499241808,0.2506163026379957,10.976463767099386,10.974729183776464,0.0009606113584820046,0.0007739719644394008
0.21479800499241808,0.23129556140690186,4.500035473309186,4.388174393144375,0.0009552055141080029,0.11090587465070258
0.21479800499241808,0.19389924191961955,0.6448029281273112,0.12830939558842724,0.0010809766177198928,0.5154125559211641
0.21479800499241808,0.25456685133155926,1.5626171245554459,0.43093739994578867,0.0064363621460894055,1.1252433624635678
0.21479800499241808,0.16302356983536348,0.03028157007004064,0.01595770066475021,6.800594892279342e-06,0.014317068810398148
0.21479800499241808,0.2177665615898027,2.7357948451283005,2.395333986728764,0.34043977850845103,2.107989108571082e-05
0.21479800499241808,0.21387766237984504,3.8030334445103837,0.0014439035403822041,0.02018614647515096,3.7814033944948506
0.21479800499241808,0.27211737033476235,7.683710827365279,7.448579786365017,0.2343578007597212,0.0007732402405408201
0.21479800499241808,0.2461166727922666,2.9843520600134736,0.10217608013425006,0.00012135829118370117,2.88205462158804
0.21479800499241808,0.27171987378547746,7.621535884142396,0.001546004539087918,0.07129661124603588,7.5486932683572725
0.21479800499241808,0.18407746228092825,0.24064328801275836,0.14558684019710488,0.00042066196343432116,0.09463578585221914
0.21479800499241808,0.17894906631309912,0.2775996689600899,0.26369422779942925,5.3067542924439454e-05,0.013852373617736245
0.21479800499241808,0.18078261168029136,17.19129157853942,17.180156099569686,7.343027775478885e-05,0.011062048691978936
0.21479800499241808,0.22765389979227746,5.62656459098004,5.615028743162988,0.001358647740653866,0.010177200076398482
0.21479800499241808,0.1968018296941432,1.3645498937081078,0.0007228326535667363,0.003292180078759269,1.3605348809757818
0.21479800499241808,0.16433107332393113,12.388274257202529,6.471202934805174e-05,0.0005558341105342615,12.387653711062645
0.21479800499241808,0.18236442595697447,8.255492691428989,8.166311891601076,0.08900141551962602,0.00017938430828706915
0.21479800499241808,0.26093596521057705,2.8896218680042467,0.00023534184209398717,0.12436585383829163,2.7650206723238613
0.21479800499241808,0.21694082337046613,0.6742676119475529,0.06160915889976014,0.003691170238488465,0.6089672828093043
0.21479800499241808,0.275259029666379,1.613078303390941,0.9803759818955127,0.0001891251792814368,0.6325131963161468
0.21479800499241808,0.24187839992001084,2.0965262398523006,2.05920299366652,0.006527271653640377,0.030795974532140436
0.21479800499241808,0.2840009183864228,0.3816394536898862,0.22472107323268334,0.009201372170092818,0.14771700828711007
0.21479800499241808,0.16066932012472096,0.03793063626914353,0.03173705081354136,0.00018376125403353637,0.006009824201568637
0.21479800499241808,0.164829674446615,0.7480951136587333,0.00023636342040095245,0.042668955387861265,0.7051897948504711
0.21479800499241808,0.15961637014414065,0.4982897376132065,0.0020010579819384183,0.10507753587417315,0.3912111437570949
0.21479800499241808,0.19703375068684975,0.2781107841127146,0.001012072076969404,0.015612022421245462,0.2614866896144997
0.21479800499241808,0.25101950600208645,0.5858759335291075,0.0006213608546106608,0.19094363810960857,0.3943109345648883
0.21479800499241808,0.2432704492638988,0.7945287848898321,0.2561093324574889,0.003940358237222757,0.5344790941951205
0.21479800499241808,0.2236042584599435,0.236914784937849,1.8198565895204938e-06,0.10353944317206454,0.13337352190919494
0.21479800499241808,0.20606874911246417,1.5513817136172228,0.04799213180314999,2.987377446276684e-05,1.50335970803961
0.21479800499241808,0.2471919997866493,0.5051219441945829,0.10223556847336884,0.000515394319925479,0.4023709814012886
0.21479800499241808,0.22636459930607988,1.7287994154507569,0.20133413211007586,5.5192735908106426e-08,1.527465228147945
0.21479800499241808,0.26823907050665263,1.3746351524985247,0.0033944498538402137,0.31904391309937324,1.0521967895453113
0.21479800499241808,0.16707574250011045,1.2815796848355836,1.2621847345539245,0.01911154760599678,0.0002834026756622825
0.21479800499241808,0.2470949885758962,0.5169960415511953,0.38657779443087215,0.04303225762136196,0.08738598949896119
0.21479800499241808,0.22104827544290565,28.32814105331355,0.02790552338263909,0.00044837246274560057,28.299787157468167
0.21479800499241808,0.162769088928838,20.16449459821368,20.07258809138895,2.7639417713078158e-05,0.09187886740701587
0.21479800499241808,0.1932792572143019,0.8323402508337465,0.8158729678036197,0.01634412022402979,0.00012316280609699852
0.21479800499241808,0.22911849325139688,0.35846295463945266,0.0010707699700886117,0.16837898400493317,0.1890132006644309
0.21479800499241808,0.16170911505310234,1.1826276341389732,0.1795786934956423,1.6302559411354662e-06,1.0030473103873898
0.21479800499241808,0.22793064754330317,2.102736628506868,0.00021278525657363086,0.07950141951184743,2.023022423738447
0.21479800499241808,0.2574852387351372,1.1882065439512108,1.1347840325518654,0.004763872575530467,0.04865863882381487
0.21479800499241808,0.2320353117455774,6.00212269628292,5.996915025055369,0.0025704520045193593,0.0026372192230316952
0.21479800499241808,0.27822537962660093,1.038957979243917,0.0023846625291842234,0.4279768096955434,0.6085965070191892
0.21479800499241808,0.2320152610125507,8.899396983599402,0.004673939445673604,0.02310468771252587,8.871618356441203
0.21479800499241808,0.23279180923814635,0.1848689210029336,0.03478412272715736,0.0005420145554791356,0.14954278372029708
0.21479800499241808,0.1641759826757802,0.07810264020891158,5.841432218660372e-05,0.020547961416561802,0.05749626447016318
0.21479800499241808,0.25043368574485214,0.8638528658869802,0.49919633686680687,0.00010187906892927068,0.3645546499512441
0.21479800499241808,0.2262819649540637,1.096852943133568,0.9356135402610558,0.16122795574429044,1.1447128221749982e-05
0.21479800499241808,0.2288418318398633,23.8107081528976,23.799571077456555,0.011135335617019515,1.739824026610903e-06
0.21479800499241808,0.20944858489485696,0.7326144951192763,0.6856510802189949,0.00014363061696284193,0.04681978428331862
0.21479800499241808,0.2603355507837793,2.6383724150823413,0.02028851617275904,8.746371888099802e-05,2.6179964351907015
0.21479800499241808,0.23126273122157487,7.465743844548853,2.3462894850408965e-05,0.04641483499636915,7.419305546657633
0.21479800499241808,0.20502403998087707,1.195626043139051,0.7083727340651188,0.0002768391360867682,0.48697646993784544
0.21479800499241808,0.18236651500805223,0.5579503537115093,0.5543179678020946,0.0004580275079628593,0.0031743584014517867
0.21479800499241808,0.24005615398427607,13.012561155734874,0.03489230165628554,9.192343875233998e-05,12.977576930639836
0.21479800499241808,0.1725204453103598,4.654188640135415,0.00010712315138258824,0.030243797301674598,4.623837719682358
0.21479800499241808,0.2501953897273371,13.657733906477167,13.631977004368128,0.025352099551559055,0.00040480255748011855
0.21479800499241808,0.21382328417798943,11.12018687939655,0.00024300192847511405,0.0037555239521097957,11.116188353515966
0.21479800499241808,0.18382169972843623,7.819920268693811,0.018394908210687094,1.251063497450726e-06,7.801524109419627
0.21479800499241808,0.23864706598185687,1.2781246239708406,1.2406937966194969,1.0258320470286768e-05,0.03742056903087351
0.21479800499241808,0.20814572861130062,2.305895832458375,2.304039784859823,0.001449120976438234,0.00040692662211388764
0.21479800499241808,0.24351257343357882,9.020671632013038,8.91166109930887,0.10430682192501702,0.004703710779151876
0.21479800499241808,0.2438372697673061,2.7568509012469113,0.10042439213245997,0.0015341359828689918,2.6548923731315823
0.21479800499241808,0.1891096788971373,5.3037358921418924,4.924968482924835e-07,0.19098213882459988,5.112753260820444
0.21479800499241808,0.28800789514557645,1.2253837127404137,0.013816050252468823,0.004184943881752252,1.2073827186061925
0.21479800499241808,0.24022991078987305,6.062253711936206,6.036108944957723,0.0008970911333874144,0.025247675845095453
0.21479800499241808,0.18073127774466813,0.472427311514281,0.4566878047584482,0.015294781610794946,0.0004447251450378632
0.21479800499241808,0.1744185824513363,0.3625786482089227,0.003480054457465096,0.04384046203226408,0.31525813171919354
0.21479800499241808,0.2017566780648106,0.19859065227549122,0.02361972799370464,6.98829388287954e-05,0.17490104134295778
0.21479800499241808,0.24897087863932205,1.432195670362015,1.2144144894570938,0.21437261124414728,0.0034085696607737467
0.21479800499241808,0.22661975926826192,1.1392417030144621,0.011553515461678715,0.01056505011032188,1.1171231374424615
0.21479800499241808,0.1642578215143902,1.6988304031616295,0.012202317016767474,4.9393646912665255e-05,1.6865786924979493
0.21479800499241808,0.21005585562406118,4.357554420551368,0.006017015969852675,0.0012065393137110417,4.3503308652678045
0.21479800499241808,0.19064675986427232,0.6821310378110998,0.00015857055884049026,0.17450206180465982,0.5074704054475995
0.21479800499241808,0.2707368211758166,0.3199657263450783,0.2543193395017933,0.0586743784929709,0.006972008350314094
0.21479800499241808,0.27679956375751463,10.363064316085499,0.12701182629302704,0.010749051353325979,10.225303438439145
0.21479800499241808,0.2306202220643133,1.6554649892513993,1.648660870610781,6.156174427672883e-06,0.006797962466190717
0.21479800499241808,0.1752510375321677,0.2293125897163436,2.3575562606510384e-05,0.09793789876860572,0.13135111538513136
0.21479800499241808,0.2046134874135087,0.3612957139606912,0.00016001113362052756,0.10035167068418446,0.2607840321428862
0.21479800499241808,0.2679495015935047,0.4209283752291375,0.32720794326484776,0.08822678748248593,0.005493644481803847
0.21479800499241808,0.18440602042664261,0.26361120165713475,6.395353071838026e-05,0.01851301522535793,0.24503423290105844
0.21479800499241808,0.2671645060206534,2.9781020317835063,0.7594684556626756,0.0014122738374573258,2.2172213022833733
0.21479800499241808,0.1719780728668535,4.5630765163940525,0.0046624906116464375,2.5111852004399518e-05,4.5583889139304015
0.21479800499241808,0.23827732470999777,2.3078391668568474,2.770983445729733e-06,0.05990070579100574,2.247935690082396
0.21479800499241808,0.2591181547715343,0.07732802087281597,0.06597786130926653,0.002585489310430911,0.008764670253118532
0.21479800499241808,0.20874307171902368,5.539192311005613,0.00060640543883352,0.028025707722346624,5.510560197844433
0.21479800499241808,0.19235125238297085,0.3796449586257672,0.00234501741522266,0.00013312988828240234,0.37716681132226215
0.21479800499241808,0.1606413775241437,0.2154642838357592,0.16197844846821285,0.05257933813873816,0.0009064972288081852
0.21479800499241808,0.2060455009040962,5.744883271741155,5.533425758418108,0.21088355762757388,0.0005739556954721631
0.21479800499241808,0.27405642053791374,0.7754281539890743,0.7521060145717539,0.02255222410576936,0.0007699153115510233
0.21479800499241808,0.19868229898979914,0.9356665078374813,0.9255863242365474,0.004435659650010117,0.005644523950923757
0.21479800499241808,0.19236064026053798,21.48813890158215,21.474716894480874,3.330852930636326e-05,0.013388698571968389
0.21479800499241808,0.1697382039991584,0.2735274416119957,0.2713541587109602,0.002171026406166058,2.256494869443604e-06
0.21479800499241808,0.23560020405550686,3.3070830401146494,0.027771407836251573,0.000338568633029125,3.2789730636453687
0.21479800499241808,0.18556896957499688,2.9073193616391055,0.0005343089076561148,0.03671395969028439,2.870071093041165
0.21479800499241808,0.18875195057485997,7.911648385592929,0.000318818802261655,0.007531621378142408,7.903797945412524
0.21479800499241808,0.21509342646029644,2.5706759393547163,0.9685246931743069,4.124868079595804e-05,1.6021099974996136
0.21479800499241808,0.23353641781238757,3.07261595331221,0.000232761409275556,0.0006938728910654588,3.071689319011869
0.21479800499241808,0.23027556834005056,5.338354940440412,0.0056686118794499534,0.0016209570924804728,5.3310653714684815
0.21479800499241808,0.17857292509608957,11.159532892323925,1.4474769457161806e-06,0.05033785859233797,11.109193586254642
0.21479800499241808,0.20859370575443864,1.8087799678554533,1.7587998614643718,0.0007144271897955942,0.04926567920128573
0.21479800499241808,0.17483410964369386,0.22469391556717155,0.0001016313793356637,0.0718579021352397,0.15273438205259618
0.21479800499241808,0.20361699040909972,19.85785013316595,19.835839359658923,0.0005630457825560429,0.021447727724469734
0.21479800499241808,0.1755927980247699,1.0646195251386568,1.0324822873261397,0.032097245157439086,3.999265507806163e-05
0.21479800499241808,0.17321313930549923,7.191634420067843,7.190667284029184,6.527883894796241e-08,0.0009670707598201799
0.21479800499241808,0.21768493284903723,3.481440311032524,0.10480387164837575,0.004746374819110465,3.371890064565038
0.21479800499241808,0.17783895420798024,3.452546615571644,0.0037450696672561706,0.00015138935918560862,3.4486501565452023
0.21479800499241808,0.2092749352083714,0.8299473268747412,0.7972819137152788,0.00027488386548567967,0.03239052929397666
0.21479800499241808,0.2552905043998919,2.772688388445078,0.001534729873480645,0.0019636148670139544,2.769190043704583
0.21479800499241808,0.21182255664481422,2.8088946890603737,2.6962058771706316,0.00022484244471819776,0.11246396944502357
0.21479800499241808,0.1825645923112825,1.6450755224705542,0.0008216180632758213,0.02185193805037127,1.6224019663569071
0.21479800499241808,0.180943549389802,5.564581616206209,5.557997598029767,5.0501390162664034e-05,0.006533516786278707
0.21479800499241808,0.1823668696954996,4.2951201336693785,0.003090979655520215,6.285846815333938e-06,4.292022868167043
0.21479800499241808,0.184949208064602,0.7624659512810363,0.293747698046607,0.0002314135061495653,0.46848683972827976
0.21479800499241808,0.23665148601279526,4.561511640075036,4.546329139366177,0.012270820759245262,0.0029116799496134906
0.21479800499241808,0.18937407835132186,2.078451023378726,0.19324142564441807,5.9040837493267984e-05,1.8851505568968143
0.21479800499241808,0.16720073747718842,2.4890701219526137,2.3720862498081923,0.11698252637265656,1.345771764816246e-06
0.21479800499241808,0.17930273653023027,2.732961567687851,0.0029849195207680744,2.5562223695153875e-05,2.7299510859433878
0.21479800499241808,0.24934674703754456,2.048185065112842,1.773365989471274,0.27203111345102104,0.0027879621905470115
0.21479800499241808,0.20243722761797017,0.16133890284685976,0.1577287305842943,0.0022998028342393513,0.001310369428326112
0.21479800499241808,0.20099872841216906,0.08470988565260776,0.0069758396402613415,0.0025970782179444143,0.075136967794402
0.21479800499241808,0.20609867045586505,0.9555413879398105,0.05624025765932857,0.0002541551899520099,0.8990469750905299
0.21479800499241808,0.20890818172892867,3.641609635451663,3.5922549623882194,0.00019302840904390924,0.04916164465439998
0.21479800499241808,0.166648843930953,1.7363657160354755,1.253946279957822,8.370127399024462e-06,0.4824110659502545
0.21479800499241808,0.26862296933850105,0.6960912945569622,0.42970203029788184,0.2642747322031458,0.002114532055934637
0.21479800499241808,0.28958903314938944,2.4383824742805067,0.010361047825575351,0.08707672611958651,2.3409447003353447
0.21479800499241808,0.20296034873091287,0.2193144045093649,0.198965022453429,0.020046732072430153,0.00030264998350574277
0.21479800499241808,0.2763853980049081,5.325354818126401,0.006772892494543536,0.07394004219741691,5.244641883434441
0.21479800499241808,0.22295120370306587,3.325600872276054,0.018563030815883223,0.0005753550967440166,3.306462486363427
0.21479800499241808,0.2581779256975592,6.192707612340957,0.000604267492120729,0.08899308453962566,6.103110260309211
0.21479800499241808,0.28172859169674397,2.024925733584946,1.3595987167001427,0.005702302928512015,0.6596247139562914
0.21479800499241808,0.1876132831235406,0.4385013354751123,0.3629458608831961,0.07546429104822171,9.118354369446334e-05
0.21479800499241808,0.1947766534046078,4.83254188577363,4.798067363755896,9.931878525497552e-06,0.03446459013920831
0.21479800499241808,0.1968805169870761,0.847724394383065,0.8462995333095883,0.0011491591434356593,0.0002757019300411465
0.21479800499241808,0.17955023181990462,0.8822604234862318,0.027783390989213032,0.000838245534192289,0.8536387869628265
0.21479800499241808,0.19930503964442947,0.9513907459441149,0.8218282619158561,0.0001648421719315569,0.12939764185632724
0.21479800499241808,0.23683616345177452,1.165391782651343,1.1241078474645831,0.03977439134784984,0.0015095438389099523
0.21479800499241808,0.1761231728243599,4.459716007133638,1.204754269668861e-05,0.02511941784271485,4.434584541748227
0.21479800499241808,0.16801497070024646,1.8780238164194722,0.00013451028998474023,0.051249321112679394,1.826639985016808
0.21479800499241808,0.24044445250079954,0.5197671879266993,0.09385776056067276,0.0023257463216954048,0.4235836810443311
0.21479800499241808,0.19041977603876717,0.7429434475495361,0.5716669055484895,0.17127191758187693,4.624419169736409e-06
0.21479800499241808,0.20498667619793737,0.37776517909536056,0.3495701588664589,0.019770234694368165,0.00842478553453344
0.21479800499241808,0.180737469327544,0.7557816472903139,0.7467138934607787,0.009020314361454734,4.743946808044807e-05
0.21479800499241808,0.26867120062847144,4.247364369396151,4.223957180113797,0.002571577177307275,0.020835612105046825
0.21479800499241808,0.1826525189105857,1.1920519348316847,0.0063117382251955435,0.001121405434626674,1.1846187911718624
0.21479800499241808,0.19463883027228504,4.736486037926134,4.719180604492514,0.0005933936895131404,0.016712039744106413
0.21479800499241808,0.22237393448327225,0.378281190182494,0.0020617680848895306,0.0026136383731698745,0.3736057837244346
0.21479800499241808,0.21032718249193702,0.6968441521820533,0.021351569504529322,0.000758847701133003,0.674733734976391
0.21479800499241808,0.2277577087862572,5.669624409851258,5.658518342014153,0.010979079859098255,0.00012698797800678077
0.21479800499241808,0.268962779975085,4.4970094166276855,0.0012901215238195133,0.09408918899623592,4.40163010610763
0.21479800499241808,0.197247175774909,1.3363717715738537,1.2916780649272157,0.044007155324675105,0.0006865513219629808
0.21479800499241808,0.1757318028039685,0.5029971987104545,0.4952907801773245,0.00044431238912683995,0.007262106144003174
0.21479800499241808,0.1850566417109347,3.43680293021161,0.0003066718487784953,0.0194851770495843,3.4170110813132473
0.21479800499241808,0.20004045300539927,0.5409003394726459,0.14041136523434244,9.512148457963353e-05,0.4003938527537239
0.21479800499241808,0.20026789807471332,5.229006867250361,5.189868056876815,0.03895252921576817,0.00018628115777819616
0.21479800499241808,0.2110491874321753,1.4849554615758775,1.460935419934561,0.023241235622307125,0.0007788060190095803
0.21479800499241808,0.2438383000569989,3.268429322047193,3.2351117430825904,0.003153208959668854,0.030164370004933782
0.21479800499241808,0.17673750096380783,2.242978288714699,2.197505739840458,0.0454500103345403,2.2538539701305975e-05
0.21479800499241808,0.20359094982634945,0.20062745397437115,0.18880040279063331,0.01179234463942302,3.4706544314801615e-05
0.21479800499241808,0.1745902306245632,1.0118622126717924,1.544254734025478e-05,0.02497019397270507,0.9868765761517472
0.21479800499241808,0.22124725041701768,1.5605773832333167,0.02340738935232726,0.0002505573285334361,1.536919436552456
0.21479800499241808,0.27612133916172754,0.9215890411168486,0.8013736500243795,0.0004679543048417943,0.11974743678762721
0.21479800499241808,0.1649830170039864,0.4612392122504233,0.4534023825672257,0.007739969538378184,9.686014481943439e-05
0.21479800499241808,0.23112248704710764,1.9530212836739336,1.8712720446349878,0.08007644130618914,0.0016727977327566778
0.21479800499241808,0.21069636168073158,7.426095326349943,2.8927873612696672e-05,0.2760255931373829,7.150040805338947
0.21479800499241808,0.21567646120954673,2.7860409664308476,0.0004788848804362475,0.004634915772914527,2.7809271657774968
0.21479800499241808,0.2159350539041735,0.3380396430206446,0.2967763677639543,0.03912385763473761,0.002139417621952682
0.21479800499241808,0.20271211656529758,2.4536194231416917,2.4443181307500605,0.009298010731668051,3.281659962840346e-06
0.21479800499241808,0.1879584173380696,2.8066890951871586,2.7711567330919915,1.6715819920663104e-05,0.0355156462752463
0.21479800499241808,0.2284907070014855,3.0427580706007995,3.0145302825952593,0.027711247718025418,0.0005165402875147404
0.21479800499241808,0.18036312738380939,0.1314397382054269,0.10572207880677137,0.0253233821868159,0.0003942772118396263
0.21479800499241808,0.19320641593853238,1.399624866003207,0.0556753866884984,7.221594437802222e-05,1.3438772633703304
0.21479800499241808,0.16536461921489992,0.7167545340642701,0.04353872764544632,5.063967020931546e-05,0.6731651667486145
0.21479800499241808,0.17763756272559483,2.108140056343559,2.0741119302944013,6.564769122718183e-07,0.03402746957224498
0.21479800499241808,0.2270669798756165,19.656829376082136,19.633555033079297,0.013362726776360363,0.009911616226478482
0.21479800499241808,0.17143866868943317,3.7081394361319067,0.020867910257546644,0.00030240590874683495,3.6869691199656134
0.21479800499241808,0.15831349748467638,1.080092922079769,0.008276313686691681,2.049092256826451e-05,1.071796117470509
0.21479800499241808,0.2889554553998084,1.0578745655726332,0.8544945447116269,0.00039485567411432816,0.20298516518689186
0.21479800499241808,0.15824066950886073,2.269286935193878,0.0005190837269483748,0.02423807609578939,2.24452977537114
0.21479800499241808,0.2631137417788719,0.5487319787626384,0.5362734256365661,0.01020044852708028,0.00225810459899198
0.21479800499241808,0.17876624658429313,2.649402028488725,0.018161317680481143,0.00013090489863319882,2.6311098059096105
0.21479800499241808,0.18406636455641684,0.8845324790108181,0.0001621926886390506,0.0012903939904660945,0.8830798923317129
0.21479800499241808,0.20478137753353723,3.7916329865952423,3.7845516523014604,1.543316519866508e-05,0.007065901128583374
0.21479800499241808,0.2837383451026026,2.2674016412706184,2.225608885751789,0.008555374643603,0.033237380875226125
0.21479800499241808,0.18503467188898226,1.4924943676344737,3.516097768212674e-05,0.6253792356862583,0.8670799709705335
0.21479800499241808,0.22851813944733776,1.8650917098782864,0.00035935596387557577,0.007833713926052883,1.856898639988358
0.21479800499241808,0.17697882022870323,0.16952127313303691,0.12162534981457869,3.622690033392128e-05,0.0478596964181243
0.21479800499241808,0.17359481791568881,2.291714967476835,2.278161024716409,0.00044196175154068054,0.013111981008885413
0.21479800499241808,0.23782870646852394,7.028711230858049,7.014299296528584,0.0012552361608084012,0.013156698168655627
0.21479800499241808,0.19159953837294819,0.7913612830518522,0.7078519362553475,0.08338130886632272,0.0001280379301819865
0.21479800499241808,0.25810743458615415,9.706560653923571,0.011441307211919943,0.0020893602782127776,9.693029986433439
0.21479800499241808,0.1639368694881023,2.192443876732034,0.012485266399197163,5.7892228401667494e-05,2.179900718104435
0.21479800499241808,0.1899116029431845,1.0283417474635428,0.00411588959892093,0.00258517208967045,1.0216406857749514
0.21479800499241808,0.1720660458417686,0.06427669287604104,0.06363994610637895,0.000487827805447927,0.000148918964214158
0.21479800499241808,0.17407783888783485,4.279310548446209,0.005500907614114698,5.1090542913447455e-05,4.273758550289181
0.21479800499241808,0.17901772620751658,2.980808552429502,0.007689382163012304,4.6735879255371127e-05,2.9730724343872343
0.21479800499241808,0.237776257334948,3.933689656482258,2.024955509905874,1.9086633471574779,7.079941890602766e-05
0.21479800499241808,0.20377723781575038,4.658657871944569,4.642898212746843,0.01573309257838221,2.656661934315861e-05
0.21479800499241808,0.1607973089423065,6.749164614093047,6.735509079500733,0.00018620684689314078,0.013469327745421273
0.21479800499241808,0.19334453680245686,0.1587859109290811,0.00022553194347080637,0.05714520523971622,0.10141517374589407
0.21479800499241808,0.23281022179555388,0.32116297892382906,0.16405293191295472,0.15596117606339172,0.0011488709474826175
0.21479800499241808,0.2589815477674158,1.6318380794130567,1.6159397997655978,2.4440851487138153e-05,0.015873838795971845
0.21479800499241808,0.16096331988070176,0.2684231459277673,0.05947355543416911,8.78267707063784e-05,0.2088617637228918
0.21479800499241808,0.28588114670384723,3.285222737859783,3.229144422079449,0.05529592547103182,0.0007823903093023561
0.21479800499241808,0.20253513357205322,0.2375868895390421,0.15978617206410475,0.07416745178249376,0.003633265692443608
0.21479800499241808,0.17321561121628273,0.7822740388918864,0.6374631387783845,0.14471997234207368,9.092777142831525e-05
0.21479800499241808,0.2213489678200386,17.203369943634776,0.0009177812712255348,0.012919081755978598,17.18953308060757
0.21479800499241808,0.22565328296495116,11.954346680230922,11.94533186088491,9.237520390432765e-05,0.00892244414210802
0.21479800499241808,0.2470627006621899,4.0402154742334595,0.0001901831147925678,0.012672809484672093,4.0273524816339945
0.21479800499241808,0.19314186327461624,0.8036662478517802,0.007285064904722446,6.382772705367163e-05,0.7963173552200041
0.21479800499241808,0.18040022373056375,1.4432794206854993,1.4399006048905305,0.0006487192124162754,0.002730096582552572
0.21479800499241808,0.17815000622509744,5.12235805985807,0.0023969365919830144,0.00021660445225806462,5.119744518813829
0.21479800499241808,0.25394357042759735,0.8211851718596366,0.6529780909555306,0.0032741386343726844,0.16493294226973335
0.21479800499241808,0.2340580886594319,0.42364111119026043,0.02513449335689538,6.0222199256302295e-05,0.3984463956341088
0.21479800499241808,0.2803488076247881,0.7959211400445264,0.7898494884857846,0.0059849534788153505,8.669807992647698e-05
0.21479800499241808,0.24190139145007644,14.60512328879431,0.0027505822086157914,0.06202514433005917,14.540347562255635
0.21479800499241808,0.20780654009819458,18.450102363602138,1.0558789009700268e-05,0.0036707621526135903,18.446421042660514
0.21479800499241808,0.19471801142086395,4.072590294073913,4.0050385914309095,0.06752595170322323,2.5750939779362585e-05
0.21479800499241808,0.2086153386147856,0.6643463901786791,0.016844805121762143,0.00037380065620403103,0.647127784400713
0.21479800499241808,0.26525144067744816,4.966618164615144,4.953341294777815,0.00034760889621072256,0.012929260941119559
0.21479800499241808,0.2745744660870876,1.5314854707326122,0.006731227225086376,0.00044258014304385056,1.524311663364482
0.21479800499241808,0.15881291814938134,0.3717546848756353,0.3697532668504868,0.001974110503182622,2.7307521965829843e-05
0.21479800499241808,0.17908058602846305,12.173747134931958,0.1108800498419241,1.465620209961842e-07,12.062866938528012
0.21479800499241808,0.23210838705478268,5.925065661277102,0.004864760022612832,0.0003777838691336397,5.919823117385356
0.21479800499241808,0.1666541231977671,2.5570703126910947,0.00463192987111076,1.1775276511611056e-05,2.5524266075434725
0.21479800499241808,0.2647182574705597,3.0075397782426685,0.3475864908110285,0.0016186401910879492,2.6583346472405522
0.21479800499241808,0.2789676405064034,2.2608671285873005,0.03801413397402043,0.03802723922741792,2.1848257553858623
0.21479800499241808,0.22112798406391446,4.315066407174428,4.299862624610098,0.014659275298796006,0.0005445072655343503
0.21479800499241808,0.25870519355220134,5.434526684659661,0.0054813303794806,0.0031708293332144374,5.425874524946966
0.21479800499241808,0.1895132725531434,1.5068060639191057,1.5014080074741245,0.0017667763788000797,0.003631280066180979
0.21479800499241808,0.1878829443810397,1.9997983534149297,1.9107479154367624,2.189024513059527e-05,0.08902854773303678
0.21479800499241808,0.18459942657492193,2.73661845667033,2.6987715833949837,6.587328056419593e-06,0.03784028594728994
0.21479800499241808,0.20861313440386972,6.951921817023653,6.9043446369124215,0.0057759444646395776,0.04180123564659142
0.21479800499241808,0.17056521481651546,1.6185261123325414,1.6036498122124927,0.014573247336821481,0.0003030527832271954
0.21479800499241808,0.1833750834200299,0.10771372015357339,0.030056763870822942,0.0005429085500022865,0.07711404773274816
0.21479800499241808,0.270666693631288,1.3090447341854252,1.0678910354697868,0.0033135743036873033,0.23784012441195096
0.21479800499241808,0.2182367039101863,0.988225103275856,0.9754759013864428,0.012600594174808615,0.0001486077146045619
0.21479800499241808,0.19406239876038064,0.9531711858827882,0.8949940111541664,0.0015689146123647137,0.05660826011625692
0.21479800499241808,0.20643249612714223,1.8016156087261317,8.048358843577074e-05,0.08066916189507582,1.7208659632426202
0.21479800499241808,0.18274345446972823,0.8395942663662538,0.00020352623660651922,0.12288730630494919,0.716503433824698
0.21479800499241808,0.21981531451478833,19.089213732391574,19.08411377797135,0.0036320061983097962,0.0014679482219137495
0.21479800499241808,0.2571551469872132,1.692993722319301,1.6047884388372224,0.08751645315586289,0.0006888303262156351
0.21479800499241808,0.25467614796685817,1.8959366933608268,0.00019831460570407178,0.23097025764608312,1.6647681211090397
0.21479800499241808,0.27448225518609803,22.582798957663414,0.0010007594224377791,0.0025289504566507115,22.579269247784325
0.21479800499241808,0.2074531276686234,0.9692525180089288,0.7071485980485616,0.00020411853863947147,0.26189980142172775
0.21479800499241808,0.28644389096623235,2.590267331920261,0.03293270346142438,0.00041963054457793515,2.5569149979142587
0.21479800499241808,0.22880785524868513,1.4730337194802088,0.11767015088232263,0.0004872590563469372,1.3548763095415393
0.21479800499241808,0.20531568294993213,0.5371886374460983,0.0013095700726565556,0.054537810185963924,0.4813412571874779
0.21479800499241808,0.21886934325933652,0.2972296299288946,0.0013559656955618494,0.024482168439095262,0.2713914957942375
0.21479800499241808,0.2479602410798504,0.8996805586348127,0.06379693579087721,0.0005544243614553952,0.8353291984824801
0.21479800499241808,0.1755808990448326,7.946542817057295,7.93556309762011,0.010846415085836052,0.0001333043513485347
0.21479800499241808,0.2838988848624137,10.139238633877838,0.057070546966170296,0.0010375245751189199,10.081130562336549
0.21479800499241808,0.17682379501148268,0.02670605743874864,0.021355605505825888,0.0037252910068922875,0.001625160926030465
0.21479800499241808,0.18904845414670676,1.306854598205841,1.2864921430723768,0.020339643068922133,2.2812064542116055e-05
0.21479800499241808,0.179245964309021,0.854790141254784,0.85219529036496,1.575203186954462e-05,0.002579098857954494
0.21479800499241808,0.21939629658854934,1.5583358477247922,1.5481677782438825,0.001097515584905139,0.009070553896004504
0.21479800499241808,0.264072862592845,4.801160951576586,4.682982004967852,0.005357481398554862,0.11282146521017884
0.21479800499241808,0.17446231165701395,0.7405032734610614,0.7327646065441071,0.00034728257338654384,0.00739138434356764
0.21479800499241808,0.2063060440167007,0.7393400068098884,0.012742967084757428,0.0017700122249648378,0.7248270275001661
0.21479800499241808,0.1936872520852451,1.7674461939556558,1.0496544397933106e-05,0.025994002963686532,1.7414416944475715
0.21479800499241808,0.18934287706532468,0.05111875427167219,0.005038048908581622,0.006869862166146457,0.03921084319694411
0.21479800499241808,0.1599260234650722,0.49235169446383714,0.3087211412869271,7.57550760819849e-05,0.18355479810082803
0.21479800499241808,0.2733987999834366,17.023641985426252,0.09162980233073355,0.0041060334510692915,16.92790614964445
0.21479800499241808,0.1969406048178906,0.31175576906391794,0.07791197756675997,0.0007035867374160834,0.2331402047597419
0.21479800499241808,0.18865293431346775,1.3212061029269992,1.3035646204386122,2.32619179350902e-05,0.017618220570452068
0.21479800499241808,0.2864688894777726,13.611397678625654,13.56948363780094,0.022798279509302872,0.019115761315411064
0.21479800499241808,0.18046176170322448,0.9471028793246804,0.016014082004806363,0.0008580222585417043,0.9302307750613323
0.21479800499241808,0.20185532855660634,4.241918574296208,0.14561484811014558,1.7496165951346616e-06,4.0963019765694675
0.21479800499241808,0.2720084933698497,1.0262539026907451,0.8660216331582045,0.15882925333067982,0.0014030162018608718
0.21479800499241808,0.2510722087594936,2.7458767701915896,2.691272479921289,0.05359149623586782,0.001012794034432838
0.21479800499241808,0.21166448378110397,8.285845053380152,0.0001305207925747985,0.0024020849101552754,8.283312447677423
0.21479800499241808,0.22623738128297022,0.120759267937718,0.0947989527658735,0.024043696407015404,0.0019166187648291084
0.21479800499241808,0.22948686594951084,0.17087792301301313,0.1571336700615112,0.0033238551775414743,0.010420397773960472
0.21479800499241808,0.2287937068421518,0.568167019403778,0.4039387619357985,0.0030108051879165023,0.16121745228006304
0.21479800499241808,0.20885337622194985,5.701131260292651,0.3004480199923223,7.59682121353963e-06,5.400675643479115
0.21479800499241808,0.2604164261518881,1.4875135205492613,0.0013936722974991563,0.7342381248020794,0.7518817234496826
0.21479800499241808,0.2243408010127029,20.218045501108953,0.0023263093450743354,0.0006586682202611836,20.215060523543617
0.21479800499241808,0.2789508494810417,0.018560777591785465,0.014443040061366803,0.003039794463385892,0.001077943067032771
0.21479800499241808,0.16291815779857802,0.341860458571479,0.25935418094967555,3.328880784937142e-05,0.08247298881395408
0.21479800499241808,0.2609621065099886,0.6968139460929776,0.5014665453174507,0.004111158614596328,0.19123624216093066
0.21479800499241808,0.195654343759158,14.816092829756519,0.010811902814230568,4.309472616504996e-05,14.805237832216124
0.21479800499241808,0.19353372094790738,0.8531484550586252,0.0013853548296439081,0.0009597663982362451,0.8508033338307451
0.21479800499241808,0.20243233409123443,0.6483802091607905,0.4241733524694921,0.0007579697176926737,0.22344888697360574
0.21479800499241808,0.18087311163097064,2.613670598497614,2.611716660012006,0.0007019635495555509,0.0012519749360526097
0.21479800499241808,0.23071124873732238,1.1363331699496653,0.35514041146524233,0.009149495070722005,0.772043263413701
0.21479800499241808,0.18492889242078298,5.9832174904766875,5.9746250439740844,0.00018275154979756548,0.00840969495280609
0.21479800499241808,0.1935552807485332,0.105769038063876,0.04308947893175238,0.00046008083778159814,0.062219478294342025
0.21479800499241808,0.24468503544529308,17.223968142092186,0.23092896493815332,0.0002211835382491336,16.992817993615784
0.21479800499241808,0.22520692614555457,1.9106221066565179,0.0008018450597135452,0.6877477633032948,1.2220724982935096
0.21479800499241808,0.1628531681707563,9.782171395026584,0.03661656413727555,1.605149944720184e-05,9.745538779389861
0.21479800499241808,0.2719769251349302,12.731963309032059,12.491201448607308,0.0009590669619307068,0.23980279346281932
0.21479800499241808,0.16652889217948558,0.9224736973107753,0.909503373129468,6.496543207964539e-07,0.01296967452698654
0.21479800499241808,0.1606539868245351,0.11897130992174393,4.7409514941115044e-05,0.008225472891123471,0.11069842751567933
0.21479800499241808,0.18860567064681366,0.11197425694339402,0.0014892113297847725,0.010729086163120353,0.0997559594504889
0.21479800499241808,0.18407267302620184,1.2538436869603293,0.048575251206805926,3.887501676811274e-06,1.2052645482518465
0.21479800499241808,0.23956785093331434,1.5413404745914718,0.20206324565497288,0.011173724866273401,1.3281035040702256
0.21479800499241808,0.20807093305327085,0.6160345104727325,0.5915491564035389,0.012868387966100608,0.011616966103093035
0.21479800499241808,0.27373288871670004,6.5074471466810015,0.025379082365088332,0.07039222669000815,6.411675837625905
0.21479800499241808,0.16612682805090917,0.8398469750446804,0.08819395000549575,3.0812497766840525e-05,0.7516222125414178
0.21479800499241808,0.26721301987473084,0.43867232977534387,0.01747835127580369,0.006469556797338698,0.4147244217022015
0.21479800499241808,0.2684281070352625,3.421009148113517,0.187287971149369,8.722010721682604e-05,3.2336339568569312
0.21479800499241808,0.24872709870439708,11.285225588925675,0.07635660536692322,5.425130483663526e-05,11.208814732253915
0.21479800499241808,0.2283500365357663,0.36303079243863434,0.0021195321937067485,0.0005958895442782153,0.3603153707006494
0.21479800499241808,0.18935468080027812,0.9327277157581916,1.739452443295417e-05,0.012527279413890645,0.920183041819868
0.21479800499241808,0.2600893930550005,2.749555090461071,2.2980783019048383,0.4467961298878843,0.00468065866834811
0.21479800499241808,0.2898092717302512,0.46469415371957423,0.4350125352127198,0.009903076453599408,0.019778542053255042
0.21479800499241808,0.15925641960657685,1.4856157799500627,1.483238847387546,4.9293876037381834e-05,0.0023276386864793334
0.21479800499241808,0.22358264855084897,25.41341894236142,0.001416412020514515,0.005529465603182555,25.406473064737725
0.21479800499241808,0.19620101147323116,0.10131283459725367,0.009066780790378887,0.00020655694607931503,0.09203949686079546
0.21479800499241808,0.20908927169198932,0.25180241973487283,0.24794584551557802,0.003149161927345379,0.0007074122919494034
0.21479800499241808,0.2631282524322538,4.122396869841074,4.119778515142827,0.0018616034783297854,0.0007567512199169478
0.21479800499241808,0.1881846246616962,0.8582501131213753,0.8420888677203842,0.011845662064856093,0.0043155833361351575
0.21479800499241808,0.17271787439617967,0.24000359866737847,0.23041752818796551,0.00014922876311004103,0.009436841716302902
0.21479800499241808,0.2390451832680953,2.7061703487649797,0.09934662794665913,0.017710092105298208,2.5891136287130223
0.21479800499241808,0.2420885853140285,0.6038041078151668,0.42775802693590476,0.03528515551747056,0.14076092536179147
0.21479800499241808,0.2786462330024855,2.3611480455498186,2.1931141659268656,0.0009429681635766801,0.16709091145937635
0.21479800499241808,0.272025069907626,7.001550146641924,4.7360595239438865,8.675595784113112e-05,2.265403866740197
0.21479800499241808,0.19340068768046476,0.4705839659692692,0.00054966067243766,0.010603152649712254,0.4594311526471193
0.21479800499241808,0.20883958219320378,3.8552335142213683,0.0052615149032887755,0.00027286598255873816,3.8496991333355206
0.21479800499241808,0.18067036419241259,6.4905676928186855,0.0006274796196238303,0.08382058227362223,6.406119630925439
0.21479800499241808,0.2033992068551805,1.6907098984187263,0.016693594821875324,0.0013743188216131315,1.6726419847752378
0.21479800499241808,0.2294419919508317,0.8137247682283101,0.004318244733371667,0.005866578983958065,0.8035399445109803
0.21479800499241808,0.21659765632710176,0.7043482862483522,0.03557674045595061,0.0001742027554524361,0.6685973430369492
0.21479800499241808,0.28247180920685905,0.31194993102187624,0.024102205519534892,0.05558628052295342,0.23226144497938792
0.21479800499241808,0.1714595844860011,0.2485334437414924,0.22284565669012552,0.0004286916955110429,0.025259095355855826
0.21479800499241808,0.17600351533279535,3.4029173196469578,3.4017061975108995,0.0009526129385582243,0.00025850919749996444
0.21479800499241808,0.21246655764335678,6.342584645080272,6.33295958494941,0.00048145090957664796,0.009143609221285369
0.21479800499241808,0.2764567534442043,0.4640504868763772,0.0035049537020019777,0.21787616440974578,0.2426693687646294
0.21479800499241808,0.22314273195078024,2.295422632511343,2.284602716754475,0.005622607228446511,0.005197308528421674
0.21479800499241808,0.16331689834404717,0.5596238504211015,0.5405109746856975,0.01901018091163405,0.00010269482376985257
0.21479800499241808,0.1643951402819337,2.2521987900665117,2.226152012066314,0.025941036868901556,0.00010574113129588354
0.21479800499241808,0.28463376263527856,4.687721058063849,0.046573993112506366,0.006042438046377885,4.6351046269049645
0.21479800499241808,0.20884496216496254,2.355534296653499,2.1929471798757376,0.16209726738583022,0.000489849391931389
0.21479800499241808,0.19709647053989907,9.688320727018708,3.935315633438731e-05,0.026626688086160043,9.661654685776213
0.21479800499241808,0.1778863972868367,0.5021486399181921,0.4961844252261657,0.0001766042896142654,0.0057876104024122185
0.21479800499241808,0.25023485770869586,1.9935725592128708,1.6921828349177652,7.018744290924609e-06,0.30138270555081464
0.21479800499241808,0.1748904101085138,15.046734395669915,14.995408900811944,9.30870530427853e-06,0.05131618615266769
0.21479800499241808,0.1893814848948951,0.18808843059000735,0.12323436343503516,0.06468747334998781,0.00016659380498438214
0.21479800499241808,0.2178533038371779,1.696668265306219,1.451132096496017,0.00032102641645611306,0.24521514239374595
0.21479800499241808,0.2320319601739153,17.80180907736385,6.161583388691496e-05,0.12804512114177816,17.673702340388186
0.21479800499241808,0.21370908344443215,3.549743790953559,0.00013771664139360811,0.012956667401230469,3.536649406910935
0.21479800499241808,0.18639204230649054,0.8488638877359226,0.2558453515182851,3.5775961444056575e-06,0.5930149586214931
0.21479800499241808,0.28094517365459587,1.971856622211301,1.6676466532589778,0.007199054022695352,0.2970109149296277
0.21479800499241808,0.19032064580367292,0.09744193337039048,0.06952107474534698,3.287111864534457e-05,0.02788798750639814
0.21479800499241808,0.2713720701377955,4.359497496933012,4.328724751173414,0.0037982980659167433,0.026974447693680983
0.21479800499241808,0.24556818789769957,1.596246373796776,0.01102421283441915,0.017230675687284595,1.5679914852750723
0.21479800499241808,0.23657840793407803,9.135726766052715,3.8507006845825645e-06,0.10532003973138915,9.030402875620641
0.21479800499241808,0.2665422598557882,1.1375739716993065,0.009733197338304005,0.39382942465842985,0.7340113497025726
0.21479800499241808,0.2137514425230579,0.6437146032683765,0.1429622168779227,0.0009116638214772084,0.4998407225689766
0.21479800499241808,0.1672381251826765,2.051487972726641,0.0010173804306757876,0.002797263665982352,2.047673328629983
0.21479800499241808,0.2306200324361447,0.4640444265183721,0.45658308764503913,0.0017026601276942986,0.005758678745638626
0.21479800499241808,0.2420224610607794,1.0802349727256209,0.002081092660674606,0.026206522595516948,1.0519473574694294
0.21479800499241808,0.1947599853770846,0.9399191064004571,0.9303590992874925,0.00947618689599332,8.382021697129734e-05
0.21479800499241808,0.18140428846020454,0.3591226527912508,0.2930354061055435,0.06607445974090469,1.2786944802583182e-05
0.21479800499241808,0.19349186322094167,1.3714269031387614,0.0002881047766126453,0.0008607912456359423,1.3702780071165128
0.21479800499241808,0.17265051237923792,1.5284088374371358,0.004421909973865123,0.0009290794362765896,1.523057848026994
0.21479800499241808,0.16136560483185788,5.6034482563837615,5.582499784967118,0.020939467526109576,9.00389053356894e-06
0.21479800499241808,0.22422652942658855,0.7832099927184101,0.0971265089760413,0.0006899576852480669,0.6853935260571207
0.21479800499241808,0.25413711014074347,1.1117004139306417,0.0009585519346589654,0.0981186066734589,1.0126232553225238
0.21479800499241808,0.26099297293409607,3.9364828083060392,3.9304756306355566,3.418216970920971e-05,0.00597299550077328
0.21479800499241808,0.2729250719819545,3.9764404664829383,3.947205708270539,0.019864496654608522,0.009370261557790567
0.21479800499241808,0.1955884577974581,13.729771414233479,0.004000215776064034,0.0001949986253463207,13.72557619983207
0.21479800499241808,0.1936775368876549,4.751064825390955,0.0002657602745929658,0.10737423303098521,4.643424832085377
0.21479800499241808,0.20141570798991087,1.0260878469315682,0.9929147975813912,7.990524914189138e-05,0.03309314410103493
0.21479800499241808,0.2567603458029534,2.6171528567916944,0.00029527968458790797,0.7415914176336172,1.8752661594734894
0.21479800499241808,0.2565734874678593,0.18413184371825805,0.16097153775864406,0.010439814161969142,0.012720491797644852
0.21479800499241808,0.27866271753138067,5.887066885442269,0.0063762017714639055,0.2744283945134989,5.606262289157306
0.21479800499241808,0.27787362746085587,0.7703405374209478,0.0021864017449607096,0.2251782594195964,0.5429758762563907
0.21479800499241808,0.19001110775156693,0.5445681524349029,0.5254218473921561,0.01898652393378053,0.0001597811089662501
0.21479800499241808,0.25700849889451216,9.263086599719275,0.025880444629034827,0.0008091174054056585,9.236397037684835
0.21479800499241808,0.2326414876273783,2.7644846935606022,1.1465613889030746,0.0006612228742706907,1.617262081783257
0.21479800499241808,0.2069571890322699,0.8247429412756223,0.7796108060288052,0.00033839581184328435,0.04479373943497394
0.21479800499241808,0.2587658997254404,3.152729906441333,3.0903691937631153,0.001078888935167368,0.061281823743050225
0.21479800499241808,0.22723478137503983,0.8980745039373965,0.005233794532896516,0.00037848285595634945,0.8924622265485437
0.21479800499241808,0.18379307003118306,0.04316778065746954,0.0178918063271262,3.8973571197448e-05,0.025237000759145894
0.21479800499241808,0.19542621446649425,15.725646363156697,0.00014342944174198765,0.00685691598199959,15.718646017732956
0.21479800499241808,0.196520219932938,21.851955107589216,0.001468000907771821,0.0005776774380100352,21.849909429243436
0.21479800499241808,0.1806598838222604,1.9913025668626305,1.797680769379906,0.0001341747583452791,0.1934876227243793
0.21479800499241808,0.21506099309425789,0.42347103779422357,0.1291739319322417,3.3012825167987875e-05,0.2942640930368139
0.21479800499241808,0.28891709432864365,1.1701653084529093,0.8312890628693457,0.030175497278733445,0.30870074830483024
0.21479800499241808,0.2463629095488129,0.8700124063566874,0.09308051821120802,0.00033070644459782703,0.7766011817008815
0.21479800499241808,0.16305030463168127,0.21243088324237608,0.2113085175434971,0.00011603152120755066,0.0010063341776714195
0.21479800499241808,0.17346041434099757,12.648402722848891,12.641055554432752,0.0032772419625339065,0.0040699264536041115
0.21479800499241808,0.17393220355237293,7.164594054442898,6.800379219348924e-05,0.20291910239196692,6.961606948258738
0.21479800499241808,0.1903529290229105,0.8422341601043931,0.013391012777752388,0.0008994529116042708,0.8279436944150365
0.21479800499241808,0.2683685830849828,13.016659915414564,12.898433019847282,0.11759053833702927,0.0006363572302521181
0.21479800499241808,0.22271202684223806,1.5422285853162092,0.024746738351608445,0.0008808985597786592,1.5166009484048222
0.21479800499241808,0.2846121895708518,4.4070527605655325,4.353324404791612,0.00047978188125473496,0.053248573892665824
0.21479800499241808,0.19000975681495746,0.0743065629929777,6.878587809047544e-06,0.007455853937585181,0.06684383046758348
0.21479800499241808,0.2837496874230129,5.004410465424162,4.9908208771881695,0.006434929893352329,0.007154658342640734
0.21479800499241808,0.2587403133820974,5.2657706182279425,5.251328707104484,0.0029736841428325052,0.011468226980625326
0.21479800499241808,0.27664089125225877,1.243069270774591,1.0638176730660822,0.01653774700366201,0.16271385070484656
0.21479800499241808,0.25644287902661317,0.5026380094032005,0.0020783578223244185,0.003837435681913155,0.49672221589896287
0.21479800499241808,0.25562324294378463,0.8752829112275712,0.028740659029521796,0.002111119824274304,0.8444311323737751
0.21479800499241808,0.24785127355883246,4.959009268350952,4.950688530529945,7.765449927823338e-05,0.008243083321729265
0.21479800499241808,0.17399817574016302,2.9080812439429553,0.00014631772013405065,0.01200564025279544,2.8959292859700256
0.21479800499241808,0.20061979507666197,0.7200248789928654,0.588429148252831,7.661527694254742e-05,0.13151911546309178
0.21479800499241808,0.2113857409214071,6.530581142997016,6.51012208851778,5.026590702112447e-06,0.020454027888534104
0.21479800499241808,0.25442494424094664,5.224455259609722,5.077755725312777,0.0015610766066861508,0.14513845769025938
0.21479800499241808,0.2710254130826508,1.0670152195446612,0.8355025148802685,0.00982757649936038,0.22168512816503227
0.21479800499241808,0.17665349529861546,5.4735940709549995,5.471923960270697,0.0007055577402067507,0.0009645529440951922
0.21479800499241808,0.2906760052531252,1.3187738124738944,0.08130815160895535,0.00655871727036292,1.230906943594576
0.21479800499241808,0.1861811962423874,1.805655596766916,0.00016867683250672847,0.011424496981936167,1.794062422952473
0.21479800499241808,0.1887706516047766,1.1658001254576742,1.1393996508445625,0.025707668441263466,0.000692806171848321
0.21479800499241808,0.18195863435109988,9.912109403982216,9.850770784688638,3.3425007215912864e-05,0.06130519428636229
0.21479800499241808,0.2761820056752411,2.185685693186784,1.8770288723441142,0.0005899698786383999,0.3080668509640312
0.21479800499241808,0.20268408547600755,0.09632111446005004,1.0430581332946623e-05,0.032006356842724085,0.06430432703599301
0.21479800499241808,0.19851447991000984,2.048676602770693,2.044675840818168,0.0006870683453533898,0.003313693607171517
0.21479800499241808,0.20459676338998523,2.83985643566595,0.0009984585494699548,7.404646706634328e-06,2.8388505724697737
0.21479800499241808,0.2310930942612023,1.0559867167649537,0.0024238506636041998,0.003942862445664847,1.0496200036556846
0.21479800499241808,0.20094733232033862,2.815486851398071,0.03061861447521962,0.0008014109166130677,2.7840668260062382
0.21479800499241808,0.2690937125145402,2.1022904090789627,2.0036440416762873,0.001879454462835529,0.0967669129398398
0.21479800499241808,0.18618312733143064,2.8983624990635226,2.875374599908536,0.02292895787238407,5.89412826027768e-05
0.21479800499241808,0.17964061290424344,0.7907682774300341,9.317287294701035e-08,0.05946897278430697,0.7312992114728541
0.21479800499241808,0.18104237440777465,0.8075564504883398,0.6101392970293168,0.00030272414619970456,0.1971144293128233
0.21479800499241808,0.17695725061726342,0.9190975928231304,2.0324353321138115e-05,0.11131969199314609,0.8077575764766631
0.21479800499241808,0.17368973790723333,8.07460366942572,8.073066937780263,0.0005065656703139101,0.0010301659751421686
0.21479800499241808,0.1992532848414384,2.0736270342148635,2.0677673322779593,0.005783740023670415,7.596191323375122e-05
0.21479800499241808,0.2433537245761212,2.4483378123394046,2.323133502150819,0.0017823666160096609,0.12342194357257619
0.21479800499241808,0.2043357869556338,1.048097134499314,0.03571312844610401,0.0038325614991290063,1.0085514445540809
0.21479800499241808,0.2547931458863337,0.957123899058418,0.9342513202730819,0.022524705940269944,0.00034787284506620223
0.21479800499241808,0.23566679840786342,0.5380719123596602,0.010268301652937666,0.022510352942339915,0.5052932577643826
0.21479800499241808,0.24122116162954912,0.7326283440143897,0.2210212453643949,0.0005231278943254911,0.5110839707556694
0.21479800499241808,0.27730755298053533,6.170830058433367,0.15114303873170906,0.0012488214769954507,6.018438198224662
0.21479800499241808,0.205831664299966,3.7717696495825797,0.0014873696441927338,0.018590278034772426,3.7516920019036144
0.21479800499241808,0.20404999652974765,0.8883385239855621,0.26622129617351226,2.5216998405518545e-05,0.6220920108136444
0.21479800499241808,0.29077313555164963,19.87974169272337,19.829287772660717,0.047799287666162434,0.002654632396491346
0.21479800499241808,0.2678016063801056,15.013805875125833,14.993030111774571,0.002166763696110066,0.01860899965515123
0.21479800499241808,0.2292308577567361,3.337035007665431,5.299027600029733e-05,0.2350374518395264,3.1019445655499043
0.21479800499241808,0.1792872933299088,0.9532006057944746,0.08704434059092081,1.4421928248116826e-05,0.8661418432753057
0.21479800499241808,0.20616888829359092,0.5938939196235133,0.5055197874609441,0.00012006063369087146,0.08825407152887838
0.21479800499241808,0.17923099791687627,2.59460701333515,2.5452232544147586,0.04935518407470007,2.857484569141992e-05
0.21479800499241808,0.18577922752519535,0.30490268669165743,0.2694113240052355,8.132517434139834e-05,0.03541003751208057
0.21479800499241808,0.26339438625477457,11.132821548984833,11.125822375642269,0.000475009623091414,0.006524163719473085
0.21479800499241808,0.2198003399763971,3.9574953885639657,0.00011711913766297293,0.0915892275089363,3.8657890419173664
0.21479800499241808,0.20316156319772952,12.237087461238644,0.0017852132666299199,0.01082034805934769,12.224481899912666
0.21479800499241808,0.1584323400848337,3.5133749053725345,3.511679944931254,0.0001557902992432875,0.0015391701420370174
0.21479800499241808,0.2636826666274229,3.492783454991048,1.1724452801871266,0.0030815568182812215,2.3172566179856404
0.21479800499241808,0.2911709671284517,0.42342732760024915,0.031711262446601184,0.04848059079536398,0.343235474358284
0.21479800499241808,0.21467106404814834,3.440327609217819,3.41221150606766,0.027770248468591628,0.0003458546815674733
0.21479800499241808,0.20562810601513415,0.7848958132292639,0.0006215407537487217,0.04383917131981847,0.7404351011556968
0.21479800499241808,0.24670041508348958,3.0584193007094487,2.9973209332941373,0.002791519475037379,0.058306847940273854
0.21479800499241808,0.17519821807892225,2.5355145262158625,0.0005737790633937908,0.04241122295690856,2.49252952419556
0.21479800499241808,0.2045850423815237,0.5942786733605483,0.5046658043363342,0.00021181869807481772,0.08940105032613921
0.21479800499241808,0.18434688728668627,5.304320873967835,5.300531644464813,0.00034055259574592556,0.0034486769072755797
0.21479800499241808,0.15823746250348722,0.5514441648318072,0.4814083710875393,2.265540439707863e-05,0.07001313833987087
0.21479800499241808,0.23836513833768172,2.16800943503658,0.003364265285151577,0.04526735186396686,2.119377817887462
0.21479800499241808,0.1627146025927641,5.079589093911543,2.4187472248086357e-05,0.03326957828070586,5.046295328158589
0.21479800499241808,0.20645495860088747,0.7068326182983258,0.34118779636179936,0.003262077818942584,0.36238274411758387
0.21479800499241808,0.17106195883128023,2.908488370085509,6.0926810143464886e-05,0.0154085141843266,2.893018929091039
0.21479800499241808,0.25040202096840186,0.7325893923413115,0.015102860541535418,0.007068830044884644,0.7104177017548914
0.21479800499241808,0.24969717491929577,7.5420597583622335,7.539733318271558,0.0020882800721954845,0.0002381600184809981
0.21479800499241808,0.28807324749080626,0.2909547554290294,0.0228688764579117,0.00703708916417612,0.2610487898069416
0.21479800499241808,0.2683059698513352,1.4235399739982904,1.2709344118049741,0.15256592624092835,3.9635952387840435e-05
0.21479800499241808,0.1807271864385919,1.3174024182946475,0.1301843395815612,0.0002978226447103428,1.186920256068376
0.21479800499241808,0.17064602902876094,1.3075628050114168,0.09824820687511641,2.4160634929310516e-06,1.2093121820728074
0.21479800499241808,0.19289196785985294,0.42204952009782787,0.051179790319461765,0.0007102193915448508,0.37015951038682127
0.21479800499241808,0.16962478834358588,1.0034138023434633,1.0010913692103913,0.002275340859917614,4.709227315428205e-05
0.21479800499241808,0.16761198006499467,0.07402930083410163,0.03910943411468953,0.033843253631904796,0.0010766130875072976
0.21479800499241808,0.22151330220243706,0.8140611587725185,0.00094136867593917,0.031799239909488325,0.781320550187091
0.21479800499241808,0.19231678709714345,0.28865756485126404,0.24697448920996534,0.0012873315969197838,0.04039574404437891
0.21479800499241808,0.17200049323399136,1.547471338630383,3.1080783849281775e-05,0.2138609417185393,1.3335793161279945
0.21479800499241808,0.18627995700259095,4.1340953915148155,4.128738436615006,0.004805158793495007,0.0005517961063144613
0.21479800499241808,0.21458155594120745,0.4101278955834726,0.23312725577165308,0.00012113311406874083,0.1768795066977508
0.21479800499241808,0.2159913685107287,0.9306073031053016,0.0040086304996825245,0.0014365950968616746,0.9251620775087575
0.21479800499241808,0.1696441118800825,0.7326912696011145,0.01584261558179641,0.0013208124735903082,0.7155278415457278
0.21479800499241808,0.2426043779486569,0.7978924395255894,0.0012056765940970133,0.10859643686677495,0.6880903260647174
0.21479800499241808,0.207331535245149,2.7518967620984403,2.6960471349579143,0.054887508604757,0.0009621185357690518
0.21479800499241808,0.25671623844559954,1.729429801933655,1.5873298943536098,0.13691788432074142,0.005182023259303676
0.21479800499241808,0.2035540095927418,0.6926346930653652,0.012279297755647985,0.0021668793072960515,0.6781885160024211
0.21479800499241808,0.16412131534125451,1.8417750487304987,1.7976561266522872,0.04410914753723533,9.774540976184018e-06
0.21479800499241808,0.2242404055621496,1.0773742338680605,0.7473513837206899,1.2265580652887267e-05,0.3300105845667177
0.21479800499241808,0.2676824358354313,4.1861841669177124,0.0541479051489981,0.008349341881141226,4.123686919887573
0.21479800499241808,0.2383191104586139,5.686620815639149,5.668376413952931,0.0005892831110035976,0.017655118575213978
0.21479800499241808,0.21152578705072167,2.2062543243595307,1.6810016507722005,0.00064841212286859,0.5246042614644617
0.21479800499241808,0.27054009056111666,3.1903432071692035,2.854978734816558,0.0036900711743871285,0.3316744011782588
0.21479800499241808,0.2508538911237502,5.106811087219489,4.98914566350726,0.11667493929781342,0.0009904844144149245
0.21479800499241808,0.2503137130707756,3.948631636386137,3.742916625378788,0.2053104827565475,0.00040452825080152747
0.21479800499241808,0.21618114708791147,1.3678142077483106,0.0023887727506372797,0.0005152721432356987,1.3649101628544376
0.21479800499241808,0.17892142270915218,5.095386224248089,5.067822367886063,0.02723802543291928,0.000325830929105941
0.21479800499241808,0.248246862662008,0.38433161920803655,0.3704370506344468,0.0005049746102766731,0.013389593963313063
0.21479800499241808,0.2330789893824802,0.25388941893804573,0.15297884799496533,0.10027596474166037,0.0006346062014200311
0.21479800499241808,0.2850678467629934,0.07528277381451742,0.06619376488901497,0.0052989567155249965,0.003790052209977459
0.21479800499241808,0.20182663526754607,0.30119639981905516,0.27697809517705585,0.02405185923091949,0.00016644541107977236
0.21479800499241808,0.15950147462297518,0.6826824792685993,0.000729153740183655,0.017600007034213234,0.6643533184942024
0.21479800499241808,0.20684932900236538,1.168046816440897,0.4183919250245477,0.00014221974904863452,0.7495126716673007
0.21479800499241808,0.20834217549256848,1.248966516433552,1.2301454894167412,7.177500805039284e-05,0.018749252008760483
0.21479800499241808,0.17957202571200256,5.468659473920085,1.4446452695047686e-06,0.3546840526902007,5.113973976584615
0.21479800499241808,0.17108671856343477,0.15456076061966204,0.0009463640972000376,0.002300702052963694,0.1513136944694983
0.21479800499241808,0.23779431055947173,1.7196624899688044,1.7129146811000582,0.0015351584660502004,0.005212650402696191
0.21479800499241808,0.2282442588462609,1.0506479671801792,1.023937623119396,0.024077161876264908,0.002633182184518271
0.21479800499241808,0.18563708612028523,1.1883975467892418,1.036580995015595,7.642044563124992e-05,0.1517401313280155
0.21479800499241808,0.1943083863315857,1.681712377820447,1.6226844694168376,0.000586341575314049,0.0584415668282954
0.21479800499241808,0.2149256444447078,5.089306938942215,0.00010466379631034348,0.08003377124142086,5.009168503904484
0.21479800499241808,0.1799374637926818,1.700880950538924,1.6957317863843653,0.0006471675859497233,0.004501996568609038
0.21479800499241808,0.17053078621798962,1.0874014562712329,0.09471520304167343,3.9547162048593666e-05,0.9926467060675109
0.21479800499241808,0.21543189387407452,1.8776149839763845,0.01183370800083302,0.0161810008640336,1.849600275111518
0.21479800499241808,0.16153635263938612,0.11116801712658239,0.10384513827026408,0.0023969577976228488,0.00492592105869546
0.21479800499241808,0.26276143912240635,0.5081743771001572,0.38516933201956804,0.12279488172131081,0.00021016335927842345
0.21479800499241808,0.2370873802712053,0.9541290179120746,0.1220979016453433,8.374729416411438e-06,0.8320227415373149
0.21479800499241808,0.27998947208394637,1.457378477802249,1.2464747910875689,0.012662040876969734,0.19824164583771034
0.21479800499241808,0.22091512572071806,0.4807297425482996,0.14994662631665134,0.00011059781426095715,0.3306725184173873
0.21479800499241808,0.16296481934205545,1.519517351613482,0.00010437050995690807,0.0056587492140267506,1.5137542318894983
0.21479800499241808,0.2608692481673919,8.190939687196899,8.15412120695301,0.032546918225175,0.004271562018713329
0.21479800499241808,0.16236161401783297,9.465429038646974,0.04095997656153721,8.400658372373936e-08,9.424468978078853
0.21479800499241808,0.23237890983971,1.2142108912323948,1.124545661212523,0.0013025046482333825,0.08836272537163839
0.21479800499241808,0.1872245558072351,8.626434323485052,0.000732149645120495,0.003991289497804591,8.621710884342127
0.21479800499241808,0.19857647774118303,2.720174028523304,2.685672826796704,0.03424021248982355,0.00026098923677640517
0.21479800499241808,0.20952647895280854,19.353604462201087,0.04814851122868764,0.00018043401604414677,19.305275516956357
0.21479800499241808,0.25451113483243565,1.2571990370673782,0.07161902355239652,0.008401480295563946,1.1771785332194178
0.21479800499241808,0.17980248043269462,0.11390108745240816,1.3188058985600128e-05,0.03065740078781808,0.08323049860560448
0.21479800499241808,0.1843950283534374,1.0150664842337496,0.00027522116193132704,0.0010210056291418807,1.0137702574426763
0.21479800499241808,0.2354663964911434,0.8495761262275529,0.043740285763639246,0.001029522449038403,0.8048063180148752
0.21479800499241808,0.1778270908820295,0.1879600818904113,0.08169855849648563,6.71732967727823e-05,0.10619435009715289
0.21479800499241808,0.21415813819251134,1.8514277549145397,0.0019031438083312343,0.020209669185238928,1.8293149419209696
0.21479800499241808,0.16217608282415102,2.564773575320404,2.547814808301068,0.00012911944624900164,0.016829647573086855
0.21479800499241808,0.17989513543003252,9.424242302639511,9.411717369449713,8.043494818917279e-05,0.012444498241608854
0.21479800499241808,0.2792984456270499,1.364388155863355,0.14217154917561012,0.0007226459674803265,1.2214939607202646
0.21479800499241808,0.22955223619124346,1.015228047805422,0.13396528536128235,0.0006939769474392537,0.8805687854967005
0.21479800499241808,0.20005604409716368,1.2899168591629324,9.320744687674496e-05,0.01544619285790994,1.2743774588581458
0.21479800499241808,0.18116592840564105,0.09576926466659347,0.05356056933550113,0.0001423313053460867,0.042066364025746254
0.21479800499241808,0.18782297305901016,9.386043392468709,0.008479355789712878,0.0015590959942463024,9.37600494068475
0.21479800499241808,0.21190201214709603,1.5882415544659125,0.00011572806473322554,0.023768328688642724,1.5643574977125365
0.21479800499241808,0.2092787259382942,2.423721501846467,2.4162393528762682,0.000679347294097591,0.006802801676100844
0.21479800499241808,0.27066136099227495,13.7113992366807,13.630168997617629,0.07939872281002672,0.001831516253044264
0.21479800499241808,0.18947885090575586,0.11011654207332033,0.03353533765938262,8.123194369547801e-07,0.07658039209450077
0.21479800499241808,0.21201003449982114,2.9324809084911028,0.003861253850530824,0.008720152072925353,2.9198995025676466
0.21479800499241808,0.19011691565261657,1.484997698135018,1.4730880518652307,0.010423065810121805,0.0014865804596654107
0.21479800499241808,0.2300651385402367,6.903929179173894,0.051878733249551306,2.3335683189159165e-05,6.852027110241154
0.21479800499241808,0.21865134592230737,0.9564544339400699,0.8446856047241361,0.10672683472063357,0.005041994495300186
0.21479800499241808,0.18640195944732568,2.155440809597424,2.1443676252227855,0.0002618402675936328,0.010811344107044665
0.21479800499241808,0.16247988665216914,0.17184231137358935,0.00034828297938278716,0.0015375589273748274,0.16995646946683174
0.21479800499241808,0.15958973961115397,2.7443441043672294,0.00023081010104569508,0.001578565048512455,2.742534729217671
0.21479800499241808,0.24417824018067757,2.8514746224851186,2.8120403891763592,0.0014930363447756888,0.037941196963983875
0.21479800499241808,0.21708128687610725,3.7710906358951948,3.764387390720778,0.00014927689517664594,0.006553968279240326
0.21479800499241808,0.2039748389998894,8.437762163323216,0.0014730246501864098,0.011781100114429817,8.4245080385586
0.21479800499241808,0.27900203743966584,1.4686737475067564,0.10492715880388302,0.01362618960289122,1.3501203990999822
0.21479800499241808,0.20221675443329348,7.252995238181917,7.244301811994068,0.008341486458548784,0.0003519397293009791
0.21479800499241808,0.22460085558038204,20.413472499915596,0.0016044998267014557,0.21704532111608524,20.19482267897281
0.21479800499241808,0.259103705955844,0.28137520442038344,0.012024555409942602,0.06601834007374169,0.20333230893669915
0.21479800499241808,0.18741249170437585,0.1400486335041597,0.08237817376615332,0.057523549022368226,0.00014691071563815777
0.21479800499241808,0.28906454541600646,10.190291904021294,10.136795548056606,0.003558478418200487,0.049937877546486126
0.21479800499241808,0.215661998760722,0.5383442676164584,0.5166255588518387,2.0187916332010465e-05,0.021698520848287755
0.21479800499241808,0.2648736309097562,0.6709670865566528,0.5444395789696759,0.0004261313718311947,0.12610137621514567
0.21479800499241808,0.2304672854289504,1.169846678992745,1.1385520539834915,0.030840666643775036,0.0004539583654786395
0.21479800499241808,0.2708477129671901,0.4255047809620016,0.2199921026941107,0.16074356340073429,0.044769114867156644
0.21479800499241808,0.2831168953439581,20.749985587407213,20.681741894122446,5.135571265246857e-05,0.06819233757211376
0.21479800499241808,0.21598249137070136,2.2899787732010366,0.1307279260349254,0.0009416149153070858,2.158309232250804
0.21479800499241808,0.1976691696103062,0.7411305873533971,0.6325320935774983,0.10845249692958461,0.0001459968463142186
0.21479800499241808,0.2560196326082889,1.2683521409527287,1.1926313260020713,0.017559987846573834,0.05816082710408364
0.21479800499241808,0.23427225653768113,6.382767909206341,0.027373478746510596,0.0020180517346738585,6.353376378725156
0.21479800499241808,0.179120819662807,1.1380607389026547,1.0344491511464087,0.00016335461087314612,0.10344823314537277
0.21479800499241808,0.17932993047015255,26.741765253389794,4.17689999431857e-05,0.006517155275263926,26.735206329114586
0.21479800499241808,0.16623375640481858,0.7319845209829877,0.7080019574442181,0.023901908802266107,8.065473650349548e-05
0.21479800499241808,0.23908263325765966,2.7324557706602235,2.653830370763166,0.07828775929106298,0.00033764060599434184
0.21479800499241808,0.18548381726704793,0.12461125554605514,0.000939981045218663,7.265145026015946e-05,0.12359862305057631
0.21479800499241808,0.28696252212381657,12.395148697920503,0.2883494328595778,0.002746108943163527,12.104053156117761
0.21479800499241808,0.16732714784552477,3.4512087995771346,3.4509353613545635,6.675236739791575e-05,0.00020668585517319424
0.21479800499241808,0.2623226929241095,2.961480474845081,4.300296114738674e-05,0.009875412224344352,2.9515620596595893
0.21479800499241808,0.22885669558506125,8.660065848419276,8.602132709797502,0.001503980250677312,0.056429158371098014
0.21479800499241808,0.15882690348152503,1.3838567270169797,1.3500353559266542,4.5230137002938876e-08,0.0338213258601884
0.21479800499241808,0.16897843562548684,0.6862190492966667,0.4411569357667243,0.0001404578871879663,0.2449216556427544
0.21479800499241808,0.25868815313063426,9.572079583286333,0.0015281418347230223,0.2958228431574283,9.274728598294182
0.21479800499241808,0.21229987693778773,1.0650600910678154,0.5774678166383238,1.716046849417925e-05,0.4875751139609973
0.21479800499241808,0.2412341631744272,1.3685508109407907,0.1785642898387156,0.00613826297003629,1.1838482581320389
0.21479800499241808,0.1746016834764989,0.22671218971404586,4.8451548557803356e-05,0.03976011151848673,0.18690362664700133
0.21479800499241808,0.17815247489075015,12.937365444531823,0.014580316921790508,0.0004352831535007679,12.922349844456532
0.21479800499241808,0.27016966921626007,2.2605347495030563,0.7790747947968536,2.0827268877746273e-05,1.4814391274373249
0.21479800499241808,0.27195009391931063,6.170589514158782,0.01965986499549194,0.01840047779521239,6.132529171368078
0.21479800499241808,0.16090724451790167,2.099657009308665,0.004848607484571812,3.262166455771629e-05,2.0947757801595355
0.21479800499241808,0.2728922339932925,3.628181433365308,0.16734704538184977,0.0018568113922148904,3.4589775765912436
0.21479800499241808,0.260383853645746,14.440349794730233,14.259611618604826,0.18025747929399266,0.0004806968314147071
0.21479800499241808,0.26653892270201385,23.299024136311758,23.15493465270379,0.1409272572823067,0.0031622263256584635
0.21479800499241808,0.16423575834622958,1.7076406396466197,1.697330728197128,0.01007554760836135,0.00023436384113036354
0.21479800499241808,0.28790093691078633,0.8717717069302126,0.47350768821252,0.0346561221028791,0.3636078966148135
0.21479800499241808,0.2633588994756401,0.3110084964437474,0.16229458517340253,0.0030312102952010566,0.14568270097514377
0.21479800499241808,0.16549723190153334,1.594503927939301,1.4751712834320219e-05,0.0005152528872306838,1.593973923339236
0.21479800499241808,0.21191261341295156,1.0378019178828257,0.26379605977084586,0.00021916819327183324,0.7737866899187081
0.21479800499241808,0.2006178752284558,0.3935339267274324,0.3365200018284385,0.005707632757352985,0.051306292141640945
0.21479800499241808,0.20313278932564233,0.764218243392652,0.7348595615074458,0.029322346293069148,3.6335592137005305e-05
0.21479800499241808,0.20265765410674927,0.9809802975715137,0.4051847677982961,0.000523369280972246,0.5752721604922454
0.21479800499241808,0.2083920319192968,0.2639565831149817,0.25354954080777986,0.0004922591898608742,0.009914783117340955
0.21479800499241808,0.18539488251250508,0.48492782403471046,0.03311360071453338,0.0006634952273464275,0.45115072809283063
0.21479800499241808,0.23147813722328484,1.8590438428532507,1.8027870408430822,0.00014607352792021043,0.05611072848224846
0.21479800499241808,0.16097378607366453,7.747673185781293,7.7438784956672,0.0036897729585759747,0.00010491715551742015
0.21479800499241808,0.17247460779901366,0.1278325024625382,0.045092218140484856,2.8635820410033982e-05,0.0827116485016433
0.21479800499241808,0.2838643525671641,0.24409641521595848,0.19443315674861192,0.0454336638852103,0.004229594582136266
0.21479800499241808,0.16967845698656644,0.3015490232001308,0.13287433717241773,0.00022793600041860033,0.16844675002729445
0.21479800499241808,0.24623536974306387,0.7053775197922336,0.6693222866335126,0.03364093934626887,0.0024142938124521356
0.21479800499241808,0.23103754335966123,0.5539017173775852,0.0009965242264447893,0.046037029023251005,0.5068681641278894
0.21479800499241808,0.2590827810907543,1.3938884445838668,1.2771094936829157,0.018626044657285786,0.0981529062436655
0.21479800499241808,0.18401172094672755,1.4337893023290733,0.008232647454238134,0.0006386024756724601,1.4249180523991627
0.21479800499241808,0.2105710376774906,3.656427496871127,3.6465339483502777,0.009864934799807275,2.8613721041700277e-05
0.21479800499241808,0.22710433079077877,8.450102274262312,8.402872243146582,0.04613958636233607,0.0010904447533936175
0.21479800499241808,0.24444586575379545,1.0587024183288858,0.9274029716494802,0.006291938182717088,0.12500750849668849
0.21479800499241808,0.2587697222772409,1.220771962742453,1.1911851572168208,0.023492423170697954,0.006094382354934128
0.21479800499241808,0.22097452201850212,2.3707039860311157,2.3463383246243827,0.02403673560013823,0.0003289258065947717
0.21479800499241808,0.23445043846962002,1.7733510198941214,0.06349313062902702,0.0005015912630944129,1.7093562980019998
0.21479800499241808,0.28190724051571026,1.4052280974664253,0.48843508413054687,0.00625772481420489,0.9105352885216736
0.21479800499241808,0.2527135513415895,0.6563132135967475,0.433992990698785,0.0005145488003535982,0.22180567409760898
0.21479800499241808,0.2706340749510308,5.075954755886949,5.0115958906007725,0.014027039424772049,0.05033182586140395
0.21479800499241808,0.24769358850499876,3.4766230815593655,0.04523784327484984,0.00016105470771037177,3.431224183576805
0.21479800499241808,0.17454811894405942,6.921295734958154,6.911748961680241,0.009086122429675401,0.00046065084823700614
0.21479800499241808,0.2255229322206402,1.1278822766101553,0.9735344172910839,0.0028545977693194002,0.15149326154975198
0.21479800499241808,0.166287849901397,1.0120292017780523,0.9902771835299127,0.020872310501360583,0.0008797077467789956
0.21479800499241808,0.17054828097438338,0.20410741006302915,0.005471466898234203,1.5694435049641846e-05,0.19862024872974532
0.21479800499241808,0.2596372423374389,0.5248878942208784,0.43541805290961144,0.0884671251195807,0.001002716191686389
0.21479800499241808,0.2654761705389404,1.405934402815515,0.007609887323322449,0.014292156140480346,1.384032359351712
0.21479800499241808,0.28101056071637165,26.50924498592919,26.09322718383973,0.016339660420222255,0.3996781416692394
0.21479800499241808,0.22639535076982828,1.5612418639349508,0.05519600510399759,0.002178802065308977,1.5038670567656443
0.21479800499241808,0.17859537198542813,0.46895599209944544,0.4573600573846613,0.00012142836284106701,0.011474506351943097
0.21479800499241808,0.280876034672616,11.867896567554995,11.827441502060791,0.014954942294240726,0.025500123199963025
0.21479800499241808,0.20435181438512393,0.5046890408156042,0.00022598814428516356,0.0465504056504504,0.45791264702086865
0.21479800499241808,0.15834315313010922,2.340078268691092,5.230445157778233e-06,0.0007391856644881572,2.339333852581446
0.21479800499241808,0.16584763661027405,0.7380925502373862,0.727826835548216,7.831562932451138e-05,0.01018739905984563
0.21479800499241808,0.22412444754488037,1.9946121128279957,1.954568203735665,0.01514465939474036,0.02489924969759026
0.21479800499241808,0.24398708542287054,2.939062129384421,0.002541089550051518,0.010433295296736839,2.9260877445376323
0.21479800499241808,0.20263418264069136,1.6661220885821568,1.6197634408862573,0.00010545792991891214,0.04625318976598058
0.21479800499241808,0.19874154361895321,2.7490752009345742,2.630999301348988,0.0001768583260854026,0.11789904125950089
0.21479800499241808,0.16717004903455188,0.6163783575964648,0.1642069228685602,5.2606417379728995e-05,0.45211882831052486
0.21479800499241808,0.19740672903418674,3.503507811494341,3.4987451648378842,0.004757410095520365,5.236560936590138e-06
0.21479800499241808,0.2644325907104322,0.8278740608680287,0.503038946422119,0.3248178395740035,1.727487190613024e-05
0.21479800499241808,0.1805461556428575,0.7772754166311043,0.5504136154940132,7.99073182402613e-06,0.2268538104052671
0.21479800499241808,0.20339414928724125,0.5450868070817972,0.5400845839878009,0.0045518760344692025,0.00045034705952713754
0.21479800499241808,0.2875673891668522,3.995701459116963,3.9827075310911195,6.29027363345099e-05,0.01293102528950939
0.21479800499241808,0.2658342094328113,0.34376653844658633,0.0015229257278544517,0.12529454345128083,0.21694906926745108
0.21479800499241808,0.19605417608519463,0.25352729841123256,0.021739178147674454,2.5178366419062588e-05,0.23176294189713906
0.21479800499241808,0.27861470085594486,2.1705295500188484,0.2390824493579659,8.480181633576059e-05,1.9313622988445467
0.21479800499241808,0.22074579504780859,0.7181349175715813,0.0030585769251619374,0.00015352081593853937,0.7149228198304809
0.21479800499241808,0.1843862606299151,9.564196234633389,0.001990976223431463,0.0007528353771179125,9.56145242303284
0.21479800499241808,0.18057723096096875,3.671463513723583,0.009104045719793216,0.0002791013865890777,3.6620803666172006
0.21479800499241808,0.18096518787525173,0.9582978262894797,0.007803143329779924,0.0012485527460810771,0.9492461302136187
0.21479800499241808,0.23289649513347999,0.27598831402492413,0.028785761003105457,0.056098386609811854,0.1911041664120068
0.21479800499241808,0.2823807613989287,1.7215127458123238,0.3686714992334295,0.0024731374300793647,1.3503681091488149
0.21479800499241808,0.17230293210585357,1.856529002103565,1.8540262828238838,6.927548285177286e-05,0.0024334437968294934
0.21479800499241808,0.20881999600164655,0.134419580880916,0.0054479814832895605,0.0035967376783864603,0.12537486171923998
0.21479800499241808,0.1978289544184861,4.279238222456226,0.007975861917411247,0.00033639374605557,4.27092596679276
0.21479800499241808,0.19297711969620643,0.3287482185239013,6.250043861163538e-06,0.02328175765806147,0.30546021082197866
0.21479800499241808,0.2592133059031873,4.317900797162731,0.004388747895857907,0.10781002181951911,4.205702027447354
0.21479800499241808,0.16782502433825097,2.2328181030039285,0.0008775052367900658,0.0008958750364873784,2.231044722730651
0.21479800499241808,0.2890073645462352,1.1251297862460223,0.6452493174735595,0.45739393094790964,0.02248653782455309
0.21479800499241808,0.21060737536642113,2.037603813452584,0.03925510478551296,3.382522636305754e-05,1.9983148834407078
0.21479800499241808,0.2834417388551661,4.925397275351154,4.642735502783917,0.282144306092325,0.0005174664749122675
0.21479800499241808,0.18444942273349235,4.500127653875826,4.487358341461425,0.0001685331713984903,0.012600779243003825
0.21479800499241808,0.1651880768842512,4.591978249860005,0.0013976536308760573,0.00013463055887579837,4.590445965670253
0.21479800499241808,0.1744882129989018,5.0303054112735595,5.001645803447901,0.0286303628088715,2.9245016787193274e-05
0.21479800499241808,0.24478619418262829,6.62785914240118,6.534664166878013,0.09253831864927096,0.0006566568738957297
0.21479800499241808,0.1929493649179705,1.6351563251997934,1.4750181159380316,0.000135004571076599,0.16000320469068516
0.21479800499241808,0.2248724841759143,0.8324662340021389,0.08190745578442869,0.000163240673135115,0.7503955375445751
0.21479800499241808,0.24906367739630547,6.979352670334054,0.006016533044333919,0.0044386656110142735,6.968897471678705
0.21479800499241808,0.24806943156493574,4.75400036800317,4.741514911805152,0.005645142103865405,0.006840314094153292
0.21479800499241808,0.2632757837000446,4.404595707739155,0.20415401983766865,0.003166403420309821,4.197275284481177
0.21479800499241808,0.20162402845398877,0.5066347545985924,0.4759320413356138,0.008424327754163964,0.02227838550881466
0.21479800499241808,0.22193851171341644,1.5894645243878605,2.1580164604174434e-05,0.46151507837654404,1.1279278658467122
0.21479800499241808,0.1949758732830026,0.8418490688807229,0.0559639770403763,0.0007897982166875627,0.785095293623659
0.21479800499241808,0.1689822499661817,0.4908708636629074,0.4784834323810838,8.030993636339517e-05,0.0123071213454602
0.21479800499241808,0.2646073767232047,2.101323764937265,0.3062100683374032,3.396464578185018e-05,1.7950797319540797
0.21479800499241808,0.28670557692771703,2.480797846311311,0.029664987114976588,0.05436858770062106,2.3967642714957136
0.21479800499241808,0.16507527574531744,2.0515453685400256,2.0478012965677315,0.0003220118890378759,0.003422060083256019
0.21479800499241808,0.2731685893080449,1.6714464043507473,1.5802390133806026,0.04818413596682053,0.043023255003324344
0.21479800499241808,0.24153722365344893,1.331199118937036,1.328018314352669,0.0015228877953036514,0.001657916789063364
0.21479800499241808,0.16344176074289696,20.367944795003993,20.350715958038883,0.00016785396175448913,0.017060983003355776
0.21479800499241808,0.19082844278769004,0.6744213452394265,3.722392711633276e-05,0.005693791914362202,0.668690329397948
0.21479800499241808,0.17963514834669014,4.930639799220363,0.0006919805905037026,0.004290328843325706,4.925657489786533
0.21479800499241808,0.16399472974519516,0.836185510218549,0.8222888948561179,0.011975551374218664,0.001921063988212418
0.21479800499241808,0.2607730429489692,10.173142487600332,0.031220367483866585,0.0021310687788714607,10.139791051337594
0.21479800499241808,0.21806582764201424,2.9101679807511696,2.8814146471530595,0.027094817750878943,0.0016585158472310188
0.21479800499241808,0.19064841773381905,4.090452788131831,0.02687269141195055,7.390179471832508e-05,4.063506194925162
0.21479800499241808,0.17912984616944616,0.5988909401713053,0.00055205255243511,0.001501264795777166,0.596837622823093
0.21479800499241808,0.19893489173524523,0.2643588654843711,0.13310422513852693,0.1284651905450981,0.0027894498007460635
0.21479800499241808,0.2333024907427762,9.682194960277942,0.002362288550273631,0.013534711431310574,9.666297960296358
0.21479800499241808,0.21436813728617626,0.3412025225322343,0.2536016812953672,0.0008661016326668621,0.08673473960420026
0.21479800499241808,0.1624556043630768,0.6421219216975599,0.10352664814339164,0.00019438221773371823,0.5384008913364345
0.21479800499241808,0.22654329662323872,8.6961872458091,8.607910521886337,0.00019443579099015742,0.08808228813177243
0.21479800499241808,0.1796662141841734,0.38517533726062353,6.553777599390292e-05,0.03714573090478124,0.3479640685798484
0.21479800499241808,0.2863642387720268,0.6888118856706693,0.5888458724864575,0.07803989143878796,0.021926121745423875
0.21479800499241808,0.20519154543971865,5.910879046555314,2.0922001670571166e-06,0.03304017007683656,5.87783678427831
0.21479800499241808,0.23502442794018344,0.994029641880412,0.988642458045185,0.0023936418481171574,0.0029935419871097613
0.21479800499241808,0.28765856006074797,1.3289941553724958,1.3199225144788826,0.003454414432738717,0.005617226460874386
0.21479800499241808,0.2651614047291625,7.571697411914377,7.490641408329893,0.07974845165481725,0.0013075519296669857
0.21479800499241808,0.2031104595603586,1.4371869856393853,0.05098642829741823,6.217317771925002e-05,1.3861383841642478
0.21479800499241808,0.18948426108513947,11.393565942636892,11.36824744533262,4.406720243041503e-07,0.0253180566322467
0.21479800499241808,0.21613548628021312,0.19541018720116837,0.0005892192978749696,0.004996212549903992,0.1898247553533894
0.21479800499241808,0.1765444559214217,1.105133221821707,0.5486483991322442,4.504577659303642e-05,0.5564397769128697
0.21479800499241808,0.17894323144031873,2.0656205883076764,1.9447059497465833,5.2883044399180304e-05,0.12086175551669384
0.21479800499241808,0.17988573461547766,0.568965971833837,0.00013453882568082972,0.005255573853485485,0.5635758591546707
0.21479800499241808,0.2416541510640836,1.3892235106490274,1.375314834540631,0.012168625460697037,0.001740050647699463
0.21479800499241808,0.27611669397651006,1.0326766509080567,0.09631144660834874,0.0010462335662935682,0.9353189707334143
0.21479800499241808,0.16120701246966687,0.19199731255016372,0.11740957000223325,0.07454738807425289,4.0354473677600765e-05
0.21479800499241808,0.19774804162581322,1.0109029588127483,0.09805253624566514,1.6495388886213302e-05,0.912833927178197
0.21479800499241808,0.1978817276845078,0.40091084858608467,0.2248590019770331,0.17605087315782184,9.734512297396354e-07
0.21479800499241808,0.17377231106742919,9.908321422776373,9.906561118298326,1.1152663868400388e-06,0.0017591892116589575
0.21479800499241808,0.17071628708023298,0.8184552060256315,0.18157780066331627,4.814963892898036e-05,0.6368292557233862
0.21479800499241808,0.26027681036055567,1.967410164427645,1.90661614842895,9.770112555322666e-05,0.060696314873141664
0.21479800499241808,0.27578662703920376,0.8735408798820251,9.00751572815017e-05,0.05925948866779514,0.8141913160569485
0.21479800499241808,0.18890292990248778,0.8682231900902252,0.05675585033563545,8.616599487503839e-05,0.8113811737597147
0.21479800499241808,0.286347842469921,8.916328740352037,8.716522990009258,0.001929704262575407,0.19787604608020318
0.21479800499241808,0.22919910620930797,3.6913287312565726,0.00030627326762714324,0.010916567955180288,3.680105890033765
0.21479800499241808,0.23842434802282853,0.25993225500838346,0.046519980105740565,0.015794261889031342,0.19761801301361157
0.21479800499241808,0.21145360163646776,0.836660934642096,0.005684577666886263,0.0025257480735711986,0.8284506089016386
0.21479800499241808,0.25954975974741545,0.895936152933035,0.8181533700759609,0.07675227024115808,0.0010305126159159755
0.21479800499241808,0.2722418679634395,0.18733585143046205,0.024061695265668235,0.0023627530933119792,0.16091140307148183
0.21479800499241808,0.17706723615683745,0.5490409090772879,0.004907991309062065,0.06790966012725447,0.47622325764097134
0.21479800499241808,0.23900026256246798,0.5683305367143854,0.44096272657202734,0.00032604247696834277,0.12704176766538977
0.21479800499241808,0.19592782453903768,0.637229988151698,0.615727174943074,0.01638733534092977,0.005115477867694148
0.21479800499241808,0.25868869274076667,0.5105950991166968,0.0023742272645855137,0.24197203724021718,0.266248834611894
0.21479800499241808,0.24123190642228642,1.0364440809670425,0.6257485182740178,0.0002585252956901085,0.41043703739733467
0.21479800499241808,0.19446394323711247,1.7098413076236492,0.9146086270915182,7.138526964673361e-05,0.7951612952624841
0.21479800499241808,0.16373646793653948,0.10645021985222756,0.09197304214622337,0.00010544052912351516,0.014371737176880669
0.21479800499241808,0.2795085167522481,1.4423079863601684,0.7362458548204394,0.0012412466858729946,0.7048208848538561
0.21479800499241808,0.1583203953121368,0.15854609247259632,0.11387776722043752,5.50227248648423e-05,0.04461330252729396
0.21479800499241808,0.15868480605202342,2.0762861341203513,1.720250717205561,1.305295089386079e-06,0.3560341116197009
0.21479800499241808,0.28053524249810297,2.0290805457736023,1.9851124249336236,0.013654787031892464,0.030313333808086165
0.21479800499241808,0.1904710017257243,2.9339539455425925,2.8980133568399404,0.03575312526926355,0.0001874634333886435
0.21479800499241808,0.19448125443920297,0.49746609689771465,0.002817344867963468,7.164438346019042e-05,0.494577107646291
0.21479800499241808,0.2813460612088047,5.692275763681898,5.603561435434307,0.0018606995926006631,0.08685362865498966
0.21479800499241808,0.16398068958367262,1.1501022306572524,0.03785013800812711,4.3698579353758165e-05,1.1122083940697716
0.21479800499241808,0.22423611360579382,2.936970002788259,2.8947728264865704,0.00016718884609144376,0.04202998745559712
0.21479800499241808,0.17664032729864415,6.497313107735741,6.486862572632043,0.0002643798603287917,0.010186155243370293
0.21479800499241808,0.22594518306722686,4.532546509836961,0.00019340506137570715,0.12183547129499127,4.410517633480594
0.21479800499241808,0.28825432754477726,0.4028602330331871,0.030116489287173576,0.048930216214321344,0.3238135275316922
0.21479800499241808,0.18311031982396314,4.062027824499663,4.030729239713237,0.03097460378531868,0.00032398100110760385
0.21479800499241808,0.17588008986009002,1.784384353441379,0.1195124135990911,0.0003866785811510178,1.664485261261137
0.21479800499241808,0.2513424445652478,3.1376334555519985,2.8810609850395625,0.25198563961146475,0.004586830900971165
0.21479800499241808,0.22051140067242064,16.758284215809407,0.001038929757785249,0.05296782010255219,16.70427746594907
0.21479800499241808,0.26477862209721614,0.929624836052988,0.9164461687925928,9.438804346198489e-07,0.013177723379960584
0.21479800499241808,0.27744776687396694,3.311884059158545,3.2532761137638353,0.0069089253215965304,0.05169902007311312
0.21479800499241808,0.1653066958332547,15.522933314454988,4.615365395051467e-05,0.010641548960346126,15.512245611840692
0.21479800499241808,0.19900602755496777,0.5697855300985635,0.5261037322009289,1.978585325823025e-06,0.043679819312308805
0.21479800499241808,0.19915744147429654,0.8063287869404179,0.0004499896628935688,0.08112831013435004,0.7247504871431742
0.21479800499241808,0.2105396073814324,3.6957686290432945,0.0007529617274867299,0.00030634703167487073,3.694709320284133
0.21479800499241808,0.28136596847465134,21.225199514180716,21.136663166820842,0.08606548669601133,0.002470860663863547
0.21479800499241808,0.21133462113374862,0.1448833851388292,0.0951065502363978,0.0483875331993295,0.0013893017031019056
0.21479800499241808,0.27202482150117785,6.18235664727014,6.130466786889885,0.012829404095027693,0.03906045628522759
0.21479800499241808,0.2832924664059997,11.049283962228438,11.029453559753579,0.00866901873191828,0.01116138374294115
0.21479800499241808,0.24221067637360533,2.0367692236321426,0.38108125768103907,0.00015838365682531905,1.6555295822942784
0.21479800499241808,0.23669201715422558,1.9461598972829868,1.8736259113945617,0.0007852819055969982,0.07174870398282814
0.21479800499241808,0.23392148430330156,0.6565044615239556,0.6301758752385497,3.879792146144127e-05,0.02628978836394452
0.21479800499241808,0.19397254877350711,1.6085047789369982,1.5472395061184854,0.00017787625211713816,0.06108739656639567
0.21479800499241808,0.16585983311681385,22.24598520593222,22.226017787634238,2.4697592782382843e-05,0.019942720705201117
0.21479800499241808,0.2491759988936761,7.797521731579216,0.001916683972786455,0.051835084534800076,7.743769963071629
0.21479800499241808,0.2594607588979659,0.7458320048719989,0.6722783526661662,9.046877298544308e-05,0.07346318343284719
0.21479800499241808,0.1707805694651294,0.15129586661450506,0.11439885015444301,0.000645644134390538,0.036251372325671494
0.21479800499241808,0.2855295284725283,1.7572472232467933,1.696199085711664,0.0248407988172406,0.03620733871788865
0.21479800499241808,0.19749755462619897,2.564455580888493,2.4347342671052404e-05,0.3644001499794245,2.2000310835663974
0.21479800499241808,0.18152134988657134,1.1400308017934244,1.0529778351801158,0.08701630556645844,3.666104685019959e-05
0.21479800499241808,0.19197830934793653,2.2079596156126886,2.8801486557067454e-05,0.00592414941464969,2.2020066647114818
0.21479800499241808,0.22454434934465303,0.5033432860807749,3.3854571051205845e-05,0.1237480906974246,0.3795613408122992
0.21479800499241808,0.1812704762492247,8.673183407715902,0.010173538244931073,0.007234643381372225,8.655775226089599
0.21479800499241808,0.17975023053990435,2.7247174328802637,2.7231920567365995,8.334231704643197e-06,0.00151704191195949
0.21479800499241808,0.2815822162336502,1.5922223079604787,0.2707889029248018,0.010605309175677504,1.3108280958599994
0.21479800499241808,0.2290298498035289,0.4316371282045117,0.24034882021707477,1.618117211680914e-06,0.19128668987022523
0.21479800499241808,0.2628715394486257,15.645273410552425,0.0011478098927703523,0.07441656675160019,15.569709033908055
0.21479800499241808,0.16778550170783885,0.3094053191405871,0.24471614127324157,1.3695506729831098e-05,0.06467548236061574
0.21479800499241808,0.20154686383724554,0.66575013490084,0.04835755363592079,0.001077554054280611,0.6163150272106386
0.21479800499241808,0.16055663672369305,1.2529667244600442,1.1150810623183007,2.359131344013033e-06,0.13788330301039944
0.21479800499241808,0.20139392792737001,0.4247280087890332,0.4152122390595133,0.003824253588091976,0.005691516141427942
0.21479800499241808,0.24858005645208237,0.9709950479105053,0.2051726323597242,0.001675461740882596,0.7641469538098985
0.21479800499241808,0.26828269605354715,2.97955744658252,0.058580465880490755,0.010130258363146401,2.9108467223388828
0.21479800499241808,0.28994091526365573,21.13938679696446,20.97834269015994,0.11765121892702793,0.04339288787749025
0.21479800499241808,0.20617639010860983,1.0177725253575547,0.9867069640029631,4.2452051290225254e-05,0.03102310930330135
0.21479800499241808,0.16400869218363626,1.3165814559024942,0.00011266746122693487,0.03524522687236933,1.2812235615688978
0.21479800499241808,0.2036024876631559,1.0739775792095565,1.0486381918240522,7.295356041650416e-06,0.025332092029462735
0.21479800499241808,0.25662536530966706,3.385556902222723,0.00013558269759925202,0.047102199401025814,3.338319120124098
0.21479800499241808,0.24966298883637564,1.0322317448309577,0.7936050726206066,0.0285703818853164,0.21005629032503478
0.21479800499241808,0.25218452370119365,0.342098031495018,0.21298941356175924,0.1282729011905669,0.0008357167426918596
0.21479800499241808,0.27003244955977723,2.660181059791149,0.26949433996824257,3.358975324747013e-06,2.3906833608475817
0.21479800499241808,0.21523914380432085,4.314435381831833,4.226127312344147,0.08720812159767005,0.0010999478900166554
0.21479800499241808,0.21489235387160807,0.4486322157987363,0.41425791529913963,0.03437197504794644,2.325451650239092e-06
0.21479800499241808,0.17493394331363374,2.455469318388306,2.450940248311439,0.00413239303891953,0.0003966770379474725
0.21479800499241808,0.24502990331538885,0.5702802897814552,0.48528528205303617,0.07457379275114213,0.010421214977276858
0.21479800499241808,0.15986296964776361,1.6997475637639077,1.6920860813921557,0.007576623905278382,8.485846647370162e-05
0.21479800499241808,0.2530756927555513,1.2640861423398373,1.1940910925036343,0.0005284752311397751,0.06946657460506317
0.21479800499241808,0.23755694800779548,0.8283061316066145,0.800444698766551,0.026141506410476613,0.00171992642958689
0.21479800499241808,0.20267743287867515,3.1908784495865143,0.01683217761207152,0.0010110203047486992,3.173035251669694
0.21479800499241808,0.22990776487475995,9.06148270449805,9.04302062533779,0.0026562541350251215,0.015805825025234862
0.21479800499241808,0.17553727615630854,0.5802354136547402,0.04247112124853092,0.0009125604991588851,0.5368517319070504
0.21479800499241808,0.27979150993124896,0.21903879322773992,0.06385208203379855,0.016390129535909268,0.1387965816580321
0.21479800499241808,0.18080973597777314,15.699362436781817,0.0043198840551645105,0.00045925328525639816,15.694583299441396
0.21479800499241808,0.21181193263498943,0.6342101300077694,0.09830957101019154,0.0007932015719001515,0.5351073574256777
0.21479800499241808,0.2554376784787944,1.0381921604294675,1.028823480543679,0.007961969129114913,0.0014067107566738228
0.21479800499241808,0.16746618048413753,0.46131862449801553,0.41260691645373293,0.04817336486814906,0.0005383431761335436
0.21479800499241808,0.20643067754199387,1.7714448350218501,1.7363236327894234,0.03459888445434293,0.0005223177780836886
0.21479800499241808,0.2172215286127813,2.7588404920796545,2.0284260222236403,4.693138378317606e-05,0.7303675384722309
0.21479800499241808,0.21505043510867855,11.164043363396813,0.026019814694586054,0.0021517672971176883,11.13587178140511
0.21479800499241808,0.1701739015990904,0.0497771532767888,0.04531244190389544,0.004451059935719471,1.3651437173892492e-05
0.21479800499241808,0.2681491998362113,2.098924564701149,0.0020991203400083772,0.24307809479981676,1.853747349561324
0.21479800499241808,0.1628715645566328,2.172914528237772,3.4144116627342024e-05,0.004926089304101193,2.1679542948170436
0.21479800499241808,0.21206048604820932,22.467563939533477,0.0013054144950894126,0.0339153441096301,22.432343180928758
0.21479800499241808,0.21328866340316086,8.536542398702375,8.41572114007273,0.12070187891839307,0.00011937971125267906
0.21479800499241808,0.1822546019615589,3.9623799800964172,3.899410937949355,0.06283365651325622,0.00013538563380604852
0.21479800499241808,0.21745695594616254,0.8014010645255898,0.7546603465864736,0.04646339148808393,0.0002773264510323014
0.21479800499241808,0.16591535751858627,2.3130168116562344,2.1663503488172653,0.00010820631502310438,0.14655825652394588
0.21479800499241808,0.24388645813861498,0.11878710811742398,0.09094561864986538,0.025318714954417385,0.0025227745131412146
0.21479800499241808,0.18533581296137347,1.1063863553149764,1.101391534840893,0.0040603012560225735,0.0009345192180610695
0.21479800499241808,0.16520076876911036,7.661137150440484,7.656519587328441,0.004590948079735451,2.661503230820663e-05
0.21479800499241808,0.1711429710955011,0.14391849011293342,0.04409212291750999,3.6620255888561654e-05,0.09978974693953487
0.21479800499241808,0.21316863026508723,0.6952897737993474,0.044196125761227424,0.0071680301213894685,0.6439256179167305
0.21479800499241808,0.1608304322971978,3.376104192504672,4.1656793456161284e-05,0.01752471120218469,3.358537824509031
0.21479800499241808,0.191616609479713,0.7897259288279437,0.7627344697327397,0.0002698055600780496,0.026721653535125896
0.21479800499241808,0.26235145117350767,3.067581395092361,0.0026087151667624256,0.3090719782277887,2.75590070169781
0.21479800499241808,0.17072674476958066,16.521458694924068,0.005435026090487617,0.0003672162143449788,16.515656452619236
0.21479800499241808,0.2677825115878514,1.2748807556023756,1.21349780810027,0.003266423621033241,0.05811652388107243
0.21479800499241808,0.2500676290197108,2.3937415682807863,2.335943504760447,0.05536527303001321,0.0024327904903257832
0.21479800499241808,0.23221667598875764,2.5007728082642764,0.3456870640567074,0.0009013859244196481,2.1541843582831492
0.21479800499241808,0.1672964260951905,3.156305260178217,2.9551911616659825,0.20109361177019977,2.0486742034692653e-05
0.21479800499241808,0.26999062349878017,15.118515352607401,0.0035822190508659987,0.017581799221442176,15.097351334335093
0.21479800499241808,0.24281600271722908,0.29448539036316945,0.005400033580050302,0.0018919724480272889,0.28719338433509184
0.21479800499241808,0.1809234133367183,0.8159561422524405,0.08408182111189584,1.1433656382168036e-06,0.7318731777749065
0.21479800499241808,0.20241458799611212,0.8049492562520261,0.7716337643191672,0.0011198863961668875,0.03219560553669197
0.21479800499241808,0.2368561355932913,8.58483803003317,8.579073634401748,0.004993508154686405,0.0007708874767349839
0.21479800499241808,0.1725483556377244,17.822671840987546,17.815139192745974,0.007518335246662855,1.4312994908769815e-05
0.21479800499241808,0.19616528198140235,0.37629441735642083,0.2793690639315492,0.0963992786933859,0.0005260747314857515
0.21479800499241808,0.15935727533763308,2.25871720945811,2.2550666625171254,1.0311653655703336e-05,0.003640235287328673
0.21479800499241808,0.21189063132151548,8.566872600972122,0.0002113356239352499,0.03482240362952715,8.53183886171866
0.21479800499241808,0.23552466419059456,19.32757803140145,0.0005074297858326328,0.002891842456501027,19.324178759159118
0.21479800499241808,0.2628174220572628,1.426853530975839,1.2792846724979154,0.00046760556849771663,0.14710125290942572
0.21479800499241808,0.20269548254210779,12.260171370003595,0.00598820345003072,0.0009549667555281809,12.253228199798036
0.21479800499241808,0.2793778102763505,3.8321666608988085,3.804283982899449,0.010167244500212691,0.017715433499147358
0.21479800499241808,0.18253219023442482,1.4149388797105864,1.3865180133712307,4.483402148696309e-05,0.0283760323178687
0.21479800499241808,0.17396021580867657,0.22760375392468346,0.22112919959977997,0.006207853604391674,0.00026670072051183827
0.21479800499241808,0.26869575100856385,2.7523373777833124,1.8231375941478114,0.0007164189923508928,0.9284833646431502
0.21479800499241808,0.25095956303253286,3.172369062283773,3.149295985233007,0.01096720507933433,0.012105871971431656
0.21479800499241808,0.2768792558087746,0.9277342553487988,0.9120393643609617,0.015507455369003864,0.00018743561883325188
0.21479800499241808,0.2821625290880758,0.24140112706084887,0.042892731283025655,0.076422748235641,0.12208564754218222
0.21479800499241808,0.22789694160222956,4.13428652892625,3.762514304257016,0.371157532368133,0.0006146923011005212
0.21479800499241808,0.1602100855050096,0.15736899649973957,6.602628484545356e-05,0.0687611412906196,0.08854182892427453
0.21479800499241808,0.22951091636709545,0.048645432478028494,0.010946837325028344,0.0008503929003117036,0.03684820225268844
0.21479800499241808,0.19735235076968663,1.392346451107352,1.2923279293470258,0.0005503355760116302,0.09946818618431458
0.21479800499241808,0.22221582922455899,3.502969453228823,0.05222667251342145,0.0024248446382469755,3.4483179360771548
0.21479800499241808,0.16865201436018185,0.7451752275791181,0.7098954574798731,3.968087065731003e-05,0.035240089228587713
0.21479800499241808,0.16215114430991828,7.752838305449865,7.746749398220587,0.006004477843076487,8.442938620194453e-05
0.21479800499241808,0.2558196739185055,0.6902686119561824,0.006972833138848898,0.014824293202501365,0.6684714856148322
0.21479800499241808,0.25321635400258047,13.85005306773295,0.01960215136185798,0.003389393188522718,13.82706152318257
0.21479800499241808,0.2441674586773634,1.428182311969015,1.2861615859657067,0.1402056273464003,0.0018150986569078528
0.21479800499241808,0.2354841318378387,0.6701200080981283,6.657465009620612e-06,0.10547381905534486,0.5646395315777738
0.21479800499241808,0.21426235571544394,7.628093646587089,0.0006207866391367769,0.000727174081765051,7.6267456858661875
0.21479800499241808,0.17451803025040707,0.7266872336214548,0.581311449863639,0.0003114657697197016,0.14506431798809605
0.21479800499241808,0.24459756376179914,0.45599458051653813,0.4059339281266772,0.049882598226644426,0.00017805416321650354
0.21479800499241808,0.2250276352956115,2.489229052786239,1.9866455153996117,0.5013366847825026,0.001246852604124931
0.21479800499241808,0.214771269128154,0.03204851028003071,0.02896768986093331,0.00038881380489056637,0.002692006614206834
0.21479800499241808,0.20739507077726146,11.952075249850166,0.00023121086612072977,0.00023002873373050166,11.951614010250315
0.21479800499241808,0.2692020905180805,2.7308481702544865,2.6133172571618655,0.11725856675487303,0.0002723463377480602
0.21479800499241808,0.17218502971030727,0.4590955210446749,0.14188182855127554,4.917484122942053e-06,0.3172087750092764
0.21479800499241808,0.23901334122216517,1.237426719081672,1.1870343724475314,0.004638268560125606,0.04575407807401491
0.21479800499241808,0.17642256160411723,16.440475682523722,16.346074493905892,0.09438366572682742,1.752289100287746e-05
0.21479800499241808,0.18603321552667815,0.8695670665522857,0.8502475482226964,0.019234170286312427,8.534804327680562e-05
0.21479800499241808,0.17937336765568965,0.5110302830823232,0.45457214816849256,2.1234368358840128e-05,0.05643690054547182
0.21479800499241808,0.22318933526664483,2.7443277627465723,2.6903520858862184,0.0001256836600837258,0.05384999320027026
0.21479800499241808,0.18962449913192977,2.9453430103539673,2.8845456793876796,6.230923821617534e-05,0.06073502172807149
0.21479800499241808,0.17051460030740995,2.534784513026009,0.00018133655348587507,0.0030349734308888123,2.531568203041634
0.21479800499241808,0.20787441719920224,0.18398236933741907,0.0020836643465672274,0.03077260838012407,0.15112609661072776
0.21479800499241808,0.22924850042963205,0.3941559498437981,0.0272718571883165,0.06387619806207988,0.3030078945934017
0.21479800499241808,0.26228276285254537,16.039227639681283,0.02401531654711601,0.0019593180292534922,16.013253005104914
0.21479800499241808,0.2010293407684826,0.3466360337156332,0.016736220715046646,0.014380576022928417,0.3155192369776581
0.21479800499241808,0.21314677305325844,0.8672097813159662,0.7695210391755132,0.0012426407403654765,0.09644610140008743
0.21479800499241808,0.19448435245952045,4.662765762820661,0.22766023765096458,1.5207128270993252e-05,4.435090318041426
0.21479800499241808,0.25918343455672616,1.868247285392152,0.001678914416532306,0.051504826131195725,1.815063544844424
0.21479800499241808,0.19517305035925978,0.9899839977795944,2.798741216615066e-05,0.015839729050221043,0.9741162813172073
0.21479800499241808,0.22751714557295355,1.3433977950637468,1.2579513586336688,0.0003328780082251337,0.08511355842185273
0.21479800499241808,0.2551183297489101,1.4887024310430075,0.9930455744574203,0.49219687085507596,0.003459985730511234
0.21479800499241808,0.2666172426079459,3.0171895782801252,0.1476913970111222,0.00027642008048576333,2.869221761188517
0.21479800499241808,0.23869389451890596,2.458232830330329,2.434992283544227,0.003761666607158477,0.01947888017894396
0.21479800499241808,0.2499841451157897,8.852519702136936,2.2838583990008404e-05,0.5708270815696764,8.28166978198327
0.21479800499241808,0.22814854562795134,7.300927304945664,0.004064320971473649,0.00567021824018437,7.291192765734006
0.21479800499241808,0.26178687997779543,1.864396827682773,1.7771233053014217,0.08488173064781536,0.0023917917335357698
0.21479800499241808,0.2200678357372655,0.47960372672416807,0.03474736217745861,0.0005093395794860556,0.4443470249672234
0.21479800499241808,0.2912458034583254,1.5077848977174348,1.4760019303799126,0.004152705309449238,0.02763026202807303
0.21479800499241808,0.2343505925982122,2.5847745291494424,2.4951189181563276,0.0853800021510028,0.0042756088421122985
0.21479800499241808,0.1931444945354265,6.945909678685139,6.9389332412120925,0.00028318142986029376,0.00669325604318597
0.21479800499241808,0.16612019988399895,0.9631897965162851,0.9527156624890581,0.00020743046832268324,0.010266703558904215
0.21479800499241808,0.27353943364274624,7.710145729643629,7.679450325386392,0.00021200685805933928,0.030483397399177856
0.21479800499241808,0.2546177293467174,1.7156375755249578,1.699659338753712,0.013097521954819426,0.002880714816426372
0.21479800499241808,0.26917189145951986,0.9424407032859092,6.621224830068747e-05,0.04817657635339347,0.8941979146842151
0.21479800499241808,0.22290728716550645,2.2679398737047274,0.34447669652796453,0.0030819946461105793,1.9203811825306523
0.21479800499241808,0.1851856748620846,0.3820718782716356,0.3718873907970061,0.01009835222107246,8.613525355698372e-05
0.21479800499241808,0.2713330142000929,2.0146129134965944,0.013295926368004815,0.4530478200171968,1.548269167111393
0.21479800499241808,0.21455787417803718,0.8037862196206756,0.7852017447875287,0.0003714146436392066,0.018213060189507725
0.21479800499241808,0.20688159000543319,4.545758535916697,0.0004911357804423187,0.5001119976363897,4.045155402499865
0.21479800499241808,0.2671501103113574,1.1819275643463294,0.005510615259810102,0.16337372879933607,1.0130432202871833
0.21479800499241808,0.27406509887034725,0.2756631030725316,0.20128227691122763,0.0010062962931590542,0.07337452986814495
0.21479800499241808,0.2492255195527842,0.7671763760709042,0.0006176170310127274,0.029440417130957006,0.7371183419089344
0.21479800499241808,0.271443811484588,1.256550589248173,1.1147800104775867,0.14083443599499187,0.0009361427755944499
0.21479800499241808,0.17719459199945561,2.587928446436012,0.0014661341914644279,0.04655504403467835,2.5399072682098693
0.21479800499241808,0.23373857006843482,1.2566242555342482,0.5488761174131622,0.00022559091825174004,0.7075225472028343
0.21479800499241808,0.17298269288433757,5.229998916425899,0.03423164802645061,4.216658986764049e-05,5.195725101809581
0.21479800499241808,0.2688200929327819,1.5020854966471908,1.4942676832178505,0.0075272400308290235,0.0002905733985112846
0.21479800499241808,0.17602953358790716,0.2997242629541067,0.000787239672564822,0.0003956382972497811,0.2985413849842921
0.21479800499241808,0.22698993537826165,12.130048025227065,12.119477830061104,0.009817069306066198,0.0007531258598952028
0.21479800499241808,0.19269570484408677,0.3462232277029154,0.33733955458312886,0.00885315653091739,3.0516588869163752e-05
0.21479800499241808,0.15856742606526622,4.708623891415998,0.06647361754916388,1.2875409353533217e-06,4.642148986325899
0.21479800499241808,0.265159954170254,2.332916614076511,0.24297218347142704,0.00833949488904447,2.0816049357160393
0.21479800499241808,0.22834353136233157,0.4440167851866278,0.37642192707601213,0.0018549769158161013,0.06573988119479958
0.21479800499241808,0.19631772828232752,4.038750221575747,4.037193400638157,0.0012332442816061738,0.0003235766559837812
0.21479800499241808,0.28560191370651783,4.601754026508153,4.480927328441889,0.0010131677491457128,0.1198135303171183
0.21479800499241808,0.18551453932046763,0.10478119328952377,2.100913271802687e-05,0.027085975358044172,0.07767420879876158
0.21479800499241808,0.2634640206503996,9.3776551051755,0.004673941495516735,0.00250099346157633,9.370480170218407
0.21479800499241808,0.18739344110089687,2.7486781081523577,0.0010892174691778816,0.05958297894230471,2.688005911740875
0.21479800499241808,0.1760451937025,0.9109823837242517,0.01935930182474207,0.00020821020406482446,0.8914148716954448
0.21479800499241808,0.2829125970543882,8.501966576198054,0.006374802095783999,0.08255487478429728,8.413036899317973
0.21479800499241808,0.24522050757740513,1.8158854342149306,0.001173750553073263,0.3116303610432184,1.503081322618639
0.21479800499241808,0.19626782254387437,0.6293259349010096,0.5371060890255661,8.325146053606071e-05,0.09213659441490743
0.21479800499241808,0.17117870096468285,2.0147882533619397,0.01575891389142003,8.144996566737895e-05,1.9989478895048525
0.21479800499241808,0.21008107525895536,0.6276831905649375,0.001284089996296467,0.02618712568012416,0.6002119748885169
0.21479800499241808,0.2875308168955893,23.1925322326418,0.4480942807369388,0.0004466110843707798,22.74399134082049
0.21479800499241808,0.23237299302968195,6.155150900352075,0.014185717901079987,0.0005665944608597464,6.140398587990135
0.21479800499241808,0.17088243827973,2.3857105787649053,0.004887340411954505,0.0010212749403303463,2.3798019634126204
0.21479800499241808,0.20633421766635263,25.575212558526978,0.13601990633394126,7.889745827085413e-05,25.439113754734766
0.21479800499241808,0.21051465269409664,2.2188529771810703,1.6241248659032514,0.0015298074900157806,0.593198303787803
0.21479800499241808,0.26445551642031895,1.0914764401906774,0.5636675145342719,0.017426688156350522,0.510382237500055
0.21479800499241808,0.2121192122182614,10.469043468711329,0.009120103218683406,7.367960124174697e-05,10.459849685891403
0.21479800499241808,0.2031842874035469,0.018610102944836948,3.2971766618769144e-05,0.0028358294625594528,0.015741301715658726
0.21479800499241808,0.2402940460457332,3.666022685046735,0.00024165395979731735,0.028378348861271534,3.637402682225666
0.21479800499241808,0.2035463461309907,2.542760724306093,0.0021432615636536945,0.050100405227033684,2.4905170575154054
0.21479800499241808,0.17707746319400117,1.9649594397951398,7.223821426399843e-06,0.0007152995186485483,1.9642369164550648
0.21479800499241808,0.2083444186388435,2.0235717261588713,1.9911820521833503,0.03051775469906702,0.0018719192764539742
0.21479800499241808,0.16191890831813202,0.3673305407544823,6.683162650966591e-05,0.08170206614103814,0.2855616429869345
0.21479800499241808,0.2598480682998035,0.2286402248515646,0.002075158313143464,0.10554767132041838,0.12101739521800277
0.21479800499241808,0.2808721775017332,0.2072081886999801,0.14325871593382264,0.020769020562543157,0.0431804522036143
0.21479800499241808,0.18781866206524722,3.5671330299883297,0.05643755278648204,8.513391844519861e-05,3.5106103432834024
0.21479800499241808,0.21772392212993869,0.4276289942034642,0.060593785472790304,0.002367751258564499,0.3646674574721094
0.21479800499241808,0.22181414773225888,16.1502935190267,15.96891927350138,0.18109698664161097,0.0002772588837102636
0.21479800499241808,0.2179853014950441,4.764242633762315,0.00029388006430471064,0.028524393208078373,4.735424360489932
0.21479800499241808,0.16191326784351215,0.5245738095791519,0.0001449838818338956,0.0038579678755379185,0.52057085782178
0.21479800499241808,0.16009952356174403,0.32768635466435647,0.16003558667724493,0.00020021049168932766,0.1674505574954222
0.21479800499241808,0.19414281375526732,0.5089691876406178,0.39553899943397824,2.8268989274407083e-06,0.1134273613077121
0.21479800499241808,0.16352495326583727,1.3875449317379551,0.16339170591177557,6.646655566689615e-05,1.2240867592705127
0.21479800499241808,0.16223525173205766,3.8823613273666955,3.856938715389316,0.00035963053585501677,0.025062981441524298
0.21479800499241808,0.22768400086176943,0.18371426851044687,0.011339888389154524,0.01361107594468641,0.15876330417660592
0.21479800499241808,0.2915195271937524,0.273785131703975,0.007231509694297717,0.049153932143317855,0.2173996898663594
0.21479800499241808,0.17139870278204272,0.5714800082922823,0.5677216790580528,0.00023577333815948134,0.003522555896069953
0.21479800499241808,0.28309600258504486,0.6473094300289733,0.528228183727441,0.005033618060541035,0.11404762824099136
0.21479800499241808,0.22292074330655884,2.0674721023273945,0.0024942975489257793,0.010371389193636225,2.0546064155848325
0.21479800499241808,0.17867185170944874,3.557056514711406,0.00024441904742156316,0.001348580268035867,3.5554635153959486
0.21479800499241808,0.15804626516681616,0.6820607113224202,0.5427705425067215,0.13928942783359782,7.409821008399964e-07
0.21479800499241808,0.21935934981121274,0.08319263424101148,0.05803165049459456,0.0027898253302592376,0.022371158416157673
0.21479800499241808,0.24392157504928133,0.17664305317603524,0.10036503419027375,0.00040646245626154733,0.07587155652949994
0.21479800499241808,0.2778947219453009,0.41917981196775683,0.41372045832681204,0.004209846656995703,0.0012495069839490811
0.21479800499241808,0.28708015603017184,1.6369697415476434,1.5684364856297548,0.012055905149033154,0.056477350768855336
0.21479800499241808,0.29104041647939644,6.129361518705005,0.017033936246883406,0.00038109533130528835,6.111946487126816
0.21479800499241808,0.21744594186031488,5.295233040935621,0.0016524260926764067,0.00665347915809494,5.2869271356848495
0.21479800499241808,0.1918270576452885,12.977524289764597,1.685682685197291e-05,0.025956120153985615,12.95155131278376
0.21479800499241808,0.20941203584076962,1.2747532117274498,1.2545296760754872,0.016983369093405885,0.003240166558556883
0.21479800499241808,0.19025377341036112,1.0078726104376103,0.010894910923207888,3.809410128564317e-05,0.9969396054131168
0.21479800499241808,0.2495354649791908,1.0742398188824689,0.9820127635417124,0.09151232994498545,0.0007147253957711645
0.21479800499241808,0.18793670384238528,19.54419657006004,0.0001613010013977134,0.07720913184524444,19.4668261372134
0.21479800499241808,0.1820482544255047,0.2519878065844817,0.25138048656733514,2.4496323467937667e-05,0.0005828236936786501
0.21479800499241808,0.23925124590313437,0.5071806845237979,0.4635467298012033,0.0433127849267337,0.00032116979586094887
0.21479800499241808,0.2298830967439025,2.627879213603244,0.11040396043394787,0.00012938217101796773,2.517345870998278
0.21479800499241808,0.2776836318689125,3.6615225399791447,0.38868683897704276,0.008271854848265918,3.2645638461538358
0.21479800499241808,0.2789966071841795,12.652437300286255,0.0028924987356591532,0.07194731130597831,12.577597490244617
0.21479800499241808,0.21423009762038306,5.239100849780167,0.045188463592747447,4.874924575080848e-06,5.193907511262844
0.21479800499241808,0.28815399958273014,3.0245751240103718,3.0029693578889667,0.005589094386219093,0.016016671735185957
0.21479800499241808,0.16667361176064963,4.6789331196037685,4.641512213482008,0.03738990959813677,3.099652362382606e-05
0.21479800499241808,0.2177710512085049,1.2584113304391114,1.187609492073007,0.07032128201697617,0.0004805563491283305
0.21479800499241808,0.22386844459289568,1.5735854751996337,0.00011907584832623339,0.06764824910278333,1.5058181502485242
0.21479800499241808,0.17171059686186793,7.926993568663626,7.925234058275022,0.0010572590769409493,0.0007022513116635366
0.21479800499241808,0.21228903898074922,0.568301240900225,0.4834513711803838,6.584191856984995e-05,0.08478402780127146
0.21479800499241808,0.20139790403221286,3.090391522268251,2.7671971555846504,5.713183256650129e-05,0.32313723485103396
0.21479800499241808,0.19068508723817473,3.2875418139800123,0.05998381174352779,3.540442224254652e-05,3.227522597814242
0.21479800499241808,0.2545028175006935,27.106614568386117,27.098136012195127,0.0030540100761136616,0.005424546114877762
0.21479800499241808,0.23642352372959188,3.651040714960794,0.2567493424624157,0.0029874422969575947,3.391303930201421
0.21479800499241808,0.21490650388300322,0.9211224565718427,0.00030847146223923023,0.05841904090313518,0.8623949442064682
0.21479800499241808,0.1741253052312625,2.622178250535001,3.458567723598371e-05,0.03132838620193293,2.5908152786558323
0.21479800499241808,0.20778656578854146,2.2160711066459493,2.028842861930772,0.00254638159231675,0.18468186312286083
0.21479800499241808,0.19483332624771846,3.85515894532737,0.08897911230752316,2.025831699226345e-05,3.7661595747028547
0.21479800499241808,0.26573835891618025,6.361060890635888,0.0927956239460077,0.0023797276475630218,6.265885539042317
0.21479800499241808,0.19070129277609624,2.485603805098516,0.002991196012387427,0.00017016784437986365,2.4824424412417487
0.21479800499241808,0.21748702271471515,0.3315876744131796,0.005471221787563812,0.021903533342648388,0.3042129192829674
0.21479800499241808,0.17863759229467427,18.65345632967898,9.0859929790159e-05,0.009954887395540367,18.64341058235365
0.21479800499241808,0.20508883548639584,4.007361089132909,3.9882990045008997,0.018939035765442997,0.0001230488665661439
0.21479800499241808,0.21588774715396591,2.6962593530872834,0.0862177199418862,0.0006354194365632296,2.609406213708834
0.21479800499241808,0.20462143454562054,0.15616706045366277,3.39185993315271e-06,1.7350927570848657e-05,0.15614631766615877
0.21479800499241808,0.19773353606912808,0.16217819366350053,0.1546503893029307,0.0036818563002169644,0.003845948060352854
0.21479800499241808,0.1723698951841684,2.0653219096934468,1.6674257660963625,8.427165107582916e-05,0.39781187194600864
0.21479800499241808,0.21944742360990194,0.35974768695903314,0.2779929357047651,0.0013749971119718155,0.08037975414229623
0.21479800499241808,0.23889971457655237,1.1563762325156328,0.3185102019930021,0.017099822889983744,0.8207662076326471
0.21479800499241808,0.1996868311442108,1.3285905649052185,0.020587366571904717,0.00028726507671870206,1.307715933256595
0.21479800499241808,0.18288067486352122,1.8404456207857651,0.012298744907745901,8.92790051157752e-05,1.8280575968729034
0.21479800499241808,0.2803107797260437,0.8270860549460151,0.7747000741246778,0.03929385051223958,0.013092130309097732
0.21479800499241808,0.2436378708152056,1.0551266145864973,0.6195578672633117,3.9223017442838576e-05,0.4355295243057427
0.21479800499241808,0.28981548213185987,0.3903099256683683,0.34575478413072724,0.02563574749570097,0.01891939404194009
0.21479800499241808,0.19132082900458433,0.7341651667278515,0.3696437363494382,7.780504450761758e-06,0.3645136498739625
0.21479800499241808,0.17681247930955243,13.724652074539224,9.452013790443338e-05,0.01075474632014861,13.713802808081171
0.21479800499241808,0.17857873319840206,0.8695475790865419,0.8338737343238265,0.035659539452413486,1.4305310301922106e-05
0.21479800499241808,0.1786053588793953,3.882986356272731,3.785692718042195,0.09718247358354505,0.00011116464699129674
0.21479800499241808,0.18990255600613515,0.12046209514890546,0.11541496260595527,0.004789271044299336,0.0002578614986508562
0.21479800499241808,0.18760472047633497,0.28378901702910997,0.27989041342078197,0.0030216343019592814,0.0008769693063687035
0.21479800499241808,0.16515691152487302,0.9412025510777857,0.0014318472978807981,7.922741659530761e-05,0.9396914763633096
0.21479800499241808,0.21220066272247465,2.675509485609019,0.05912205053111474,0.00015785990205897636,2.6162295751758453
0.21479800499241808,0.18803688819954292,0.8942455703441505,1.8303518423270185e-05,0.3509576563463022,0.543269610479425
0.21479800499241808,0.2191449106844326,6.184048981222093,0.04001947288343033,0.002721447378398076,6.141308060960264
0.21479800499241808,0.16760831057049938,2.558447332929152,2.4528439934480932,0.1055974749776165,5.864503442567854e-06
0.21479800499241808,0.1756673662245931,2.4014361501903885,2.3365563766581094,2.0442220584174985e-05,0.06485933131169484
0.21479800499241808,0.2838912815063486,6.474755807294254,6.271915371168942,0.16655221987490923,0.03628821625040197
0.21479800499241808,0.20436014450223525,9.886544287227533,0.0519598736267686,0.0001302232541161589,9.834454190346648
0.21479800499241808,0.15847457541187693,10.996803787664247,9.364835446992396e-06,0.0052964285040909475,10.991497994324709
0.21479800499241808,0.1894394498819175,1.489749526103639,0.021137736829560334,5.78648090676332e-05,1.4685539244650112
0.21479800499241808,0.22590367776575979,1.6172926174015592,0.00014654735117603006,0.007404098242761775,1.6097419718076214
0.21479800499241808,0.16562094452116002,2.901906551468104,2.8972559357517063,4.8963619273218234e-05,0.004601652097124286
0.21479800499241808,0.16355368711798396,0.7887889999772973,0.7805337928298175,0.008075853232020353,0.000179353915459582
0.21479800499241808,0.28811722779131044,10.065733873868657,0.007541410391188837,0.4944562733748787,9.56373619010259
0.21479800499241808,0.19875386312575177,14.785815270936403,0.008261745908641935,0.002154742091763906,14.775398782935998
0.21479800499241808,0.16018342054918439,3.6381292004394434,8.895995332278456e-05,0.008072800909332888,3.6299674395767876
0.21479800499241808,0.2486872647359921,1.8053641944954912,0.0001244736804391698,0.849386322357509,0.9558533984575431
0.21479800499241808,0.15951689400254207,4.898374131663009,4.87410462987153,2.6120539865797346e-08,0.024269475670939563
0.21479800499241808,0.2869174486618135,4.19980525896004,0.07904677786134875,8.162764580968837e-05,4.120676853452881
0.21479800499241808,0.27551808997784133,0.506751753086857,0.0012804780051843979,0.12642751659514825,0.37904375848652444
0.21479800499241808,0.29042904045608003,0.4778268555355876,0.4256193826068459,0.04626647695613405,0.005940995972607673
0.21479800499241808,0.22211888509637165,0.37732187861797006,0.02052994602172214,0.013093961099654317,0.3436979714965936
0.21479800499241808,0.1909742678327718,3.2795309596250033,0.053700344156142193,6.7666131801272876e-06,3.225823848855681
0.21479800499241808,0.2034737259617892,11.340457221771528,11.330479257100967,0.007678950564690031,0.0022990141058714664
0.21479800499241808,0.1964540632630415,0.6226826321351298,0.44022087370117363,0.0005000561708201232,0.181961702263136
0.21479800499241808,0.19826929029819693,0.1876594011676544,0.00020828733276381334,0.003169823469196757,0.18428129036569382
0.21479800499241808,0.2677595654481822,3.6072266093623586,0.16396669379752016,0.000774362863057685,3.442485552701781
0.21479800499241808,0.17291569603807969,5.552516730744261,5.549427805086122,3.488685217362273e-05,0.0030540388059661096
0.21479800499241808,0.15978239173112,0.6023310636090712,0.0027522823420653396,8.198266322889749e-05,0.5994967986037769
0.21479800499241808,0.2377968189323264,14.806634295614122,4.830742633629613e-05,0.014504703612234895,14.792081284575552
0.21479800499241808,0.2571652565667263,0.0346316879109758,0.024568133533503487,0.0027777443159172233,0.007285810061555091
0.21479800499241808,0.25639541381425734,2.173468429999498,0.08478916691295434,1.302977390236649e-05,2.088666233312641
0.21479800499241808,0.20761921308041503,0.28953204648487985,0.0002460289057248434,0.07255179776540366,0.21673421981375138
0.21479800499241808,0.21507250648362994,24.289299699448126,0.000506939931702573,0.027865374140754514,24.26092738537567
0.21479800499241808,0.23308487504186984,3.2422849447671327,3.1813337912216677,0.00043546924633291903,0.060515684299132
0.21479800499241808,0.22526626912538844,1.4843316690650665,9.291562534041426e-05,0.06049611754193474,1.4237426358977914
0.21479800499241808,0.2884245269389206,0.25940881896839485,0.25487212098038475,0.0040280235866633094,0.0005086744013467735
0.21479800499241808,0.18676295877848334,1.5823437848141155,1.5343732280201465,0.04771490341956683,0.0002556533744021731
0.21479800499241808,0.27383468910103215,8.044723179722805,9.052652924546324e-05,0.021345600190397437,8.023287053003163
0.21479800499241808,0.19751550780250113,1.288844206697845,1.1390257001655537,0.0002945801192682364,0.14952392641302306
0.21479800499241808,0.24630276466323708,9.134280760607878,9.089677553787544,0.005963390206578915,0.03863981661375424
0.21479800499241808,0.16667737532743906,0.2028909557756324,0.18462226356152123,0.018087259642473458,0.0001814325716377168
0.21479800499241808,0.2449632815337738,5.331754708108773,0.0003038387464092168,0.015482838713949537,5.315968030648414
0.21479800499241808,0.1789996851923075,3.520618543195687,3.4947444271952115,0.025702987001595914,0.0001711289988795777
0.21479800499241808,0.19861638655125874,0.20503485313235803,0.13883008804441593,0.0662026123927749,2.1526951671785174e-06
0.21479800499241808,0.17862618415536513,13.323734961392034,13.313444929876962,1.1944484541845614e-05,0.01027808703053114
0.21479800499241808,0.21068174371115556,1.4254339134034326,0.0008090520192545525,0.029283855319321025,1.395341006064857
0.21479800499241808,0.2533063674374543,2.973929772483292,0.022600148742288575,0.0006843795418585985,2.950645244199145
0.21479800499241808,0.21653810309357988,2.0963944423577696,0.00033595362009952327,0.1964560874765856,1.8996024012610846
0.21479800499241808,0.2894648546437255,0.5797124354476979,0.24439370544020556,0.0021759077889423033,0.33314282221855
0.21479800499241808,0.27049508816391,17.08201222261489,0.0732122217802484,0.0003601139216500312,17.008439886912992
0.21479800499241808,0.16859889052963017,0.5918617740429152,0.2967482445560612,0.0005615811335532548,0.29455194835330073
0.21479800499241808,0.19423952448194232,0.5887198299138741,0.5162483767548919,0.010442563157812808,0.06202889000116945
0.21479800499241808,0.16068735035464396,14.193571815729285,14.146104022941822,0.00011291950081298082,0.04735487328665083
0.21479800499241808,0.22070899928278637,4.958821523558287,4.848038932160136,0.11070679543286127,7.57959652896498e-05
0.21479800499241808,0.23856558444665832,9.53671327374868,9.37477648118616,0.1617796699399282,0.00015712262259118387
0.21479800499241808,0.2108426660394057,0.9313088420506126,0.06655804667643256,0.0026438789816639646,0.862106916392516
0.21479800499241808,0.2311237468886559,2.0171247646582597,0.013270927082605322,0.00015408931258572165,2.0036997482630685
0.21479800499241808,0.22571140486438487,0.4635727080668341,0.3275116379036499,0.13546196188230392,0.000599108280880292
0.21479800499241808,0.18567858282326974,0.7525838296609675,0.6343172288993276,4.005411569901406e-05,0.11822654664594084
0.21479800499241808,0.17041222706874382,0.4137903019666343,0.4129338469400182,0.0006831575997184428,0.0001732974268976387
0.21479800499241808,0.23486877732369305,1.6048596362742051,0.0002010361278507702,0.08751709726028686,1.5171415028860675
0.21479800499241808,0.16724592365477292,4.402494321613029,4.402136463061945,0.0003527213493477599,5.13720173602176e-06
0.21479800499241808,0.244959311208861,0.263562801490746,0.0003746569592912445,0.010543962451711079,0.2526441820797437
0.21479800499241808,0.2873186420448643,6.857384612550111,6.831899383317142,0.025329862782630788,0.00015536645033783158
0.21479800499241808,0.2800020881736194,0.5698773536300386,0.5355311037249733,0.030003171675820152,0.004343078229245166
0.21479800499241808,0.21362742688224048,0.9341994755321102,0.8411300809884339,0.09238243503186062,0.0006869595118157063
0.21479800499241808,0.2601393180131343,0.9378081291164898,0.898793920289725,0.002735576586731392,0.036278632240033325
0.21479800499241808,0.2531706557997012,1.2216208813883163,0.03223922908544788,0.009201352083433752,1.1801803002194347
0.21479800499241808,0.28668200911096164,5.1184088037871085,0.008768942998327884,0.12065827047457761,4.988981590314203
0.21479800499241808,0.272922985664846,3.4534120160513813,3.381359584821383,0.0002706639470361186,0.07178176728296236
0.21479800499241808,0.26545354239726976,21.159557997777675,0.00015186923445719853,0.04629513768488668,21.11311099085833
0.21479800499241808,0.24837981507443788,13.352001607619128,13.133607698304518,0.000634136971524065,0.217759772343087
0.21479800499241808,0.17086861600369532,3.802511375920601,3.7993928272806112,0.003094683604596494,2.3865035393175074e-05
0.21479800499241808,0.22311112347157902,0.08643839113798124,0.019634751325897655,0.005708427277460427,0.061095212534623154
0.21479800499241808,0.19275039512344264,0.5409053901766417,0.49170443732244346,0.04899253274462487,0.0002084201095734351
0.21479800499241808,0.18361179935531177,0.8853710526458581,0.0017802332751321094,0.0660902969927847,0.8175005223779414
0.21479800499241808,0.2859063846156857,5.675930638484275,5.663826135618742,0.009702913800640183,0.002401589064892866
0.21479800499241808,0.1614996023546191,0.6996795027294679,0.6377138223672796,0.06194966884948588,1.6011512702438728e-05
0.21479800499241808,0.2220605010112739,0.13118453199570265,3.985514584066309e-06,0.013231322613324636,0.11794922386779395
0.21479800499241808,0.2389907390004499,1.3945287037892071,1.3390003530945895,0.015740116741041706,0.03978823395357568
0.21479800499241808,0.17945383336882562,2.181516275700223,2.177587448366433,0.003917015017554461,1.1812316236006504e-05
0.21479800499241808,0.1638317509408302,1.0732988418177345,0.00010383600104912638,0.0060577919969393,1.0671372138197461
0.21479800499241808,0.21723432180418847,0.27468469641955795,0.22032339442874488,0.002423505184672703,0.05193779680614035
0.21479800499241808,0.1756412451440723,10.61492249127067,0.00011740270293664938,0.011626901816505183,10.60317818675123
0.21479800499241808,0.20852011475113114,0.7208252623144454,0.08824332252815019,0.001628096888645298,0.63095384289765
0.21479800499241808,0.2199618414614117,4.271038633868633,4.224806096023435,0.04496726561256084,0.0012652722326376455
0.21479800499241808,0.2289698228516897,17.643684992288925,17.641559054071354,4.30577154683498e-06,0.0021216324460244106
0.21479800499241808,0.18683979617739874,2.6894583272392847,2.5041053116135754,0.18524334298650824,0.00010967263920070468
0.21479800499241808,0.23442033729671757,5.11761572983352,5.060248315835661,0.0005041080816729459,0.0568633059161853
0.21479800499241808,0.23056862481553497,21.625007084898584,21.584735565710275,0.03804958627583788,0.0022219329124695828
0.21479800499241808,0.16496966428963433,2.3206631222104024,0.0001291564886898289,0.0014898054648447275,2.3190441602568677
0.21479800499241808,0.16950540533394992,2.242474863417159,2.2463337077582167e-05,0.035447305549720975,2.2070050945303605
0.21479800499241808,0.16208757540790586,2.4470767415672254,2.4042692514312245,0.04278186320444582,2.562693155522425e-05
0.21479800499241808,0.26502173046195476,1.1563085119230272,0.23618492448719297,0.01190697069647361,0.9082166167393606
0.21479800499241808,0.1641821881196685,0.19493884073344744,0.17434484537874026,0.00019983441871246381,0.02039416093599472
0.21479800499241808,0.19949894146109814,0.15724746294068337,0.1378069227357973,0.015298112760965935,0.00414242744392012
0.21479800499241808,0.19051264694530007,0.3544706866561921,0.2956167928761155,0.0025980210794344207,0.05625587270064222
0.21479800499241808,0.20248050695794254,2.719651501249731,0.10091583152689386,0.00015184781857459159,2.6185838219042625
0.21479800499241808,0.22125485897648503,8.192356751483254,0.0025498525070480763,6.534676004389743e-05,8.189741552216162
0.21479800499241808,0.2662327042934836,9.129617158031932,0.13222959420540573,0.012519836679310017,8.984867727147217
0.21479800499241808,0.2710267992127437,0.27002112179886784,1.3895115671208958e-05,0.10837381648126938,0.16163341020192726
0.21479800499241808,0.18104716651431302,2.216862305103521,2.193057507514633,3.2201061075429875e-05,0.023772596527812793
0.21479800499241808,0.1918919223278275,1.1335939595549442,1.1316607218272525,0.001269131924925424,0.0006641058027663729
0.21479800499241808,0.1824297116600894,0.2027483932453162,0.12935197289005207,0.07176404363448052,0.0016323767207836128
0.21479800499241808,0.21566343792629902,0.8914597009881553,0.0009960706215270826,0.02250046628314482,0.8679631640834834
0.21479800499241808,0.2673079979805206,0.23301739663966042,0.0536046417003645,0.07276541594152386,0.10664733899777208
0.21479800499241808,0.21322392074688437,1.312199219224681,0.8280618482425894,0.0001255297126328681,0.48401184126945856
0.21479800499241808,0.26533097268337463,0.16336692047424958,0.12057140896443275,0.042592537502787894,0.00020297400702893546
0.21479800499241808,0.2025400154048261,1.5322534526653473,0.5913826348317669,0.00011824649070755087,0.9407525713428728
0.21479800499241808,0.20875122673313734,7.874557494195845,0.007702127793859007,0.00015756229755441734,7.866697804104432
0.21479800499241808,0.18543690778313784,0.25893883623807495,0.04239191513117438,0.0005262948175534392,0.21602062628934715
0.21479800499241808,0.23171722390582453,0.3540948502251482,2.841853968449815e-05,0.08227695030400697,0.27178948138145675
0.21479800499241808,0.19982079333433392,7.041534568894266,0.032863258113114927,6.893598778685657e-05,7.008602374793364
0.21479800499241808,0.23035898116851627,0.7918160860775197,0.0034578616412019652,0.0017390806628393549,0.7866191437734784
0.21479800499241808,0.24973618842559542,0.4962119525609196,0.078037694554322,0.0002913987255998163,0.4178828592809978
0.21479800499241808,0.23003275041769938,2.782875343259357,2.770881627082064,0.0117188997761784,0.00027481640111435174
0.21479800499241808,0.21357120447479883,1.3568197973493232,0.0004155733226260169,0.029758089015541844,1.3266461350111554
0.21479800499241808,0.25070179273113224,1.1528246748905913,0.9315142767676998,0.22033804223497683,0.0009723558879146189
0.21479800499241808,0.24144001907986926,10.909253731787821,10.487470668510296,3.137219860557938e-05,0.42175169107891886
0.21479800499241808,0.20919818255795303,1.1757101859911714,0.49878276125244586,0.0004762100544257739,0.6764512146842998
0.21479800499241808,0.22123341360193774,4.900681373502526,4.898252307891541,0.0023849798245897894,4.408578639579954e-05
0.21479800499241808,0.1645631143313376,0.6262560772832868,0.0017339365485138263,0.0001321058807408179,0.6243900348540321
0.21479800499241808,0.24701290264054493,0.14813225674889252,0.14475733389816858,0.0017962463584294895,0.0015786764922944645
0.21479800499241808,0.17928821259271685,0.23156974125810464,0.00010997905834016972,0.07263819997781343,0.15882156222195104
0.21479800499241808,0.22418940838758683,1.9420825247079083,0.20120275510669897,0.0007831684918798832,1.7400966011093295
0.21479800499241808,0.17675835100069828,1.0771581066945188,0.0002044289205517856,0.37772878253919534,0.6992248952347716
0.21479800499241808,0.22304479996176046,8.076952858553897,0.007802848278687298,0.0035131165798378055,8.065636893695372
0.21479800499241808,0.18653568514978142,1.3118689131057986,1.2251932495689626,9.446085646717558e-05,0.08658120268036865
0.21479800499241808,0.22848290811797808,0.5488299121545596,0.47926760095255555,0.0564502165228519,0.013112094679152045
0.21479800499241808,0.18183726291239902,5.1672403232214315,5.078047941792658,3.035476900689131e-05,0.08916202665976725
0.21479800499241808,0.1733951380224449,6.631566200882312,6.6267513205239315,0.0011603961971299735,0.0036544841612508555
0.21479800499241808,0.25368698900512415,3.12463462298854,3.0497505957512487,0.002633878056951372,0.07225014918033944
0.21479800499241808,0.25250667298055307,1.2421274433926057,0.002081265422548022,0.18283683662556824,1.0572093413444894
0.21479800499241808,0.16052348081065115,1.6047506182814455,1.6038478807754815,0.0008592728344258768,4.3464671538169354e-05
0.21479800499241808,0.2788285957957378,1.7814858775333169,1.7598971179879581,0.010931361168253571,0.010657398377105295
0.21479800499241808,0.17767891607762268,0.3644576648065317,0.30105213947709675,0.00022059178429406195,0.06318493354514089
0.21479800499241808,0.23293621046896607,12.409253905729472,0.01379460726654927,0.0002029467505615404,12.39525635171236
0.21479800499241808,0.17739522053688805,0.33768721293709975,0.3293375976544929,0.000679029349840903,0.007670585932765991
0.21479800499241808,0.16600678267032043,3.5945178860331923,3.5780008511996924,0.016465879165321568,5.115566817834504e-05
0.21479800499241808,0.23407955444456308,0.40612230205408295,0.24071070206151224,0.1645354068682703,0.0008761931243004457
0.21479800499241808,0.28032702857702657,4.696899739657289,4.526779240412591,0.15770915540529165,0.012411343839406539
0.21479800499241808,0.17181305537439906,3.155756574611135,0.0017809563868324302,0.002717537265427888,3.1512580809588746
0.21479800499241808,0.23283591709906057,1.3209490772904593,1.2818434694505203,0.03881908013683669,0.0002865277031024135
0.21479800499241808,0.27282128706741243,0.9683419814668401,0.8627356259717603,0.0006194782630888107,0.10498687723199096
0.21479800499241808,0.18698775078607519,2.8845827032708162,4.3700709943868035e-05,0.03589922064111942,2.848639781919753
0.21479800499241808,0.20732484838040277,1.857692194767869,0.8491219193891818,0.0002541055487094722,1.0083161698299778
0.21479800499241808,0.1707788218263306,0.32284515483180853,0.3008299515778746,0.021964938149893996,5.026510403994631e-05
0.21479800499241808,0.19292035446785646,18.17060681670178,0.1250785933944187,0.00032602714844124714,18.04520219615892
0.21479800499241808,0.28479333981769084,15.853281704626209,15.803651689128323,0.0011046395667421416,0.048525375931144525
0.21479800499241808,0.17942408871247148,3.9488226721474997,3.9156516334811244,0.0005149355532129339,0.0326561031131624
0.21479800499241808,0.2589142110555833,1.7039249173035684,0.7716421373607024,0.0010648399794667177,0.9312179399633993
0.21479800499241808,0.16547426411927893,22.730123819175077,22.6972461413716,2.7275219065903165e-06,0.032874950281570545
0.21479800499241808,0.20272401634924697,2.1118447977359516,2.092901504675469,0.018937310187961836,5.982872520890417e-06
0.21479800499241808,0.26145991005640135,0.3659421851671464,0.20552672250917678,0.15936505080984992,0.0010504118481197214
0.21479800499241808,0.2634434925818556,1.0745694940104134,0.5409879356065564,0.0005339545115549273,0.533047603892302
0.21479800499241808,0.23690370472825853,4.398372485488912,0.007036941515693867,0.038822211088461456,4.352513332884757
0.21479800499241808,0.18506339676822464,2.051720706961022,1.975979640698442,0.07555258578145567,0.0001884804811243751
0.21479800499241808,0.2555829207514073,7.138479029507666,0.0021380753951519386,0.02239924336055594,7.113941710751958
