run_id,t,theta,elapsed_s,accepted,n_nodes,n_edges
0,1e-06,3070.9842496970095
0,1.0352018554516495e-06,3070.9837047215046
0,1.0716428815305355e-06,3070.9831447463166
0,1.1093666993419628e-06,3070.982525099795
0,1.1484184655350697e-06,3070.9819246315465
0,1.1888449263568402e-06,3070.9812678588896
0,1.230694473608878e-06,3070.9806318579467
0,1.2740172025740018e-06,3070.9799442538656
0,1.3188649719819266e-06,3070.979236959469
0,1.3652914660858754e-06,3070.9784917726734
0,1.413352258924401e-06,3070.977724267781
0,1.463104880845317e-06,3070.9769701639207
0,1.5146088873714367e-06,3070.9761790704147
0,1.5679259304904665e-06,3070.975324414161
0,1.623119832454485e-06,3070.9744428333297
0,1.6802566621772532e-06,3070.973547300825
0,1.7394048143208846e-06,3070.972626450234
0,1.8006350911665115e-06,3070.9716322741433
0,1.864020787366919e-06,3070.9706778087757
0,1.929637777682679e-06,3070.969644112922
0,1.997564607806703e-06,3070.9685460419505
0,2.0678825883860455e-06,3070.9674462437324
0,2.1406758923533892e-06,3070.9662982596656
0,2.216031655684844e-06,3070.965128733202
0,2.2940400817045417e-06,3070.9638794526345
0,2.3747945490609903e-06,3070.962610810348
0,2.4583917235044003e-06,3070.9613397103512
0,2.5449316735987286e-06,3070.95993041594
0,2.634517990507075e-06,3070.9585232807626
0,2.72725791199367e-06,3070.9570354112616
0,2.8232624507910387e-06,3070.955561106928
0,2.9226465274858544e-06,3070.9540002167355
0,3.0255291080826706e-06,3070.952421091252
0,3.132033346410155e-06,3070.950660751231
0,3.2422867315402246e-06,3070.9489343231526
0,3.3564212403967046e-06,3070.947161701057
0,3.4745734957359885e-06,3070.945300361082
0,3.596884929689019e-06,3070.943444601553
0,3.7235019530601484e-06,3070.9413802934127
0,3.854576130585699e-06,3070.939329266573
0,3.990264362361955e-06,3070.9372192611436
0,4.1307290716596805e-06,3070.934992063473
0,4.276138399350171e-06,3070.932629735672
0,4.4266664051753345e-06,3070.9303892140056
0,4.582493276102989e-06,3070.927906104107
0,4.7438055420165224e-06,3070.9253253928637
0,4.910796298997311e-06,3070.922729057514
0,5.083665440467111e-06,3070.9200185573723
0,5.262619896466969e-06,3070.91710312823
0,5.447873881359374e-06,3070.9143253396614
0,5.639649150249792e-06,3070.911275481216
0,5.838175264434903e-06,3070.9080910712146
0,6.043689866194936e-06,3070.9048411385897
0,6.2564389632593165e-06,3070.9015625116267
0,6.476677223286038e-06,3070.898147603494
0,6.704668278707131e-06,3070.8943927992004
0,6.9406850423054384e-06,3070.8908746432567
0,7.185010033900086e-06,3070.886939140193
0,7.437935718532088e-06,3070.882893866099
0,7.699764856554514e-06,3070.87877896385
0,7.970810866046622e-06,3070.874524583727
0,8.251398197985632e-06,3070.870213852163
0,8.541862724625105e-06,3070.86563459929
0,8.842552141545192e-06,3070.8608614568952
0,9.153826383855521e-06,3070.855717253706
0,9.476058057049498e-06,3070.8507140621145
0,9.809632883025192e-06,3070.845789396487
0,1.0154950161807173e-05,3070.8401323045236
0,1.0512423249521814e-05,3070.834413225577
0,1.0882480053198018e-05,3070.8287710126397
0,1.1265563542986154e-05,3070.822693335039
0,1.16621322824077e-05,3070.81654245371
0,1.2072660977271032e-05,3070.81012297437
0,1.2497641043909696e-05,3070.8032111798716
0,1.293758119742398e-05,3070.7964539683067
0,1.3393008060629679e-05,3070.7893456132592
0,1.3864466794442712e-05,3070.781725852263
0,1.4352521750454878e-05,3070.7738578136377
0,1.4857757146481017e-05,3070.766097711358
0,1.5380777765887154e-05,3070.7575524572926
0,1.5922209681535858e-05,3070.7491382402304
0,1.6482701005216103e-05,3070.740850556507
0,1.7062922663454445e-05,3070.7319317098513
0,1.766356920063604e-05,3070.7218373454925
0,1.828535961039704e-05,3070.7120952783935
0,1.8929038196283628e-05,3070.7021057973234
0,1.9595375462707957e-05,3070.6917290993483
0,2.0285169037267002e-05,3070.68022183605
0,2.0999244625529106e-05,3070.6697450720885
0,2.1738456999430764e-05,3070.6579611253537
0,2.2503691020466625e-05,3070.6456217857412
0,2.3295862698897674e-05,3070.63372056105
0,2.4115920290245694e-05,3070.6203980657515
0,2.4964845430386424e-05,3070.6068918556
0,2.5843654310599662e-05,3070.593776919341
0,2.6753398893983734e-05,3070.5786517317874
0,2.7695168174690013e-05,3070.56389150355
0,2.8670089481484574e-05,3070.5485569193243
0,2.967932982719765e-05,3070.5333768413734
0,3.072409730567643e-05,3070.5160186219664
0,3.180564253791326e-05,3070.4995380075416
0,3.292526016907972e-05,3070.482131739295
0,3.408429041825955e-05,3070.462813022584
0,3.528412068273509e-05,3070.4446892651395
0,3.652618719874729e-05,3070.425323568135
0,3.781197676071748e-05,3070.404225316556
0,3.914302850098931e-05,3070.383504186963
0,4.052093573222093e-05,3070.361971361427
0,4.194734785463215e-05,3070.3397069721927
0,4.342397233039088e-05,3070.316635240057
0,4.495257672750164e-05,3070.2921114992455
0,4.653499083564233e-05,3070.267751347994
0,4.817310885648245e-05,3070.2406435728194
0,4.9868891671104816e-05,3070.214530697501
0,5.162436918724502e-05,3070.1878124148016
0,5.3441642769156896e-05,3070.158981852893
0,5.5322887753015444e-05,3070.129633013719
0,5.727035605086481e-05,3070.0995732073375
0,5.928637884623185e-05,3070.066574836636
0,6.137336938462863e-05,3070.034323822862
0,6.35338258622869e-05,3069.998769825241
0,6.577033441658138e-05,3069.965202493286
0,6.808557222172039e-05,3069.927918840293
0,7.048231069341223e-05,3069.8908297889993
0,7.296341880633984e-05,3069.8514920193284
0,7.553186652841878e-05,3069.8106781059723
0,7.819072837594546e-05,3069.768849147562
0,8.094318709389451e-05,3069.7266052034684
0,8.37925374657696e-05,3069.6816787799626
0,8.674219025756638e-05,3069.63587533288
0,8.97956763005727e-05,3069.5885481429036
0,9.295665071788838e-05,3069.5363341192174
0,9.622889729972897e-05,3069.4868960425456
0,9.961633303274564e-05,3069.4337627230016
0,0.00010312301278878753,3069.377487494588
0,0.00010675313417871692,3069.3203206958337
0,0.00011051104257708666,3069.26042892072
0,0.00011440123632369623,3069.19826964421
0,0.00011842837210825286,3069.1361040705533
0,0.00012259727054458162,3069.0710656864962
0,0.00012691292194105862,3069.003799050682
0,0.0001313804922741741,3068.9324195936683
0,0.000136005329372376,3068.8605089005205
0,0.00014079296931759634,3068.7821566529474
0,0.00014574914307212276,3068.7053728551377
0,0.00015087978333874923,3068.623821410389
0,0.00015619103166241593,3068.5438069975253
0,0.00016168924578184013,3068.455807163718
0,0.00016738100723993852,3068.3661323001043
0,0.00017327312926215016,3068.27276182243
0,0.00017937266491209136,3068.1764809749425
0,0.00018568691553430376,3068.081015168797
0,0.00019222343949420477,3067.9760746205293
0,0.00019899006122569847,3067.870646415363
0,0.0002059948805972802,3067.7629750541755
0,0.00021324628260784522,3067.6465887226004
0,0.00022075294742380795,3067.5214843773883
0,0.0002285238607695462,3067.403855532832
0,0.00023656832468360863,3067.2737102442247
0,0.00024489596865355967,3067.1505700867842
0,0.00025351676114279367,3067.0104303143557
0,0.00026244102152311237,3066.8725476922973
0,0.00027167943242735194,3066.7311069542097
0,0.0002812430525368455,3066.578512145098
0,0.0002911433298190279,3066.4187352598165
0,0.00030139211523102924,3066.259034848733
0,0.0003120016769056585,3066.093452609534
0,0.0003229847148367634,3065.921540992157
0,0.00033435437608153904,3065.740553311165
0,0.00034612427049798746,3065.55887803346
0,0.0003583084870363649,3065.366609249798
0,0.00037092161060411785,3065.164164617958
0,0.000383978739524497,3064.959032384237
0,0.00039749550360974455,3064.749535715605
0,0.00041148808287049497,3064.528349181685
0,0.0004259732268837781,3064.306608107303
0,0.0004409682748428131,3064.0723554677916
0,0.00045649117631259257,3063.8225920671093
0,0.0004725605127161014,3063.5750178581643
0,0.0004891955195768905,3063.3115027060567
0,0.0005064161095446307,3063.0464604866766
0,0.000524242896231207,3062.7684494246187
0,0.0005426972188858915,3062.4611891123477
0,0.0005618011679391243,3062.163486315416
0,0.0005815776114454846,3061.8512738332697
0,0.0006020502224575035,3061.5405035989493
0,0.0006232435073630854,3061.2055831360253
0,0.0006451828352204597,3060.865701644494
0,0.0006678944681257751,3060.5024694759686
0,0.0006914055926496942,3060.1511367865423
0,0.0007157443523806101,3059.7674835956004
0,0.000740939881613446,3059.3574942241457
0,0.000767022340224364,3058.9527920304736
0,0.0007940229497731272,3058.5428880691293
0,0.0008219740308763332,3058.0981749650646
0,0.0008509090418962507,3057.63945232521
0,0.0008808626189915832,3057.1785529365648
0,0.0009118706175780854,3056.6918432660395
0,0.0009439701552486745,3056.193986756168
0,0.0009771996562044085,3055.6785017108177
0,0.0010115988972495167,3055.134258391556
0,0.0010472090554055412,3054.600638302194
0,0.0010840727572015854,3054.0001855335786
0,0.0011222341296996655,3053.4153726095356
0,0.0011617388533162597,3052.7881588503456
0,0.0012026342165032625,3052.1370092610755
0,0.0012449691723538168,3051.472472140068
0,0.0012887943972007742,3050.81076871853
0,0.0013341623512779302,3050.106251754338
0,0.0013811273415166487,3049.354520248703
0,0.0014297455865530373,3048.616805953727
0,0.0014800752840235098,3047.8116644451106
0,0.0015321766802292628,3047.0062877124797
0,0.0015861121422530797,3046.1360300503648
0,0.0016419462326147773,3045.298299574963
0,0.0016997457865546614,3044.4230621622087
0,0.0017595799920375088,3043.5000420591787
0,0.0018215204725728258,3042.4917065604845
0,0.0018856413729505528,3041.557425720984
0,0.0019520194479948061,3040.470176676636
0,0.002020734154441926,3039.4052756344163
0,0.0020918677460527997,3038.323795704973
0,0.002165505372073316,3037.151502270853
0,0.002241735179160809,3035.997995582054
0,0.002320648416898505,3034.820303398845
0,0.0024023395470242634,3033.4580517063
0,0.00248690635650439,3032.1559907434935
0,0.002574450074587843,3030.856209199433
0,0.00266507549398097,3029.4222060563698
0,0.0027588910962878187,3028.0310758612572
0,0.0028560091818661823,3026.487088736807
0,0.0029565460042548196,3024.9578341483843
0,0.0030606219093327466,3023.3422705839616
0,0.003168361479377226,3021.7095316437353
0,0.003279893682192834,3019.9686231898895
0,0.003395352025490161,3018.1791325168715
0,0.0035148747166989275,3016.3578770453955
0,0.0036386048284068172,3014.4117816894136
0,0.003766690469622068,3012.5197032270753
0,0.0038992849630648057,3010.5015616517903
0,0.004036547028699399,3008.409618863422
0,0.004178640973727456,3006.1075363883324
0,0.004325736889268946,3003.9457388057835
0,0.004478010853966855,3001.638609021725
0,0.004635645144759108,2999.1772472727657
0,0.004798828455070054,2996.7351947093985
0,0.004967756120682693,2994.18401919594
0,0.005142630353562007,2991.5286747327796
0,0.005323660483909357,2988.6624100900435
0,0.005511063210737586,2985.972738873807
0,0.005705062861266869,2982.935368077863
0,0.005905891659451753,2980.013807005706
0,0.00611379000396087,2976.770915842146
0,0.00632900675594204,2973.540318475354
0,0.006551799536917218,2970.2654044989686
0,0.006782435037163955,2966.7905640563217
0,0.007021189334952396,2963.2692220152358
0,0.007268348227020046,2959.403258903385
0,0.007524207570679851,2955.672169677506
0,0.007789073637971122,2951.6491991308403
0,0.008063263482277235,2947.676426465907
0,0.008347105317848914,2943.3506268566243
0,0.008640938912687518,2939.119079460072
0,0.008945115995258468,2934.4752308226243
0,0.009260000675521785,2929.923202537411
0,0.00958596988078367,2925.09730318213
0,0.009923413806890873,2920.228590643122
0,0.010272736385307948,2915.093382994157
0,0.010634355766636436,2909.8674177301214
0,0.011008704821154987,2904.3440991386956
0,0.01139623165697914,2898.564008647696
0,0.01179740015646163,2892.808007725202
0,0.01221269053147466,2886.936863828237
0,0.012642599898239334,2880.4851316012814
0,0.013087642872390193,2874.2212142122944
0,0.013548352184986855,2867.6672629254927
0,0.014025279320210802,2860.872466815582
0,0.014518995175509843,2854.2051364040185
0,0.015030090744981336,2846.5695253440163
0,0.015559177826811346,2839.064295249391
0,0.016106889755617235,2831.420347112048
0,0.016673882160570128,2823.4109636615053
0,0.01726083375020432,2815.0559062407406
0,0.017868447124853963,2806.944576053595
0,0.018497449617688476,2798.3992895811225
0,0.019148594165354516,2789.4520335526386
0,0.019822660209265625,2779.705833124696
0,0.020520454628619317,2770.2836343908834
0,0.021242812706258104,2760.682856422854
0,0.02199059912853022,2751.0646603832092
0,0.022764709020347912,2739.9915589111097
0,0.023566069016681013,2729.6951870437697
0,0.024395638371769814,2718.9476613662964
0,0.02525441010738357,2707.060320436197
0,0.026143412201500307,2695.3554870101602
0,0.027063708818830412,2683.3873202774885
0,0.028016401584656354,2671.0113286943943
0,0.02900263090351479,2658.5220802266326
0,0.0300235773242978,2645.8239253865468
0,0.031080462953409153,2632.0573034309896
0,0.03217455291766541,2618.399517286317
0,0.03330715687869445,2603.984132875691
0,0.03447963060064366,2589.8463933856337
0,0.03569337757307372,2574.767019425509
0,0.03694985069098221,2559.111089253088
0,0.03825055399396612,2543.8375100078156
0,0.03959704446660722,2527.8278308045988
0,0.040990933902233184,2510.9353212680785
0,0.04243389083228772,2493.183429743733
0,0.043927642523616986,2476.660095957847
0,0.045473977046064984,2459.5036640626936
0,0.04707474541285219,2440.3600678548123
0,0.04873186379629852,2421.943145693034
0,0.05044731582154529,2402.8230095871786
0,0.05222315494101893,2383.44338908884
0,0.05406150689248178,2363.900816554746
0,0.05596457224360927,2342.6663275171845
0,0.05793462902614208,2322.609296563077
0,0.05997403546276527,2301.83128969323
0,0.06208523278997751,2279.560009649017
0,0.06427074818033231,2258.2554621759314
0,0.0665331977675456,2235.1336774821784
0,0.06887528977809475,2212.485385565064
0,0.07129982777305371,2188.8091405649516
0,0.0738097140040481,2164.6677398072793
0,0.07640795288734618,2140.576254698029
0,0.07909765460024283,2114.9544379446916
0,0.08188203880404508,2091.0225955471806
0,0.08476443849811126,2064.9783476544762
0,0.087748304009562,2038.3356667499809
0,0.090837207123434,2012.2552545428973
0,0.09403484535822448,1988.034590071462
0,0.09734504639194291,1959.9560110400923
0,0.10077177264396599,1932.7800612061267
0,0.10431912601818537,1905.6434709314228
0,0.10799135281311972,1877.5131745419662
0,0.11179284880487525,1848.309277147456
0,0.11572816450903257,1821.3931960321152
0,0.11980201062776401,1791.2674799459649
0,0.12401926368869953,1765.013526464274
0,0.12838497188228887,1733.9737574702465
0,0.13290436110465328,1705.0317822353577
0,0.13758284121315284,1675.8150398208538
0,0.1424260125021655,1645.208244720925
0,0.14743967240682154,1616.4049231947831
0,0.15262982244272472,1587.272236530484
0,0.15800267538996446,1557.918302760081
0,0.16356466273001555,1526.654961403895
0,0.16932244234443536,1497.1373729292804
0,0.17528290648456404,1468.2672103285952
0,0.18145319002177868,1437.2866702200415
0,0.18784067898816564,1408.9493398632003
0,0.19445301941784673,1378.556982137657
0,0.20129812649953058,1351.6346345884347
0,0.20838419405125447,1320.7398442394651
0,0.21571970432865523,1291.7033874791778
0,0.22331343817850466,1261.8137516613674
0,0.23117448554967523,1236.417382588739
0,0.23931225637410386,1208.029588462075
0,0.24773649183079313,1178.8944734935812
0,0.25645727600631946,1151.6570901770156
0,0.2654850479658172,1125.7263507700357
0,0.2748306142488841,1098.7828066079521
0,0.2845051618053608,1072.7975492397718
0,0.29452027138648124,1046.1483662147034
0,0.3048879314074081,1021.1170224444164
0,0.3156205522977641,996.6038831606045
0,0.32673098135731976,973.7073594314086
0,0.33823251813463506,948.928990977515
0,0.3501389303470579,925.371769244987
0,0.36246447036112944,904.016553389428
0,0.3752238922531406,880.402370477426
0,0.3884324694702402,860.3783310606444
0,0.40210601311325883,839.1921893455675
0,0.41626089086311086,816.8474094860564
0,0.43091404657344806,797.7600180013503
0,0.44608302055301197,778.627242804863
0,0.4617859705619533,758.6978901756986
0,0.4780416935472749,741.1268118647698
0,0.49486964814338674,721.7804457114221
0,0.5122899779647389,705.3584130242892
0,0.5303235357183823,687.240607391779
0,0.5489919081653474,670.6084196952143
0,0.5683174419607092,654.3829162638818
0,0.58832327040326,636.7286600072941
0,0.6090333411268374,622.7025313641199
0,0.6304724447664182,607.2254653491439
0,0.6526662446333337,591.0463654183784
0,0.6756413074350872,577.5714742923379
0,0.6994251350765791,563.488982859664
0,0.7240461975807954,549.2469762803605
0,0.7495339671683494,535.3666493994219
0,0.775918953536711,521.030997031132
0,0.8032327403813039,508.5385507354897
0,0.8315080232022388,493.9487522766018
0,0.8607786484418908,481.79686592212533
0,0.8910796540002067,468.89576141384845
0,0.9224473111762278,455.40472654973024
0,0.9549191680860142,444.67234664228306
0,0.9885340946089874,430.53926750863684
0,1.0233323289164382,419.4513301568445
0,1.0593555256379543,405.993581394273
0,1.0966468057233656,393.88073089429366
0,1.1352508080599526,382.5694549389695
0,1.1752137429066474,370.25280117465473
0,1.2165834472092367,359.217420504777
0,1.2594094418627657,348.2818603020249
0,1.3037429909896587,338.86367181304774
0,1.3496371633045778,325.11719136144404
0,1.397146895639397,315.47061875924123
0,1.446329058704416,304.5620217826776
0,1.497242525164449,292.0081438257936
0,1.5499482401113476,282.2303047155334
0,1.6045092940172856,273.0064620828099
0,1.6609909982561069,262.4623287905103
0,1.7194609632832094,251.47201344601686
0,1.7799891795674554,241.58230140645196
0,1.842648101372089,232.09117882428336
0,1.9075127334848458,223.1250339627218
0,1.974660721001156,213.83189723326683
0,2.0441724422678886,204.86864320723842
0,2.116131105098844,196.49568654613913
0,2.190622846377273,186.97772072248
0,2.2677368351645217,178.92965365852092
0,2.3475653794383646,169.73132187142434
0,2.4302040365886506,161.47863402578946
0,2.515751727802654,155.00759746158008
0,2.604310856477001,146.97373352962848
0,2.69598743079786,139.42396216027922
0,2.79089119063627,132.932962480884
0,2.8891357389103245,125.62363994227928
0,2.9908386775716402,119.22459298256823
0,3.0961217483787196,112.0343248558567
0,3.205110978625849,106.17239869986547
0,3.317936832001931,101.23256739686323
0,3.43473436475976,95.42619814227976
0,3.555643387382846,89.8563751517954
0,3.6808086319431026,84.6397900229031
0,3.8103799253499475,80.02632939489021
0,3.9445123686979837,75.04337410661101
0,4.0833665229281255,71.16112264164708
0,4.227108601024345,66.2224680919599
0,4.37591066697602,61.902430090105824
0,4.529950841744241,58.86674785346693
0,4.68941351647839,55.348115722683914
0,4.854489573238474,51.780518624169005
0,5.025376613487144,48.63295344671715
0,5.202279194625218,45.064288663040095
0,5.385409074853539,42.6437743586201
0,5.574985466654523,40.30114835522854
0,5.771235299196743,37.44942833298033
0,5.974393489976511,35.30228587461178
0,6.18470322602194,32.47700758578017
0,6.4024162549957016,30.60017404134842
0,6.627793186545351,28.69216069358593
0,6.861103804261548,26.814544202564136
0,7.102627388617911,25.027875907255872
0,7.352653051278966,23.446560528389135
0,7.611480081176202,21.723096549570734
0,7.879418302766876,20.618766882484596
0,8.15678844690394,19.12167040648061
0,8.443922534761537,17.909785836001603
0,8.741164275275139,16.639719593846657
0,9.048869476572479,15.463748747411238
0,9.367406471887627,14.454751476439169
0,9.69715656046784,13.580015645323686
0,10.038514464001445,12.537831247360907
0,10.391888799112495,11.756437915974566
0,10.757702566488469,10.713976489962922
0,11.136393657225835,9.967522129335094
0,11.52841537700014,9.444872854491212
0,11.934236988687873,8.644703130805997
0,12.354344274089367,8.031154723313506
0,12.789240115425775,7.392413280199826
0,13.239445097305403,6.880963640172687
0,13.705498129880796,6.180512336258931
0,14.187957093941714,5.81165783009947
0,14.687399508716824,5.643266464256563
0,15.204423223183301,5.123587119688569
0,15.739647131711472,4.806988841211062
0,16.293711914901948,4.3932834291059315
0,16.86728080650111,4.0869391004560205
0,17.461040387313947,3.602737665036481
0,18.075701407063583,3.495736068268115
0,18.711999635182178,3.190151710961446
0,19.37069674155118,3.083106737973416
0,20.05258120824496,2.8603618570261586
0,20.75846927337006,2.6558924469470764
0,21.489205908128696,2.52302869184455
0,22.245665828277374,2.2767680384084232
0,23.028754541190047,2.2120851900603324
0,23.839409429780538,1.866702215397581
0,24.67860087458036,1.8580872283024035
0,25.54733341531624,1.8301639977681377
0,26.446646953377297,1.6910911229826946
0,27.377617996610834,1.554427043575703
0,28.341360947938007,1.459007986185508
0,29.339029439330282,1.4596579665502143
0,30.371817712745276,1.372566163553719
0,31.440962049673185,1.4319517827453463
0,32.54774225100651,1.100772795965708
0,33.69348316900399,1.2812798411893382
0,34.87955629318178,1.2084022452594383
0,36.10738139203204,1.2392396320472283
0,37.37842821253185,1.0865046103646891
0,38.694218239479255,1.0596100578313215
0,40.05632651675998,1.1967977853091862
0,41.46638353272696,1.194270772160255
0,42.92607717194867,1.032916655269666
0,44.43715473566187,1.2088047492022045
0,46.00142503334922,1.0606499990881508
0,47.62076054794297,1.1623563804665566
0,49.29709967724927,1.0238185349768025
0,51.03244905427336,1.0413378727866605
0,52.82888594922545,1.0337908361625956
0,54.68856075608176,1.0912678208571236
0,56.61369956667599,0.9906539925975076
0,58.60660683540523,1.1559174022774672
0,60.66966813773669,0.9298900670196817
0,62.80535302582084,1.0212917733166682
0,65.01621798462561,1.0396105368270254
0,67.30490949213319,0.8742018703362189
0,69.67416718726162,0.9052972901642876
0,72.12682714930152,1.0153198863648
0,74.66582529279734,1.1731780114143944
0,77.29420088193234,0.980366555113762
0,80.01510016862889,0.9808280415834174
0,82.83178015871422,0.9477635660401565
0,85.74761251066391,1.1672135724323696
0,88.76608757158836,1.0112350623823931
0,91.89081855529167,1.163303934313855
0,95.1255458674088,0.9020671816907683
0,98.47414158279238,0.9896136146879584
0,101.9406140805149,1.0401147469948897
0,105.52911284202979,0.9138828545161906
0,109.24393341823551,1.0610071856208236
0,113.08952257139363,1.035784494122733
0,117.07048359804811,0.9706303518307916
0,121.19158183932106,0.9986888925558266
0,125.45775038518534,1.0113425133590237
0,129.87409597953348,0.9634121068577791
0,134.44590513311894,0.9519524140404717
0,139.1786504516809,1.0900374164886908
0,144.07799718683634,0.9817557453728722
0,149.14981001757081,1.1372930355838355
0,154.40016007045,0.9958893339058762
0,159.8353321869612,1.065023809443957
0,165.46183244667267,1.1232295176107832
0,171.28639595522583,1.0429522787300407
0,177.31599490647534,0.9180438314987567
0,183.55784692843812,0.891749447760298
0,190.01942372302938,1.0104912995303534
0,196.7084600099328,0.9581366044036017
0,203.63296278531863,0.9886641181280801
0,210.8012209064781,1.137129600632084
0,218.2218150138596,0.901426653069214
0,225.90362780237365,0.8971426247618561
0,233.85585465427556,1.0582770271207045
0,242.0880146463378,0.9411633019006578
0,250.60996194449447,1.0743752035364562
0,259.43189759960745,1.0413342559504064
0,268.5643817584554,1.0094228264440113
0,278.0183463045787,0.9263981602098496
0,287.80510794409855,0.7522285086296462
0,297.93638175219246,0.8945986649301835
0,308.42429519642127,0.8539360143276534
0,319.2814026537019,1.0357273689350526
0,330.52070043831674,1.020402556170614
0,342.1556423589236,0.9990739986973984
0,354.20015582320946,1.2014510745688523
0,366.668658509449,1.0722688049496227
0,379.57607562494815,1.079066265060242
0,392.9378577720027,0.9902718984042573
0,406.76999944277276,0.9836270758710411
0,421.0890581652239,0.8835477043307104
0,435.9121743230265,1.180590605665947
0,451.2570916731608,1.0179094757407545
0,467.1421785857702,0.9893255454249368
0,483.58645003171415,0.972189433409191
0,500.60959034410786,1.0103081243892964
0,518.2319767811096,1.0439392705961248
0,536.4747039181797,1.0820172582219645
0,555.3596088989727,0.9158559915334981
0,574.9092975751201,0.9154286063171494
0,595.1471715661677,0.9722810159557627
0,616.0974562720967,0.9876058287203737
0,637.7852298719173,1.0011091663951979
0,660.2364533430642,0.9430051286226604
0,683.4780015375551,0.9568239172907516
0,707.537695352061,1.1221914685772123
0,732.4443350304389,0.9287182513841895
0,758.2277346385584,1.215971996092563
0,784.918757752735,1.058897753175056
0,812.5493544044367,0.9394639368283332
0,841.1525993255111,1.024249023119541
0,870.7627315397452,1.0681882937152967
0,901.415195348089,0.9500875122110847
0,933.1466827566547,1.027729159883096
0,965.9951773982388,1.1576847932270502
0,1000.0,1.017441387170418
1,1e-06,3051.9843053842833
1,1.0352018554516495e-06,3051.983763792436
1,1.0716428815305355e-06,3051.9831675688656
1,1.1093666993419628e-06,3051.9825499911444
1,1.1484184655350697e-06,3051.981953503421
1,1.1888449263568402e-06,3051.9813168985424
1,1.230694473608878e-06,3051.980650952875
1,1.2740172025740018e-06,3051.9799534904873
1,1.3188649719819266e-06,3051.979264799812
1,1.3652914660858754e-06,3051.978561764778
1,1.413352258924401e-06,3051.977833227659
1,1.463104880845317e-06,3051.977042678556
1,1.5146088873714367e-06,3051.976226756773
1,1.5679259304904665e-06,3051.9753754694557
1,1.623119832454485e-06,3051.974496979172
1,1.6802566621772532e-06,3051.973589438251
1,1.7394048143208846e-06,3051.9727034726893
1,1.8006350911665115e-06,3051.9716934672256
1,1.864020787366919e-06,3051.9707074291377
1,1.929637777682679e-06,3051.969711468756
1,1.997564607806703e-06,3051.9686399266125
1,2.0678825883860455e-06,3051.9675276661496
1,2.1406758923533892e-06,3051.9664059280713
1,2.216031655684844e-06,3051.965166924805
1,2.2940400817045417e-06,3051.963947341286
1,2.3747945490609903e-06,3051.9626673968046
1,2.4583917235044003e-06,3051.961386803526
1,2.5449316735987286e-06,3051.9600332855657
1,2.634517990507075e-06,3051.9586619207153
1,2.72725791199367e-06,3051.9571569861996
1,2.8232624507910387e-06,3051.9556242767776
1,2.9226465274858544e-06,3051.9541722397407
1,3.0255291080826706e-06,3051.9524854306483
1,3.132033346410155e-06,3051.9508214613443
1,3.2422867315402246e-06,3051.949074195871
1,3.3564212403967046e-06,3051.9472843663193
1,3.4745734957359885e-06,3051.945363228579
1,3.596884929689019e-06,3051.943547673446
1,3.7235019530601484e-06,3051.941544590611
1,3.854576130585699e-06,3051.939455321484
1,3.990264362361955e-06,3051.9373654652195
1,4.1307290716596805e-06,3051.935069835696
1,4.276138399350171e-06,3051.9328560998683
1,4.4266664051753345e-06,3051.930494068993
1,4.582493276102989e-06,3051.928036631746
1,4.7438055420165224e-06,3051.9254419852145
1,4.910796298997311e-06,3051.922848296226
1,5.083665440467111e-06,3051.9201373074275
1,5.262619896466969e-06,3051.917382699579
1,5.447873881359374e-06,3051.914393865373
1,5.639649150249792e-06,3051.911429159436
1,5.838175264434903e-06,3051.9082606487123
1,6.043689866194936e-06,3051.905070227862
1,6.2564389632593165e-06,3051.9017601734727
1,6.476677223286038e-06,3051.898242526797
1,6.704668278707131e-06,3051.8947153479494
1,6.9406850423054384e-06,3051.891024407251
1,7.185010033900086e-06,3051.8873587782787
1,7.437935718532088e-06,3051.883124551381
1,7.699764856554514e-06,3051.8791031865535
1,7.970810866046622e-06,3051.874837303823
1,8.251398197985632e-06,3051.870262585018
1,8.541862724625105e-06,3051.865771931702
1,8.842552141545192e-06,3051.8611479999317
1,9.153826383855521e-06,3051.856209253605
1,9.476058057049498e-06,3051.851342862523
1,9.809632883025192e-06,3051.8462328058145
1,1.0154950161807173e-05,3051.8403607847986
1,1.0512423249521814e-05,3051.8349035097604
1,1.0882480053198018e-05,3051.829192351156
1,1.1265563542986154e-05,3051.823113491896
1,1.16621322824077e-05,3051.816729040125
1,1.2072660977271032e-05,3051.8101844746348
1,1.2497641043909696e-05,3051.8038213888562
1,1.293758119742398e-05,3051.7968719933783
1,1.3393008060629679e-05,3051.7896105285668
1,1.3864466794442712e-05,3051.7822444402354
1,1.4352521750454878e-05,3051.7746881942426
1,1.4857757146481017e-05,3051.766482601064
1,1.5380777765887154e-05,3051.7584423197563
1,1.5922209681535858e-05,3051.7497248504937
1,1.6482701005216103e-05,3051.741098052761
1,1.7062922663454445e-05,3051.731772840783
1,1.766356920063604e-05,3051.722597373218
1,1.828535961039704e-05,3051.713043760545
1,1.8929038196283628e-05,3051.7026035636186
1,1.9595375462707957e-05,3051.6924755026057
1,2.0285169037267002e-05,3051.681525356818
1,2.0999244625529106e-05,3051.6702096600925
1,2.1738456999430764e-05,3051.659057116036
1,2.2503691020466625e-05,3051.646532046329
1,2.3295862698897674e-05,3051.6339578770526
1,2.4115920290245694e-05,3051.621706216386
1,2.4964845430386424e-05,3051.6075783470365
1,2.5843654310599662e-05,3051.594359181721
1,2.6753398893983734e-05,3051.5791240820868
1,2.7695168174690013e-05,3051.565582443705
1,2.8670089481484574e-05,3051.5495799922733
1,2.967932982719765e-05,3051.5339597313027
1,3.072409730567643e-05,3051.517871903579
1,3.180564253791326e-05,3051.501429194151
1,3.292526016907972e-05,3051.483195561261
1,3.408429041825955e-05,3051.4645899431835
1,3.528412068273509e-05,3051.4459284440713
1,3.652618719874729e-05,3051.426475694643
1,3.781197676071748e-05,3051.4054003194487
1,3.914302850098931e-05,3051.3855674523866
1,4.052093573222093e-05,3051.363693292821
1,4.194734785463215e-05,3051.3413419499857
1,4.342397233039088e-05,3051.317694259902
1,4.495257672750164e-05,3051.292803983181
1,4.653499083564233e-05,3051.269892306628
1,4.817310885648245e-05,3051.2440360124137
1,4.9868891671104816e-05,3051.2159446395917
1,5.162436918724502e-05,3051.1892164470146
1,5.3441642769156896e-05,3051.161582454738
1,5.5322887753015444e-05,3051.130602741153
1,5.727035605086481e-05,3051.100734528081
1,5.928637884623185e-05,3051.0689224915645
1,6.137336938462863e-05,3051.035937385397
1,6.35338258622869e-05,3051.002238469193
1,6.577033441658138e-05,3050.9673857176695
1,6.808557222172039e-05,3050.9316434488223
1,7.048231069341223e-05,3050.894565479693
1,7.296341880633984e-05,3050.8547526907105
1,7.553186652841878e-05,3050.813410740861
1,7.819072837594546e-05,3050.773156982665
1,8.094318709389451e-05,3050.729572421918
1,8.37925374657696e-05,3050.6857492129548
1,8.674219025756638e-05,3050.6371708738498
1,8.97956763005727e-05,3050.589813747581
1,9.295665071788838e-05,3050.5401467470197
1,9.622889729972897e-05,3050.4895142620157
1,9.961633303274564e-05,3050.4363039562927
1,0.00010312301278878753,3050.3821246367074
1,0.00010675313417871692,3050.3226688060818
1,0.00011051104257708666,3050.2661392741907
1,0.00011440123632369623,3050.205879134954
1,0.00011842837210825286,3050.14045245276
1,0.00012259727054458162,3050.0756378432084
1,0.00012691292194105862,3050.0061622860026
1,0.0001313804922741741,3049.9376982161484
1,0.000136005329372376,3049.865355836479
1,0.00014079296931759634,3049.7899904836463
1,0.00014574914307212276,3049.7133793307644
1,0.00015087978333874923,3049.631596586881
1,0.00015619103166241593,3049.5465836288
1,0.00016168924578184013,3049.459496009936
1,0.00016738100723993852,3049.3722282573863
1,0.00017327312926215016,3049.280696439543
1,0.00017937266491209136,3049.187453258372
1,0.00018568691553430376,3049.0829377857967
1,0.00019222343949420477,3048.9832387070796
1,0.00019899006122569847,3048.875131077469
1,0.0002059948805972802,3048.7670437123543
1,0.00021324628260784522,3048.654725277236
1,0.00022075294742380795,3048.5369318688035
1,0.0002285238607695462,3048.42005949524
1,0.00023656832468360863,3048.286268067363
1,0.00024489596865355967,3048.160437337344
1,0.00025351676114279367,3048.0205539940744
1,0.00026244102152311237,3047.882443611701
1,0.00027167943242735194,3047.7321167187106
1,0.0002812430525368455,3047.5862875590174
1,0.0002911433298190279,3047.4345212624976
1,0.00030139211523102924,3047.273378470544
1,0.0003120016769056585,3047.102204461643
1,0.0003229847148367634,3046.9346506963807
1,0.00033435437608153904,3046.7573758468798
1,0.00034612427049798746,3046.5762643703993
1,0.0003583084870363649,3046.385796147086
1,0.00037092161060411785,3046.1827683415163
1,0.000383978739524497,3045.984088345981
1,0.00039749550360974455,3045.7749745072624
1,0.00041148808287049497,3045.543552538006
1,0.0004259732268837781,3045.3198102001024
1,0.0004409682748428131,3045.092358705449
1,0.00045649117631259257,3044.8410586236078
1,0.0004725605127161014,3044.5882785606345
1,0.0004891955195768905,3044.3306864226283
1,0.0005064161095446307,3044.0588399829926
1,0.000524242896231207,3043.777067794011
1,0.0005426972188858915,3043.490679851102
1,0.0005618011679391243,3043.192250872954
1,0.0005815776114454846,3042.883764373154
1,0.0006020502224575035,3042.5582132585514
1,0.0006232435073630854,3042.2351705313863
1,0.0006451828352204597,3041.902133194721
1,0.0006678944681257751,3041.544352406313
1,0.0006914055926496942,3041.174105934136
1,0.0007157443523806101,3040.781926954676
1,0.000740939881613446,3040.393256686225
1,0.000767022340224364,3039.9803657952916
1,0.0007940229497731272,3039.5714132955623
1,0.0008219740308763332,3039.13062348352
1,0.0008509090418962507,3038.6629774849334
1,0.0008808626189915832,3038.194537092246
1,0.0009118706175780854,3037.7194918764762
1,0.0009439701552486745,3037.2239822803253
1,0.0009771996562044085,3036.69561951846
1,0.0010115988972495167,3036.1775805690145
1,0.0010472090554055412,3035.627550656431
1,0.0010840727572015854,3035.038446920422
1,0.0011222341296996655,3034.441394141978
1,0.0011617388533162597,3033.8152483914882
1,0.0012026342165032625,3033.1922095838754
1,0.0012449691723538168,3032.5431345756224
1,0.0012887943972007742,3031.857827587428
1,0.0013341623512779302,3031.138259041096
1,0.0013811273415166487,3030.4315149958957
1,0.0014297455865530373,3029.661771245086
1,0.0014800752840235098,3028.859901070395
1,0.0015321766802292628,3028.066573993664
1,0.0015861121422530797,3027.231991588241
1,0.0016419462326147773,3026.358073300465
1,0.0016997457865546614,3025.4773642983405
1,0.0017595799920375088,3024.5649028004536
1,0.0018215204725728258,3023.5972057444474
1,0.0018856413729505528,3022.572950567815
1,0.0019520194479948061,3021.525932724692
1,0.002020734154441926,3020.486671470088
1,0.0020918677460527997,3019.3515576141385
1,0.002165505372073316,3018.26372649341
1,0.002241735179160809,3017.0583514199793
1,0.002320648416898505,3015.8255732955117
1,0.0024023395470242634,3014.6015074355064
1,0.00248690635650439,3013.304480859006
1,0.002574450074587843,3011.906511808014
1,0.00266507549398097,3010.5052958154592
1,0.0027588910962878187,3009.134523342572
1,0.0028560091818661823,3007.5660220157624
1,0.0029565460042548196,3006.035345366927
1,0.0030606219093327466,3004.4959056373646
1,0.003168361479377226,3002.763993154138
1,0.003279893682192834,3001.1099982052165
1,0.003395352025490161,2999.343793077824
1,0.0035148747166989275,2997.5163205412405
1,0.0036386048284068172,2995.611490449537
1,0.003766690469622068,2993.59609693674
1,0.0038992849630648057,2991.6100819751746
1,0.004036547028699399,2989.5794992238903
1,0.004178640973727456,2987.4060479631758
1,0.004325736889268946,2985.125699396088
1,0.004478010853966855,2982.7859376325746
1,0.004635645144759108,2980.445717927944
1,0.004798828455070054,2977.858829933066
1,0.004967756120682693,2975.3942651703355
1,0.005142630353562007,2972.6623217758515
1,0.005323660483909357,2969.9874125671663
1,0.005511063210737586,2967.1885052030993
1,0.005705062861266869,2964.237817836904
1,0.005905891659451753,2961.0878077939205
1,0.00611379000396087,2958.070815578379
1,0.00632900675594204,2954.861982915039
1,0.006551799536917218,2951.442538260658
1,0.006782435037163955,2947.9262121036604
1,0.007021189334952396,2944.526913647267
1,0.007268348227020046,2940.717760635665
1,0.007524207570679851,2937.0013699555243
1,0.007789073637971122,2933.0297924877136
1,0.008063263482277235,2928.990270181115
1,0.008347105317848914,2924.6835134339767
1,0.008640938912687518,2920.491263940999
1,0.008945115995258468,2915.9253908103237
1,0.009260000675521785,2911.362643020031
1,0.00958596988078367,2906.6830754727152
1,0.009923413806890873,2901.578511773419
1,0.010272736385307948,2896.4085516102905
1,0.010634355766636436,2891.2014255667373
1,0.011008704821154987,2885.577734008004
1,0.01139623165697914,2880.021911831106
1,0.01179740015646163,2874.4045999454374
1,0.01221269053147466,2868.366906713053
1,0.012642599898239334,2862.2794530308342
1,0.013087642872390193,2856.0998002945025
1,0.013548352184986855,2849.117115552509
1,0.014025279320210802,2842.3835601865653
1,0.014518995175509843,2835.548767076941
1,0.015030090744981336,2828.1433766175624
1,0.015559177826811346,2820.8037567647807
1,0.016106889755617235,2813.346331726531
1,0.016673882160570128,2805.255289860332
1,0.01726083375020432,2797.044967884971
1,0.017868447124853963,2788.751335107808
1,0.018497449617688476,2780.0936854997053
1,0.019148594165354516,2770.9392766496553
1,0.019822660209265625,2761.8896484991956
1,0.020520454628619317,2752.4010291979857
1,0.021242812706258104,2742.4156864766487
1,0.02199059912853022,2732.1776378640657
1,0.022764709020347912,2721.870032077743
1,0.023566069016681013,2711.6623716403815
1,0.024395638371769814,2700.425412892732
1,0.02525441010738357,2689.104367979104
1,0.026143412201500307,2677.452356358976
1,0.027063708818830412,2665.1389267945947
1,0.028016401584656354,2653.0728563008647
1,0.02900263090351479,2640.3973821213726
1,0.0300235773242978,2627.122615260721
1,0.031080462953409153,2614.2521219134615
1,0.03217455291766541,2600.1015261431394
1,0.03330715687869445,2585.092019786997
1,0.03447963060064366,2571.51039597669
1,0.03569337757307372,2556.4666653823756
1,0.03694985069098221,2541.827132519403
1,0.03825055399396612,2525.708217137719
1,0.03959704446660722,2509.6983344366176
1,0.040990933902233184,2493.092195103668
1,0.04243389083228772,2476.694718991533
1,0.043927642523616986,2458.9636140678704
1,0.045473977046064984,2441.3205022895313
1,0.04707474541285219,2423.7728172832863
1,0.04873186379629852,2405.5117438927773
1,0.05044731582154529,2386.2039391425137
1,0.05222315494101893,2365.628131128525
1,0.05406150689248178,2346.025863087715
1,0.05596457224360927,2325.8300826554146
1,0.05793462902614208,2305.0381978578566
1,0.05997403546276527,2284.088316379179
1,0.06208523278997751,2262.124524341617
1,0.06427074818033231,2240.1644985673115
1,0.0665331977675456,2218.6969652030584
1,0.06887528977809475,2194.7410302355925
1,0.07129982777305371,2170.210786238748
1,0.0738097140040481,2148.020211356018
1,0.07640795288734618,2123.7116492261844
1,0.07909765460024283,2098.738710810383
1,0.08188203880404508,2074.4496672673786
1,0.08476443849811126,2048.5616665052125
1,0.087748304009562,2023.304150899051
1,0.090837207123434,1996.6736407293815
1,0.09403484535822448,1969.7214468968887
1,0.09734504639194291,1944.002079816801
1,0.10077177264396599,1916.819948754906
1,0.10431912601818537,1888.8021483306202
1,0.10799135281311972,1860.3907596566157
1,0.11179284880487525,1834.0963280824394
1,0.11572816450903257,1804.883075161314
1,0.11980201062776401,1775.7931850400962
1,0.12401926368869953,1747.5862609599722
1,0.12838497188228887,1717.76725956953
1,0.13290436110465328,1689.631297137778
1,0.13758284121315284,1661.676047739505
1,0.1424260125021655,1629.6610425484191
1,0.14743967240682154,1601.3109237002748
1,0.15262982244272472,1569.6198601964993
1,0.15800267538996446,1542.6001424046658
1,0.16356466273001555,1511.7135809383449
1,0.16932244234443536,1481.566986721272
1,0.17528290648456404,1453.4019225690038
1,0.18145319002177868,1421.9756157884897
1,0.18784067898816564,1393.3426684643052
1,0.19445301941784673,1363.964070055195
1,0.20129812649953058,1336.9518157436494
1,0.20838419405125447,1306.9269573156148
1,0.21571970432865523,1277.1062958444463
1,0.22331343817850466,1249.694728150132
1,0.23117448554967523,1220.8905597541484
1,0.23931225637410386,1194.8786514547014
1,0.24773649183079313,1165.418845779291
1,0.25645727600631946,1136.1010909241927
1,0.2654850479658172,1110.557019164037
1,0.2748306142488841,1084.845550213409
1,0.2845051618053608,1059.900479360253
1,0.29452027138648124,1034.4572904962688
1,0.3048879314074081,1007.4621924626038
1,0.3156205522977641,984.7656833857536
1,0.32673098135731976,960.4261051591054
1,0.33823251813463506,936.0917999332264
1,0.3501389303470579,913.1133197729297
1,0.36246447036112944,890.4392572861985
1,0.3752238922531406,868.383105938381
1,0.3884324694702402,848.3907576584804
1,0.40210601311325883,826.2409250252534
1,0.41626089086311086,804.824673076071
1,0.43091404657344806,786.474821781062
1,0.44608302055301197,766.842651190986
1,0.4617859705619533,747.7535979196249
1,0.4780416935472749,729.0614396587241
1,0.49486964814338674,710.4019724019
1,0.5122899779647389,693.4905101570092
1,0.5303235357183823,677.3218044605882
1,0.5489919081653474,660.0803344866639
1,0.5683174419607092,642.1712778793315
1,0.58832327040326,627.3239476127998
1,0.6090333411268374,612.7806385479164
1,0.6304724447664182,596.76570379715
1,0.6526662446333337,580.7326782372667
1,0.6756413074350872,566.8101528489367
1,0.6994251350765791,552.992808205342
1,0.7240461975807954,539.5672394566261
1,0.7495339671683494,524.7115396043077
1,0.775918953536711,513.3659473435747
1,0.8032327403813039,498.7721029410462
1,0.8315080232022388,486.5092061031617
1,0.8607786484418908,473.44405586523504
1,0.8910796540002067,461.18296574045894
1,0.9224473111762278,449.0077559307168
1,0.9549191680860142,434.44087540465387
1,0.9885340946089874,423.894079680783
1,1.0233323289164382,410.94797423784445
1,1.0593555256379543,399.81622338470686
1,1.0966468057233656,387.7199394507798
1,1.1352508080599526,376.4997415440329
1,1.1752137429066474,365.18981646848505
1,1.2165834472092367,355.60265685296923
1,1.2594094418627657,341.973656030963
1,1.3037429909896587,332.6571710288667
1,1.3496371633045778,321.23426847509444
1,1.397146895639397,309.37583935643244
1,1.446329058704416,299.79138137669577
1,1.497242525164449,289.2273157085813
1,1.5499482401113476,278.3398698782489
1,1.6045092940172856,268.69737325684883
1,1.6609909982561069,258.3793888375813
1,1.7194609632832094,248.53282614325275
1,1.7799891795674554,238.23745250083064
1,1.842648101372089,228.6865771933337
1,1.9075127334848458,219.54347366570636
1,1.974660721001156,210.982480019066
1,2.0441724422678886,202.78577403625886
1,2.116131105098844,193.04000756420515
1,2.190622846377273,185.64325349237006
1,2.2677368351645217,175.69960334728856
1,2.3475653794383646,168.15370906523634
1,2.4302040365886506,160.67718008619977
1,2.515751727802654,153.09941771820675
1,2.604310856477001,145.41627425572037
1,2.69598743079786,137.8729797655034
1,2.79089119063627,131.13499101625965
1,2.8891357389103245,125.9503522057462
1,2.9908386775716402,118.68269209744322
1,3.0961217483787196,111.93031712511754
1,3.205110978625849,106.16905833707149
1,3.317936832001931,99.81808041550033
1,3.43473436475976,94.61343175015483
1,3.555643387382846,89.87650477962623
1,3.6808086319431026,84.7279208115772
1,3.8103799253499475,79.53423437915316
1,3.9445123686979837,74.99501902056399
1,4.0833665229281255,70.91023951974752
1,4.227108601024345,67.02630347615901
1,4.37591066697602,62.65910151524902
1,4.529950841744241,58.620345328676144
1,4.68941351647839,55.36723862839937
1,4.854489573238474,51.8487652658972
1,5.025376613487144,49.11751917969304
1,5.202279194625218,45.89459555450577
1,5.385409074853539,42.894790407633195
1,5.574985466654523,40.93133003734704
1,5.771235299196743,38.136869098127704
1,5.974393489976511,36.118255577239594
1,6.18470322602194,33.689770775354255
1,6.4024162549957016,31.00255040159174
1,6.627793186545351,29.517425209662097
1,6.861103804261548,27.363069229709723
1,7.102627388617911,25.920772804628697
1,7.352653051278966,24.466406181985835
1,7.611480081176202,22.417660427653118
1,7.879418302766876,21.48932623007236
1,8.15678844690394,19.879880377686263
1,8.443922534761537,18.569558230495765
1,8.741164275275139,16.959530316156464
1,9.048869476572479,16.46975613942304
1,9.367406471887627,15.039434655736457
1,9.69715656046784,13.929721706072396
1,10.038514464001445,13.313008086265173
1,10.391888799112495,12.441638971658321
1,10.757702566488469,11.529398664562347
1,11.136393657225835,10.77763064100443
1,11.52841537700014,9.94223530467406
1,11.934236988687873,9.419089568110481
1,12.354344274089367,8.539738747637562
1,12.789240115425775,8.052002026559475
1,13.239445097305403,7.253859999451389
1,13.705498129880796,6.911135071404497
1,14.187957093941714,6.323341877697283
1,14.687399508716824,5.817307056838236
1,15.204423223183301,5.420482329700453
1,15.739647131711472,4.90624817478309
1,16.293711914901948,4.727111369990516
1,16.86728080650111,4.310031347700691
1,17.461040387313947,4.018847504176516
1,18.075701407063583,3.903875782940317
1,18.711999635182178,3.4199529424357387
1,19.37069674155118,3.173088816252472
1,20.05258120824496,2.980405988387144
1,20.75846927337006,2.886283962203158
1,21.489205908128696,2.705019685464459
1,22.245665828277374,2.2529791952791722
1,23.028754541190047,2.2250603108152682
1,23.839409429780538,2.1194623691010985
1,24.67860087458036,1.7866972302378203
1,25.54733341531624,1.7850655713656973
1,26.446646953377297,1.7679134035415804
1,27.377617996610834,1.740977133883284
1,28.341360947938007,1.5932051261955467
1,29.339029439330282,1.6138353786237993
1,30.371817712745276,1.3915870630581288
1,31.440962049673185,1.1273754062586454
1,32.54774225100651,1.1520516825273848
1,33.69348316900399,1.1810675350489037
1,34.87955629318178,1.2217178632640664
1,36.10738139203204,1.1927263390679832
1,37.37842821253185,1.0848552862553345
1,38.694218239479255,1.0691515199422839
1,40.05632651675998,1.0210261545456178
1,41.46638353272696,1.0196629205585352
1,42.92607717194867,1.1831692581551896
1,44.43715473566187,1.054603689363517
1,46.00142503334922,1.0478834462271926
1,47.62076054794297,1.06447287962883
1,49.29709967724927,0.8789916174533344
1,51.03244905427336,0.9470380009529262
1,52.82888594922545,1.2202777557083075
1,54.68856075608176,0.994232479799408
1,56.61369956667599,0.9637272067153844
1,58.60660683540523,0.9512255292159687
1,60.66966813773669,0.9082632114431516
1,62.80535302582084,1.0793895382928549
1,65.01621798462561,0.8574537676198777
1,67.30490949213319,1.0599094050908862
1,69.67416718726162,0.9014450207971576
1,72.12682714930152,1.131499112719254
1,74.66582529279734,0.978414532380967
1,77.29420088193234,1.0935395981447336
1,80.01510016862889,1.0414816996136522
1,82.83178015871422,1.0548785127776492
1,85.74761251066391,1.0895506775494925
1,88.76608757158836,1.0270873993089775
1,91.89081855529167,1.1303397290512
1,95.1255458674088,0.9643234561971398
1,98.47414158279238,0.9138667211562681
1,101.9406140805149,0.9409734908280046
1,105.52911284202979,1.0067103246385112
1,109.24393341823551,0.9028689271389455
1,113.08952257139363,0.8970275181505798
1,117.07048359804811,1.018720735933777
1,121.19158183932106,0.9273226969942627
1,125.45775038518534,0.9109443495605571
1,129.87409597953348,1.0526095394606336
1,134.44590513311894,1.0227864268843916
1,139.1786504516809,0.8623571866275376
1,144.07799718683634,0.9673641647625085
1,149.14981001757081,0.8561096193228731
1,154.40016007045,0.8738332979445255
1,159.8353321869612,1.023796159688218
1,165.46183244667267,1.0259872304549247
1,171.28639595522583,0.9966928310276888
1,177.31599490647534,0.8814097872732708
1,183.55784692843812,1.0920196050612077
1,190.01942372302938,0.8577265050097211
1,196.7084600099328,0.9301738696272132
1,203.63296278531863,0.9551574824526058
1,210.8012209064781,1.024118407923844
1,218.2218150138596,0.9181530562613555
1,225.90362780237365,0.880774902116152
1,233.85585465427556,0.903388147290291
1,242.0880146463378,1.095552097078344
1,250.60996194449447,1.0139867300519312
1,259.43189759960745,0.8879525720981899
1,268.5643817584554,0.9801308568215233
1,278.0183463045787,0.950232429556656
1,287.80510794409855,1.0309479439722107
1,297.93638175219246,0.9576404816518538
1,308.42429519642127,0.991475876474613
1,319.2814026537019,0.9964111648099777
1,330.52070043831674,1.1593012778506049
1,342.1556423589236,1.0557114187417027
1,354.20015582320946,0.9017959534733785
1,366.668658509449,0.8926728374836721
1,379.57607562494815,0.9570875655308893
1,392.9378577720027,1.114904161205633
1,406.76999944277276,1.0902072411533499
1,421.0890581652239,1.0822053161859204
1,435.9121743230265,0.9608965432503623
1,451.2570916731608,1.0498597231324323
1,467.1421785857702,1.005216865989377
1,483.58645003171415,1.106021666120597
1,500.60959034410786,1.0648754914808927
1,518.2319767811096,1.0496958961337606
1,536.4747039181797,0.9099207486892963
1,555.3596088989727,0.9727023263431837
1,574.9092975751201,0.8905840432502745
1,595.1471715661677,0.8874354931192386
1,616.0974562720967,0.9256686189384941
1,637.7852298719173,1.0137153915461672
1,660.2364533430642,0.9971023099604666
1,683.4780015375551,0.9710640563566061
1,707.537695352061,1.0309274655959968
1,732.4443350304389,1.0747716661206645
1,758.2277346385584,0.8792185452160868
1,784.918757752735,1.1059346330274633
1,812.5493544044367,1.0254853374835333
1,841.1525993255111,1.0201711992134304
1,870.7627315397452,1.0397741235257614
1,901.415195348089,0.9221156209040755
1,933.1466827566547,0.8776877866972168
1,965.9951773982388,0.9663437909567151
1,1000.0,0.905773877785249
2,1e-06,3037.9843291185466
2,1.0352018554516495e-06,3037.9837936352537
2,1.0716428815305355e-06,3037.9831950463185
2,1.1093666993419628e-06,3037.9826192394835
2,1.1484184655350697e-06,3037.981992998008
2,1.1888449263568402e-06,3037.981355944402
2,1.230694473608878e-06,3037.980679354823
2,1.2740172025740018e-06,3037.9800223665984
2,1.3188649719819266e-06,3037.9793146484285
2,1.3652914660858754e-06,3037.9785848039483
2,1.413352258924401e-06,3037.9778356127363
2,1.463104880845317e-06,3037.9770592299346
2,1.5146088873714367e-06,3037.976257048692
2,1.5679259304904665e-06,3037.9754240502125
2,1.623119832454485e-06,3037.9745447593727
2,1.6802566621772532e-06,3037.9736550203343
2,1.7394048143208846e-06,3037.972729590708
2,1.8006350911665115e-06,3037.971800350956
2,1.864020787366919e-06,3037.970790493743
2,1.929637777682679e-06,3037.9697430060323
2,1.997564607806703e-06,3037.9686863697766
2,2.0678825883860455e-06,3037.967592319104
2,2.1406758923533892e-06,3037.9664724890204
2,2.216031655684844e-06,3037.965264221611
2,2.2940400817045417e-06,3037.9640144411783
2,2.3747945490609903e-06,3037.9627806434487
2,2.4583917235044003e-06,3037.961461091964
2,2.5449316735987286e-06,3037.960109075795
2,2.634517990507075e-06,3037.958676739624
2,2.72725791199367e-06,3037.9572523537886
2,2.8232624507910387e-06,3037.9557487633792
2,2.9226465274858544e-06,3037.954219960451
2,3.0255291080826706e-06,3037.952591322595
2,3.132033346410155e-06,3037.950920118924
2,3.2422867315402246e-06,3037.949154542313
2,3.3564212403967046e-06,3037.947358783612
2,3.4745734957359885e-06,3037.9455058465046
2,3.596884929689019e-06,3037.943650576626
2,3.7235019530601484e-06,3037.941617546609
2,3.854576130585699e-06,3037.9395622841034
2,3.990264362361955e-06,3037.937425193449
2,4.1307290716596805e-06,3037.935231834618
2,4.276138399350171e-06,3037.933000215967
2,4.4266664051753345e-06,3037.9305728483587
2,4.582493276102989e-06,3037.928170164868
2,4.7438055420165224e-06,3037.9256687924535
2,4.910796298997311e-06,3037.9229795800766
2,5.083665440467111e-06,3037.920306970027
2,5.262619896466969e-06,3037.9175413134394
2,5.447873881359374e-06,3037.9145050318916
2,5.639649150249792e-06,3037.9115680313894
2,5.838175264434903e-06,3037.9085096757567
2,6.043689866194936e-06,3037.905318105486
2,6.2564389632593165e-06,3037.9018714179897
2,6.476677223286038e-06,3037.8984692023337
2,6.704668278707131e-06,3037.8947740131543
2,6.9406850423054384e-06,3037.891093270586
2,7.185010033900086e-06,3037.8875310980507
2,7.437935718532088e-06,3037.8834790036103
2,7.699764856554514e-06,3037.879316244112
2,7.970810866046622e-06,3037.8751628500277
2,8.251398197985632e-06,3037.8707077565437
2,8.541862724625105e-06,3037.8660040229674
2,8.842552141545192e-06,3037.86130453378
2,9.153826383855521e-06,3037.856407912847
2,9.476058057049498e-06,3037.851366409022
2,9.809632883025192e-06,3037.84631955615
2,1.0154950161807173e-05,3037.8409413292256
2,1.0512423249521814e-05,3037.8352067100827
2,1.0882480053198018e-05,3037.829357445811
2,1.1265563542986154e-05,3037.823492451597
2,1.16621322824077e-05,3037.817097469709
2,1.2072660977271032e-05,3037.8109235034117
2,1.2497641043909696e-05,3037.8038784041855
2,1.293758119742398e-05,3037.7973005259937
2,1.3393008060629679e-05,3037.789846565166
2,1.3864466794442712e-05,3037.782812410868
2,1.4352521750454878e-05,3037.7750104322067
2,1.4857757146481017e-05,3037.7672071034167
2,1.5380777765887154e-05,3037.758849397526
2,1.5922209681535858e-05,3037.750405713076
2,1.6482701005216103e-05,3037.741566226876
2,1.7062922663454445e-05,3037.732121272554
2,1.766356920063604e-05,3037.7228308510535
2,1.828535961039704e-05,3037.7137668298537
2,1.8929038196283628e-05,3037.703324564961
2,1.9595375462707957e-05,3037.6926089926205
2,2.0285169037267002e-05,3037.681953528041
2,2.0999244625529106e-05,3037.6714685025668
2,2.1738456999430764e-05,3037.6589650783067
2,2.2503691020466625e-05,3037.6472176256684
2,2.3295862698897674e-05,3037.63430910278
2,2.4115920290245694e-05,3037.622056611818
2,2.4964845430386424e-05,3037.6091470364618
2,2.5843654310599662e-05,3037.594317169517
2,2.6753398893983734e-05,3037.580665556361
2,2.7695168174690013e-05,3037.5663963003535
2,2.8670089481484574e-05,3037.5505720792607
2,2.967932982719765e-05,3037.534486940665
2,3.072409730567643e-05,3037.5186216380457
2,3.180564253791326e-05,3037.5016960420835
2,3.292526016907972e-05,3037.483931561475
2,3.408429041825955e-05,3037.465751783867
2,3.528412068273509e-05,3037.446458716143
2,3.652618719874729e-05,3037.4276061297396
2,3.781197676071748e-05,3037.406608289747
2,3.914302850098931e-05,3037.3869579460356
2,4.052093573222093e-05,3037.3643882843844
2,4.194734785463215e-05,3037.3425326095517
2,4.342397233039088e-05,3037.3194098159533
2,4.495257672750164e-05,3037.2957450201284
2,4.653499083564233e-05,3037.270755879651
2,4.817310885648245e-05,3037.2450391323
2,4.9868891671104816e-05,3037.2194976944234
2,5.162436918724502e-05,3037.1903721609287
2,5.3441642769156896e-05,3037.1620115777223
2,5.5322887753015444e-05,3037.132834914798
2,5.727035605086481e-05,3037.1029316669806
2,5.928637884623185e-05,3037.0700208920575
2,6.137336938462863e-05,3037.0390596966263
2,6.35338258622869e-05,3037.004938840034
2,6.577033441658138e-05,3036.9688209399087
2,6.808557222172039e-05,3036.933239689765
2,7.048231069341223e-05,3036.8940314516535
2,7.296341880633984e-05,3036.8563836877784
2,7.553186652841878e-05,3036.8151875453377
2,7.819072837594546e-05,3036.7747384153677
2,8.094318709389451e-05,3036.7316268242184
2,8.37925374657696e-05,3036.686853865812
2,8.674219025756638e-05,3036.6411036742034
2,8.97956763005727e-05,3036.592666307435
2,9.295665071788838e-05,3036.5452889159064
2,9.622889729972897e-05,3036.491455816528
2,9.961633303274564e-05,3036.437346020532
2,0.00010312301278878753,3036.384479230395
2,0.00010675313417871692,3036.3274780509905
2,0.00011051104257708666,3036.2687929621407
2,0.00011440123632369623,3036.2079372573644
2,0.00011842837210825286,3036.145713716088
2,0.00012259727054458162,3036.079719537822
2,0.00012691292194105862,3036.0121012260443
2,0.0001313804922741741,3035.944759076528
2,0.000136005329372376,3035.868817491339
2,0.00014079296931759634,3035.790714351665
2,0.00014574914307212276,3035.7151772840207
2,0.00015087978333874923,3035.639681209462
2,0.00015619103166241593,3035.5558281173803
2,0.00016168924578184013,3035.466291931957
2,0.00016738100723993852,3035.3734713832
2,0.00017327312926215016,3035.2883815891932
2,0.00017937266491209136,3035.1934576706635
2,0.00018568691553430376,3035.090358457686
2,0.00019222343949420477,3034.9887101744566
2,0.00019899006122569847,3034.8797974734566
2,0.0002059948805972802,3034.77100194947
2,0.00021324628260784522,3034.6596974068743
2,0.00022075294742380795,3034.5421995886604
2,0.0002285238607695462,3034.419597948391
2,0.00023656832468360863,3034.291607856367
2,0.00024489596865355967,3034.167111228094
2,0.00025351676114279367,3034.0280906729854
2,0.00026244102152311237,3033.888463178146
2,0.00027167943242735194,3033.7470589768764
2,0.0002812430525368455,3033.596107977346
2,0.0002911433298190279,3033.4378550724286
2,0.00030139211523102924,3033.2801600781845
2,0.0003120016769056585,3033.1194223065013
2,0.0003229847148367634,3032.942041914681
2,0.00033435437608153904,3032.767967943833
2,0.00034612427049798746,3032.583138955347
2,0.0003583084870363649,3032.389060165077
2,0.00037092161060411785,3032.1900783749365
2,0.000383978739524497,3031.992840161152
2,0.00039749550360974455,3031.773623507026
2,0.00041148808287049497,3031.5590570741037
2,0.0004259732268837781,3031.331111042275
2,0.0004409682748428131,3031.100813390308
2,0.00045649117631259257,3030.859202059581
2,0.0004725605127161014,3030.6087613406908
2,0.0004891955195768905,3030.3424260831457
2,0.0005064161095446307,3030.0800584096974
2,0.000524242896231207,3029.8017788430548
2,0.0005426972188858915,3029.5161537810845
2,0.0005618011679391243,3029.2002230457997
2,0.0005815776114454846,3028.8963428198967
2,0.0006020502224575035,3028.5836308951552
2,0.0006232435073630854,3028.2534240263094
2,0.0006451828352204597,3027.9012592147574
2,0.0006678944681257751,3027.553131656517
2,0.0006914055926496942,3027.189085711556
2,0.0007157443523806101,3026.7921710047854
2,0.000740939881613446,3026.4029111808277
2,0.000767022340224364,3026.002836712949
2,0.0007940229497731272,3025.5854299766215
2,0.0008219740308763332,3025.1484060209787
2,0.0008509090418962507,3024.6838429949576
2,0.0008808626189915832,3024.2325979034113
2,0.0009118706175780854,3023.758089570593
2,0.0009439701552486745,3023.2272422843603
2,0.0009771996562044085,3022.7377818070236
2,0.0010115988972495167,3022.214653403863
2,0.0010472090554055412,3021.6430976553947
2,0.0010840727572015854,3021.065448571392
2,0.0011222341296996655,3020.437257680424
2,0.0011617388533162597,3019.8484894683716
2,0.0012026342165032625,3019.2154862634357
2,0.0012449691723538168,3018.5795910717497
2,0.0012887943972007742,3017.9392465280625
2,0.0013341623512779302,3017.1903047699316
2,0.0013811273415166487,3016.450732321388
2,0.0014297455865530373,3015.7211558956833
2,0.0014800752840235098,3014.9418464823034
2,0.0015321766802292628,3014.1193164238825
2,0.0015861121422530797,3013.2462666376705
2,0.0016419462326147773,3012.4006858012344
2,0.0016997457865546614,3011.5262638892236
2,0.0017595799920375088,3010.5834752436244
2,0.0018215204725728258,3009.642609978908
2,0.0018856413729505528,3008.603465565907
2,0.0019520194479948061,3007.6037124231534
2,0.002020734154441926,3006.5339146658184
2,0.0020918677460527997,3005.4439886222385
2,0.002165505372073316,3004.322418517386
2,0.002241735179160809,3003.1324303687484
2,0.002320648416898505,3001.948749222723
2,0.0024023395470242634,3000.6345128451
2,0.00248690635650439,2999.3565657935214
2,0.002574450074587843,2998.031921275995
2,0.00266507549398097,2996.604088942526
2,0.0027588910962878187,2995.18367038508
2,0.0028560091818661823,2993.7022160578144
2,0.0029565460042548196,2992.182814037526
2,0.0030606219093327466,2990.4829713040435
2,0.003168361479377226,2988.928090534784
2,0.003279893682192834,2987.2188721965636
2,0.003395352025490161,2985.425447757589
2,0.0035148747166989275,2983.641730875993
2,0.0036386048284068172,2981.6792124054655
2,0.003766690469622068,2979.753419247243
2,0.0038992849630648057,2977.7638294758367
2,0.004036547028699399,2975.5762748610487
2,0.004178640973727456,2973.543154298427
2,0.004325736889268946,2971.215081616638
2,0.004478010853966855,2968.9045193530023
2,0.004635645144759108,2966.4985205495873
2,0.004798828455070054,2964.045757525864
2,0.004967756120682693,2961.4377094451715
2,0.005142630353562007,2958.8851887810397
2,0.005323660483909357,2956.0568186747514
2,0.005511063210737586,2953.3020169093406
2,0.005705062861266869,2950.4449543615024
2,0.005905891659451753,2947.242134328965
2,0.00611379000396087,2944.3172344426534
2,0.00632900675594204,2940.994414135081
2,0.006551799536917218,2937.7795805250903
2,0.006782435037163955,2934.2765072125108
2,0.007021189334952396,2930.4874529911726
2,0.007268348227020046,2926.94860505743
2,0.007524207570679851,2923.1392251879065
2,0.007789073637971122,2919.231768771452
2,0.008063263482277235,2915.22902209698
2,0.008347105317848914,2911.0350151778894
2,0.008640938912687518,2906.61408697156
2,0.008945115995258468,2902.070150994981
2,0.009260000675521785,2897.5375562797276
2,0.00958596988078367,2892.8935530567865
2,0.009923413806890873,2887.854270432571
2,0.010272736385307948,2882.7624097773974
2,0.010634355766636436,2877.751185525196
2,0.011008704821154987,2872.2144651141675
2,0.01139623165697914,2866.3419850192627
2,0.01179740015646163,2860.552151363514
2,0.01221269053147466,2854.525600988099
2,0.012642599898239334,2848.182415065071
2,0.013087642872390193,2842.1244145515643
2,0.013548352184986855,2835.3259917383616
2,0.014025279320210802,2828.8203754647807
2,0.014518995175509843,2821.709937187545
2,0.015030090744981336,2814.527572445857
2,0.015559177826811346,2807.4830571007137
2,0.016106889755617235,2799.4020622194
2,0.016673882160570128,2791.6270581642184
2,0.01726083375020432,2783.692298081641
2,0.017868447124853963,2775.1716011988688
2,0.018497449617688476,2766.4148021495484
2,0.019148594165354516,2756.8603630850334
2,0.019822660209265625,2748.180661685265
2,0.020520454628619317,2738.8015061298465
2,0.021242812706258104,2728.870692545483
2,0.02199059912853022,2718.4448797289047
2,0.022764709020347912,2708.183613038813
2,0.023566069016681013,2697.877761423784
2,0.024395638371769814,2687.0375448823384
2,0.02525441010738357,2675.899270015626
2,0.026143412201500307,2663.9274126447135
2,0.027063708818830412,2652.1713208153565
2,0.028016401584656354,2639.983080420303
2,0.02900263090351479,2627.395548436327
2,0.0300235773242978,2614.357230638227
2,0.031080462953409153,2600.6249050868464
2,0.03217455291766541,2587.2675259315206
2,0.03330715687869445,2572.732614976324
2,0.03447963060064366,2558.400008578175
2,0.03569337757307372,2544.104388940173
2,0.03694985069098221,2528.318568091538
2,0.03825055399396612,2512.4605719593756
2,0.03959704446660722,2496.7702704695275
2,0.040990933902233184,2480.4181287768233
2,0.04243389083228772,2463.797807718923
2,0.043927642523616986,2445.929397505321
2,0.045473977046064984,2428.359565323099
2,0.04707474541285219,2409.9480051832784
2,0.04873186379629852,2391.536506043272
2,0.05044731582154529,2371.989997421771
2,0.05222315494101893,2352.7791185870888
2,0.05406150689248178,2333.457855689075
2,0.05596457224360927,2312.755073121192
2,0.05793462902614208,2292.5227662889192
2,0.05997403546276527,2271.0178361415597
2,0.06208523278997751,2249.633443680186
2,0.06427074818033231,2227.568402264922
2,0.0665331977675456,2204.332569711086
2,0.06887528977809475,2182.1001576715357
2,0.07129982777305371,2159.569976044864
2,0.0738097140040481,2135.812599700373
2,0.07640795288734618,2110.8281604477584
2,0.07909765460024283,2086.6091234329892
2,0.08188203880404508,2061.170819445481
2,0.08476443849811126,2036.2316624665891
2,0.087748304009562,2010.7373457745691
2,0.090837207123434,1984.280267999183
2,0.09403484535822448,1958.6761847594641
2,0.09734504639194291,1932.3782037493722
2,0.10077177264396599,1903.6852104020966
2,0.10431912601818537,1875.89476489921
2,0.10799135281311972,1848.5360382066388
2,0.11179284880487525,1822.875691442813
2,0.11572816450903257,1791.990514214234
2,0.11980201062776401,1764.94950410352
2,0.12401926368869953,1735.9814939289477
2,0.12838497188228887,1706.9730666372732
2,0.13290436110465328,1676.0054052108187
2,0.13758284121315284,1647.6102908283679
2,0.1424260125021655,1617.978035810367
2,0.14743967240682154,1589.0201578646436
2,0.15262982244272472,1561.022273464956
2,0.15800267538996446,1530.6693585334958
2,0.16356466273001555,1500.4959825301144
2,0.16932244234443536,1469.990883529919
2,0.17528290648456404,1441.0343792560373
2,0.18145319002177868,1412.413163949644
2,0.18784067898816564,1382.5243151647812
2,0.19445301941784673,1353.785296909876
2,0.20129812649953058,1324.4511652090678
2,0.20838419405125447,1293.338113104664
2,0.21571970432865523,1267.9405559744298
2,0.22331343817850466,1239.0842349447782
2,0.23117448554967523,1210.6669753666051
2,0.23931225637410386,1181.9767119871374
2,0.24773649183079313,1154.820915115344
2,0.25645727600631946,1127.4470442533575
2,0.2654850479658172,1099.3750926885639
2,0.2748306142488841,1072.1555203933517
2,0.2845051618053608,1046.9855602310158
2,0.29452027138648124,1023.9906060345415
2,0.3048879314074081,996.2150729933057
2,0.3156205522977641,974.2421998162906
2,0.32673098135731976,949.1433431663197
2,0.33823251813463506,923.6037844133206
2,0.3501389303470579,902.4702935022849
2,0.36246447036112944,879.7411016313845
2,0.3752238922531406,858.6666127863992
2,0.3884324694702402,837.3441450133963
2,0.40210601311325883,816.6366862019971
2,0.41626089086311086,794.1251996982243
2,0.43091404657344806,775.5106860741354
2,0.44608302055301197,755.3987123987603
2,0.4617859705619533,737.9396033622078
2,0.4780416935472749,720.9260292060574
2,0.49486964814338674,703.4405288211362
2,0.5122899779647389,682.8793786918475
2,0.5303235357183823,667.2727001601653
2,0.5489919081653474,649.6089154970526
2,0.5683174419607092,635.0723223923189
2,0.58832327040326,619.30878045944
2,0.6090333411268374,601.1736513532215
2,0.6304724447664182,588.0649457584759
2,0.6526662446333337,572.6428811208698
2,0.6756413074350872,558.4934650920385
2,0.6994251350765791,543.6624881675488
2,0.7240461975807954,530.7056196448622
2,0.7495339671683494,517.943645476505
2,0.775918953536711,502.0336084979728
2,0.8032327403813039,490.86005390126934
2,0.8315080232022388,478.09152269697137
2,0.8607786484418908,464.41583369584293
2,0.8910796540002067,453.0300053236103
2,0.9224473111762278,439.81777540808395
2,0.9549191680860142,426.8322175458007
2,0.9885340946089874,416.78787747969864
2,1.0233323289164382,404.3860870272042
2,1.0593555256379543,393.0923241397204
2,1.0966468057233656,380.8530345454929
2,1.1352508080599526,369.53746206639545
2,1.1752137429066474,358.4146749205423
2,1.2165834472092367,346.51768028641914
2,1.2594094418627657,336.5424224765203
2,1.3037429909896587,324.06403955336896
2,1.3496371633045778,312.98654462287914
2,1.397146895639397,303.1637745398888
2,1.446329058704416,292.787648561495
2,1.497242525164449,282.47610481559775
2,1.5499482401113476,272.2166510355465
2,1.6045092940172856,262.7139317093302
2,1.6609909982561069,252.09294579259162
2,1.7194609632832094,242.24808577169878
2,1.7799891795674554,232.9221417789248
2,1.842648101372089,223.25413467737351
2,1.9075127334848458,214.72307298376322
2,1.974660721001156,206.75063994338433
2,2.0441724422678886,197.73131762329456
2,2.116131105098844,189.2009067029637
2,2.190622846377273,180.75166302547237
2,2.2677368351645217,171.50792431119402
2,2.3475653794383646,164.15927579587304
2,2.4302040365886506,156.36437909797715
2,2.515751727802654,148.88296501221188
2,2.604310856477001,141.38972657519517
2,2.69598743079786,135.05545720827936
2,2.79089119063627,127.88308519365317
2,2.8891357389103245,120.95383309406732
2,2.9908386775716402,114.72343015124851
2,3.0961217483787196,108.79572701800497
2,3.205110978625849,102.81774252002766
2,3.317936832001931,96.05083605662931
2,3.43473436475976,91.5460411799592
2,3.555643387382846,86.60609838025292
2,3.6808086319431026,81.90845886119052
2,3.8103799253499475,76.9314038880515
2,3.9445123686979837,72.28614159177486
2,4.0833665229281255,68.2247805275218
2,4.227108601024345,63.85941997674249
2,4.37591066697602,59.913079581410074
2,4.529950841744241,56.60818646473562
2,4.68941351647839,52.64563841506268
2,4.854489573238474,50.03488609633104
2,5.025376613487144,47.040892688386094
2,5.202279194625218,44.02696294757695
2,5.385409074853539,40.93197433777589
2,5.574985466654523,38.675990860909586
2,5.771235299196743,36.1812613122265
2,5.974393489976511,34.25467630317426
2,6.18470322602194,31.832476703028124
2,6.4024162549957016,30.123205686848873
2,6.627793186545351,28.00814836420355
2,6.861103804261548,25.948004642446197
2,7.102627388617911,24.3458126806568
2,7.352653051278966,22.75911503496924
2,7.611480081176202,21.449701968000564
2,7.879418302766876,19.776861639846995
2,8.15678844690394,18.921902981430065
2,8.443922534761537,17.340957491144334
2,8.741164275275139,16.291802624441935
2,9.048869476572479,14.990773760480387
2,9.367406471887627,14.204343839741734
2,9.69715656046784,13.105726472511655
2,10.038514464001445,12.51628764867763
2,10.391888799112495,11.63592234520114
2,10.757702566488469,10.806853841107857
2,11.136393657225835,9.973256085944765
2,11.52841537700014,9.180525997557307
2,11.934236988687873,8.538824215324164
2,12.354344274089367,7.95754472601752
2,12.789240115425775,7.491456563143576
2,13.239445097305403,6.871848045678059
2,13.705498129880796,6.430495238350638
2,14.187957093941714,5.8429195253268
2,14.687399508716824,5.542007439806184
2,15.204423223183301,5.1995358900056035
2,15.739647131711472,4.72398233421878
2,16.293711914901948,4.454504508867449
2,16.86728080650111,4.140408820925042
2,17.461040387313947,3.6627966557244624
2,18.075701407063583,3.3931755203568703
2,18.711999635182178,3.3400642386026314
2,19.37069674155118,2.9780388599819347
2,20.05258120824496,2.7090627831747924
2,20.75846927337006,2.6538825011494276
2,21.489205908128696,2.5711578809933626
2,22.245665828277374,2.2066350527131817
2,23.028754541190047,2.220335941107692
2,23.839409429780538,2.030779931461161
2,24.67860087458036,2.0412899329603023
2,25.54733341531624,2.013290132816841
2,26.446646953377297,1.724155660726748
2,27.377617996610834,1.578308272292466
2,28.341360947938007,1.585418667839026
2,29.339029439330282,1.480998848936285
2,30.371817712745276,1.4360919103269327
2,31.440962049673185,1.2622629734555224
2,32.54774225100651,1.1817786409826514
2,33.69348316900399,1.2658788719295508
2,34.87955629318178,1.13840230495197
2,36.10738139203204,1.2695874362600792
2,37.37842821253185,1.1690772472050632
2,38.694218239479255,1.2155830408702333
2,40.05632651675998,1.233993039775215
2,41.46638353272696,1.1835705347763728
2,42.92607717194867,0.9729558052370583
2,44.43715473566187,1.1445784183131158
2,46.00142503334922,1.0661263550430178
2,47.62076054794297,1.1344776460755526
2,49.29709967724927,0.971799789052558
2,51.03244905427336,1.0715257687966677
2,52.82888594922545,1.0560987188154067
2,54.68856075608176,0.9105450361989349
2,56.61369956667599,0.9410177732731779
2,58.60660683540523,0.9445215464241694
2,60.66966813773669,1.121276582582727
2,62.80535302582084,1.1227503659424531
2,65.01621798462561,1.1187301883109741
2,67.30490949213319,0.9679914212120959
2,69.67416718726162,1.1532571113089296
2,72.12682714930152,0.9081268196090726
2,74.66582529279734,0.8035617061308845
2,77.29420088193234,1.098660666514762
2,80.01510016862889,0.9585271563968345
2,82.83178015871422,0.8708525209107776
2,85.74761251066391,1.062892147780485
2,88.76608757158836,0.9293891398934754
2,91.89081855529167,0.9286354216292778
2,95.1255458674088,0.9929597104852774
2,98.47414158279238,0.9779355946000552
2,101.9406140805149,1.1114907226957853
2,105.52911284202979,0.8175897738415601
2,109.24393341823551,1.0365671876185618
2,113.08952257139363,1.0708937821297029
2,117.07048359804811,0.893046516007213
2,121.19158183932106,1.2591419210581385
2,125.45775038518534,0.9276426985514516
2,129.87409597953348,1.055200641216537
2,134.44590513311894,1.0360380590477123
2,139.1786504516809,1.0301761488977867
2,144.07799718683634,0.8949822035202188
2,149.14981001757081,0.9642340606207334
2,154.40016007045,1.1443307391085653
2,159.8353321869612,0.9176490577751322
2,165.46183244667267,0.9964675660419757
2,171.28639595522583,1.0282726572303724
2,177.31599490647534,1.1219506067958382
2,183.55784692843812,1.0456306342796275
2,190.01942372302938,0.9363223503514928
2,196.7084600099328,0.8838309378787191
2,203.63296278531863,1.0907515666181558
2,210.8012209064781,0.9893999187233842
2,218.2218150138596,0.859138427003966
2,225.90362780237365,0.9136921973906669
2,233.85585465427556,1.0699216212207865
2,242.0880146463378,1.087655326280834
2,250.60996194449447,1.0420609785050177
2,259.43189759960745,0.9311995971869593
2,268.5643817584554,1.0889822664952726
2,278.0183463045787,1.0615896561121825
2,287.80510794409855,1.06911928082447
2,297.93638175219246,0.9649903308288397
2,308.42429519642127,0.981942272884601
2,319.2814026537019,1.0539468811744543
2,330.52070043831674,0.9933807192243819
2,342.1556423589236,0.9753435648456733
2,354.20015582320946,0.9659983953261212
2,366.668658509449,0.9769225230415249
2,379.57607562494815,0.9391715355497217
2,392.9378577720027,0.8316583689928035
2,406.76999944277276,1.0195441079656602
2,421.0890581652239,0.9923520819617732
2,435.9121743230265,0.9544159397630693
2,451.2570916731608,0.8596013001974903
2,467.1421785857702,0.9081838380513652
2,483.58645003171415,1.0226865947992687
2,500.60959034410786,0.8340036619484901
2,518.2319767811096,1.0254947745226726
2,536.4747039181797,1.00046802995405
2,555.3596088989727,0.8721301020407215
2,574.9092975751201,0.9772156846608498
2,595.1471715661677,0.9387806533903107
2,616.0974562720967,0.9669910302830508
2,637.7852298719173,0.9898884957208646
2,660.2364533430642,1.018263454575448
2,683.4780015375551,1.0680289252797273
2,707.537695352061,0.9240145655036297
2,732.4443350304389,0.9683231155367875
2,758.2277346385584,1.0579277073731048
2,784.918757752735,0.9634062294272095
2,812.5493544044367,1.0380081468071651
2,841.1525993255111,0.9986061965107278
2,870.7627315397452,1.0014760944700425
2,901.415195348089,1.1145439022382975
2,933.1466827566547,1.1511119568795396
2,965.9951773982388,0.9517466260695211
2,1000.0,0.9965952106648703
3,1e-06,3079.9842427595295
3,1.0352018554516495e-06,3079.983683402917
3,1.0716428815305355e-06,3079.983105229638
3,1.1093666993419628e-06,3079.982507800704
3,1.1484184655350697e-06,3079.981913093545
3,1.1888449263568402e-06,3079.9812712953426
3,1.230694473608878e-06,3079.980611513087
3,1.2740172025740018e-06,3079.979917121368
3,1.3188649719819266e-06,3079.979212416295
3,1.3652914660858754e-06,3079.9784796557724
3,1.413352258924401e-06,3079.977720756387
3,1.463104880845317e-06,3079.9769241449694
3,1.5146088873714367e-06,3079.9761449445696
3,1.5679259304904665e-06,3079.9753044476874
3,1.623119832454485e-06,3079.9744246746736
3,1.6802566621772532e-06,3079.973515454949
3,1.7394048143208846e-06,3079.9725918525874
3,1.8006350911665115e-06,3079.971611341955
3,1.864020787366919e-06,3079.9706445187517
3,1.929637777682679e-06,3079.9695949375487
3,1.997564607806703e-06,3079.968506371908
3,2.0678825883860455e-06,3079.9673608474172
3,2.1406758923533892e-06,3079.9662545434217
3,2.216031655684844e-06,3079.9650532156606
3,2.2940400817045417e-06,3079.9638309555653
3,2.3747945490609903e-06,3079.962618602288
3,2.4583917235044003e-06,3079.961233193818
3,2.5449316735987286e-06,3079.959834226401
3,2.634517990507075e-06,3079.958526861755
3,2.72725791199367e-06,3079.9570259085285
3,2.8232624507910387e-06,3079.955596441144
3,2.9226465274858544e-06,3079.9539524500274
3,3.0255291080826706e-06,3079.9523270646496
3,3.132033346410155e-06,3079.9506442590214
3,3.2422867315402246e-06,3079.94886324686
3,3.3564212403967046e-06,3079.9471438702344
3,3.4745734957359885e-06,3079.945228590225
3,3.596884929689019e-06,3079.9432867345554
3,3.7235019530601484e-06,3079.9412691721004
3,3.854576130585699e-06,3079.9392070059844
3,3.990264362361955e-06,3079.9371046058504
3,4.1307290716596805e-06,3079.934854847388
3,4.276138399350171e-06,3079.932604279762
3,4.4266664051753345e-06,3079.9302140872387
3,4.582493276102989e-06,3079.927799777708
3,4.7438055420165224e-06,3079.9252574979323
3,4.910796298997311e-06,3079.92254229746
3,5.083665440467111e-06,3079.9199836069884
3,5.262619896466969e-06,3079.917140046327
3,5.447873881359374e-06,3079.914058486306
3,5.639649150249792e-06,3079.911141542
3,5.838175264434903e-06,3079.9080608760237
3,6.043689866194936e-06,3079.9046813628515
3,6.2564389632593165e-06,3079.901418618073
3,6.476677223286038e-06,3079.8979217355627
3,6.704668278707131e-06,3079.8942675077583
3,6.9406850423054384e-06,3079.8906290150335
3,7.185010033900086e-06,3079.88675357108
3,7.437935718532088e-06,3079.8828610911855
3,7.699764856554514e-06,3079.8787789628327
3,7.970810866046622e-06,3079.874349854015
3,8.251398197985632e-06,3079.8701825202243
3,8.541862724625105e-06,3079.865339915553
3,8.842552141545192e-06,3079.8605919052948
3,9.153826383855521e-06,3079.8557628724216
3,9.476058057049498e-06,3079.850789125635
3,9.809632883025192e-06,3079.8454851564643
3,1.0154950161807173e-05,3079.8398027565336
3,1.0512423249521814e-05,3079.8343897363366
3,1.0882480053198018e-05,3079.828620195639
3,1.1265563542986154e-05,3079.8226065606214
3,1.16621322824077e-05,3079.8162973726917
3,1.2072660977271032e-05,3079.809920952149
3,1.2497641043909696e-05,3079.8030571137624
3,1.293758119742398e-05,3079.7962691999787
3,1.3393008060629679e-05,3079.7886743211643
3,1.3864466794442712e-05,3079.7812614126956
3,1.4352521750454878e-05,3079.774104244116
3,1.4857757146481017e-05,3079.7658012719025
3,1.5380777765887154e-05,3079.757558695292
3,1.5922209681535858e-05,3079.749299174872
3,1.6482701005216103e-05,3079.7402409981214
3,1.7062922663454445e-05,3079.731486772823
3,1.766356920063604e-05,3079.721269393999
3,1.828535961039704e-05,3079.7117438834334
3,1.8929038196283628e-05,3079.7014477629828
3,1.9595375462707957e-05,3079.690995253946
3,2.0285169037267002e-05,3079.6801628731055
3,2.0999244625529106e-05,3079.669170913647
3,2.1738456999430764e-05,3079.6570210244445
3,2.2503691020466625e-05,3079.645688198497
3,2.3295862698897674e-05,3079.6329893472034
3,2.4115920290245694e-05,3079.6197695929195
3,2.4964845430386424e-05,3079.606457339215
3,2.5843654310599662e-05,3079.5928551255006
3,2.6753398893983734e-05,3079.5778107796573
3,2.7695168174690013e-05,3079.5630741499367
3,2.8670089481484574e-05,3079.5481466057436
3,2.967932982719765e-05,3079.5321782519104
3,3.072409730567643e-05,3079.516247042478
3,3.180564253791326e-05,3079.4988856053337
3,3.292526016907972e-05,3079.4812001918895
3,3.408429041825955e-05,3079.462243773673
3,3.528412068273509e-05,3079.444125862606
3,3.652618719874729e-05,3079.4253234904963
3,3.781197676071748e-05,3079.4042908861375
3,3.914302850098931e-05,3079.383222228445
3,4.052093573222093e-05,3079.361555460186
3,4.194734785463215e-05,3079.3396446316365
3,4.342397233039088e-05,3079.315477264683
3,4.495257672750164e-05,3079.2917582345
3,4.653499083564233e-05,3079.26645075687
3,4.817310885648245e-05,3079.24152394953
3,4.9868891671104816e-05,3079.214345984259
3,5.162436918724502e-05,3079.185564000367
3,5.3441642769156896e-05,3079.157722115359
3,5.5322887753015444e-05,3079.129027955554
3,5.727035605086481e-05,3079.0976962797586
3,5.928637884623185e-05,3079.0661949225864
3,6.137336938462863e-05,3079.0325501520424
3,6.35338258622869e-05,3078.998942342244
3,6.577033441658138e-05,3078.963302768847
3,6.808557222172039e-05,3078.92692979616
3,7.048231069341223e-05,3078.888194042133
3,7.296341880633984e-05,3078.8494655461914
3,7.553186652841878e-05,3078.809771982565
3,7.819072837594546e-05,3078.767488663094
3,8.094318709389451e-05,3078.725269853897
3,8.37925374657696e-05,3078.680427230009
3,8.674219025756638e-05,3078.635315525583
3,8.97956763005727e-05,3078.58565908066
3,9.295665071788838e-05,3078.5364715429955
3,9.622889729972897e-05,3078.4834420520733
3,9.961633303274564e-05,3078.428776634746
3,0.00010312301278878753,3078.3758303641475
3,0.00010675313417871692,3078.3188196681217
3,0.00011051104257708666,3078.2580678772283
3,0.00011440123632369623,3078.198555127895
3,0.00011842837210825286,3078.1363125187613
3,0.00012259727054458162,3078.070856136058
3,0.00012691292194105862,3078.000251002976
3,0.0001313804922741741,3077.930086227067
3,0.000136005329372376,3077.858307896873
3,0.00014079296931759634,3077.7811411094226
3,0.00014574914307212276,3077.703774632461
3,0.00015087978333874923,3077.624668290908
3,0.00015619103166241593,3077.53894851677
3,0.00016168924578184013,3077.4510016144986
3,0.00016738100723993852,3077.3651986866844
3,0.00017327312926215016,3077.2738659658266
3,0.00017937266491209136,3077.177538512138
3,0.00018568691553430376,3077.0722635927023
3,0.00019222343949420477,3076.970189128974
3,0.00019899006122569847,3076.86373755977
3,0.0002059948805972802,3076.756699869069
3,0.00021324628260784522,3076.643223626186
3,0.00022075294742380795,3076.522017114491
3,0.0002285238607695462,3076.400375441635
3,0.00023656832468360863,3076.272971750677
3,0.00024489596865355967,3076.144655646125
3,0.00025351676114279367,3076.0056849869757
3,0.00026244102152311237,3075.8695160987595
3,0.00027167943242735194,3075.7219120604545
3,0.0002812430525368455,3075.571445747915
3,0.0002911433298190279,3075.42013630394
3,0.00030139211523102924,3075.2554919620047
3,0.0003120016769056585,3075.0905734990415
3,0.0003229847148367634,3074.916901459562
3,0.00033435437608153904,3074.7358717228303
3,0.00034612427049798746,3074.5453430173225
3,0.0003583084870363649,3074.3570750109257
3,0.00037092161060411785,3074.1627203501453
3,0.000383978739524497,3073.962899545595
3,0.00039749550360974455,3073.752877588573
3,0.00041148808287049497,3073.5214683901654
3,0.0004259732268837781,3073.2945518781735
3,0.0004409682748428131,3073.061935255325
3,0.00045649117631259257,3072.8265296690843
3,0.0004725605127161014,3072.569491442057
3,0.0004891955195768905,3072.2963702693264
3,0.0005064161095446307,3072.0347324815125
3,0.000524242896231207,3071.7602607582894
3,0.0005426972188858915,3071.4589567156827
3,0.0005618011679391243,3071.169151563309
3,0.0005815776114454846,3070.855378843561
3,0.0006020502224575035,3070.533850805413
3,0.0006232435073630854,3070.1932079719577
3,0.0006451828352204597,3069.855587684961
3,0.0006678944681257751,3069.4973764848205
3,0.0006914055926496942,3069.13649883666
3,0.0007157443523806101,3068.745404788338
3,0.000740939881613446,3068.3767974057855
3,0.000767022340224364,3067.9393711203743
3,0.0007940229497731272,3067.5310394267
3,0.0008219740308763332,3067.0923885204916
3,0.0008509090418962507,3066.6227722227927
3,0.0008808626189915832,3066.1744175485323
3,0.0009118706175780854,3065.677071015871
3,0.0009439701552486745,3065.184369780309
3,0.0009771996562044085,3064.6493592349434
3,0.0010115988972495167,3064.1181809922555
3,0.0010472090554055412,3063.5841990555864
3,0.0010840727572015854,3062.965732554746
3,0.0011222341296996655,3062.3858712474885
3,0.0011617388533162597,3061.766811262823
3,0.0012026342165032625,3061.113079485732
3,0.0012449691723538168,3060.4460101910418
3,0.0012887943972007742,3059.7825851854163
3,0.0013341623512779302,3059.0848387378887
3,0.0013811273415166487,3058.343110476786
3,0.0014297455865530373,3057.5980873149156
3,0.0014800752840235098,3056.7902283727567
3,0.0015321766802292628,3056.003542520372
3,0.0015861121422530797,3055.1392043656683
3,0.0016419462326147773,3054.3050567316427
3,0.0016997457865546614,3053.3707847733476
3,0.0017595799920375088,3052.4265906765645
3,0.0018215204725728258,3051.504493327602
3,0.0018856413729505528,3050.4969948267276
3,0.0019520194479948061,3049.4306496575755
3,0.002020734154441926,3048.3415501113445
3,0.0020918677460527997,3047.2712231442238
3,0.002165505372073316,3046.148636057523
3,0.002241735179160809,3044.9244251794967
3,0.002320648416898505,3043.6998794621254
3,0.0024023395470242634,3042.4752263298337
3,0.00248690635650439,3041.1647835542503
3,0.002574450074587843,3039.859303870382
3,0.00266507549398097,3038.3951846831133
3,0.0027588910962878187,3036.9215159433497
3,0.0028560091818661823,3035.441620114852
3,0.0029565460042548196,3033.933277939218
3,0.0030606219093327466,3032.323330268058
3,0.003168361479377226,3030.6255636346077
3,0.003279893682192834,3028.921859198606
3,0.003395352025490161,3027.1271359277735
3,0.0035148747166989275,3025.288317445874
3,0.0036386048284068172,3023.471750926453
3,0.003766690469622068,3021.4410500655395
3,0.0038992849630648057,3019.429833937423
3,0.004036547028699399,3017.2188473357796
3,0.004178640973727456,3015.180822558273
3,0.004325736889268946,3012.9263869027627
3,0.004478010853966855,3010.553007434001
3,0.004635645144759108,3008.147949380498
3,0.004798828455070054,3005.610807609811
3,0.004967756120682693,3003.1244707984547
3,0.005142630353562007,3000.5107767170134
3,0.005323660483909357,2997.703175997325
3,0.005511063210737586,2994.9489386967157
3,0.005705062861266869,2991.9451426995347
3,0.005905891659451753,2988.8848147217177
3,0.00611379000396087,2985.7083337153895
3,0.00632900675594204,2982.3670399940743
3,0.006551799536917218,2979.127694045551
3,0.006782435037163955,2975.651719119868
3,0.007021189334952396,2972.0518179492014
3,0.007268348227020046,2968.3486415486864
3,0.007524207570679851,2964.6240216155825
3,0.007789073637971122,2960.5506624569543
3,0.008063263482277235,2956.5725650280797
3,0.008347105317848914,2952.2941481646853
3,0.008640938912687518,2947.9656311139493
3,0.008945115995258468,2943.463892846291
3,0.009260000675521785,2938.721188348459
3,0.00958596988078367,2934.065392633628
3,0.009923413806890873,2928.999551742023
3,0.010272736385307948,2923.930674907022
3,0.010634355766636436,2918.4912352616484
3,0.011008704821154987,2913.0123358106257
3,0.01139623165697914,2907.5318086067955
3,0.01179740015646163,2901.7067063487993
3,0.01221269053147466,2895.746989199509
3,0.012642599898239334,2889.5709195620248
3,0.013087642872390193,2883.0930412013668
3,0.013548352184986855,2876.461861898327
3,0.014025279320210802,2869.8592003414406
3,0.014518995175509843,2862.704965723525
3,0.015030090744981336,2855.7241999246735
3,0.015559177826811346,2847.9811158623725
3,0.016106889755617235,2839.926919977209
3,0.016673882160570128,2832.273087424297
3,0.01726083375020432,2824.1412540206916
3,0.017868447124853963,2815.5173011569864
3,0.018497449617688476,2807.003958582344
3,0.019148594165354516,2797.814918964874
3,0.019822660209265625,2788.4416719678425
3,0.020520454628619317,2778.9739086333852
3,0.021242812706258104,2769.9902417807775
3,0.02199059912853022,2758.9832297342627
3,0.022764709020347912,2748.5883581553344
3,0.023566069016681013,2737.648801387802
3,0.024395638371769814,2726.9402784079816
3,0.02525441010738357,2715.6499918543295
3,0.026143412201500307,2704.0987518560796
3,0.027063708818830412,2692.1281864396333
3,0.028016401584656354,2679.5905996752067
3,0.02900263090351479,2667.1774705903113
3,0.0300235773242978,2654.0577504564358
3,0.031080462953409153,2640.4600351252916
3,0.03217455291766541,2626.6892841430517
3,0.03330715687869445,2612.9103518938437
3,0.03447963060064366,2597.923963905144
3,0.03569337757307372,2583.1205436554696
3,0.03694985069098221,2568.362165069769
3,0.03825055399396612,2551.912328441207
3,0.03959704446660722,2535.478546721184
3,0.040990933902233184,2519.641084492162
3,0.04243389083228772,2502.339044162661
3,0.043927642523616986,2485.5395801561167
3,0.045473977046064984,2467.4352995040554
3,0.04707474541285219,2448.3711432412883
3,0.04873186379629852,2430.5402705046195
3,0.05044731582154529,2411.5376718511734
3,0.05222315494101893,2391.619461086854
3,0.05406150689248178,2372.273300742613
3,0.05596457224360927,2351.4622760887287
3,0.05793462902614208,2330.0091462653563
3,0.05997403546276527,2309.966206830156
3,0.06208523278997751,2287.6592125416832
3,0.06427074818033231,2265.9332423682126
3,0.0665331977675456,2243.0021501138767
3,0.06887528977809475,2219.3575146558055
3,0.07129982777305371,2196.867609734958
3,0.0738097140040481,2174.0998673142335
3,0.07640795288734618,2149.4226191390867
3,0.07909765460024283,2123.434635735183
3,0.08188203880404508,2098.998982319535
3,0.08476443849811126,2072.5963726549026
3,0.087748304009562,2048.3367898422994
3,0.090837207123434,2020.5997886021285
3,0.09403484535822448,1995.0539229142819
3,0.09734504639194291,1967.6197723715024
3,0.10077177264396599,1939.448147063578
3,0.10431912601818537,1911.9648139157175
3,0.10799135281311972,1884.2297766180782
3,0.11179284880487525,1856.5037282890721
3,0.11572816450903257,1827.2210751982084
3,0.11980201062776401,1799.9419811029318
3,0.12401926368869953,1770.7014741146854
3,0.12838497188228887,1740.6018773415644
3,0.13290436110465328,1712.6241929598548
3,0.13758284121315284,1683.3350305133795
3,0.1424260125021655,1653.1666916563033
3,0.14743967240682154,1624.0067705121753
3,0.15262982244272472,1594.2647611582152
3,0.15800267538996446,1563.1181336544712
3,0.16356466273001555,1534.5128612962299
3,0.16932244234443536,1504.8589212850497
3,0.17528290648456404,1474.7357502371965
3,0.18145319002177868,1445.3239853212579
3,0.18784067898816564,1414.6135222816058
3,0.19445301941784673,1387.4502343514325
3,0.20129812649953058,1357.0266144961336
3,0.20838419405125447,1327.7682563666228
3,0.21571970432865523,1298.5324407497917
3,0.22331343817850466,1270.7023539819625
3,0.23117448554967523,1241.0451092141088
3,0.23931225637410386,1214.206107783927
3,0.24773649183079313,1185.1689074624278
3,0.25645727600631946,1158.0704140857383
3,0.2654850479658172,1131.812330053308
3,0.2748306142488841,1104.1113605947314
3,0.2845051618053608,1078.6046951712472
3,0.29452027138648124,1052.9967192187491
3,0.3048879314074081,1027.8325417634737
3,0.3156205522977641,1002.3478787553896
3,0.32673098135731976,976.6917615526663
3,0.33823251813463506,954.4613915869271
3,0.3501389303470579,930.0322209817465
3,0.36246447036112944,910.6431442684069
3,0.3752238922531406,887.657193458244
3,0.3884324694702402,864.8759692834149
3,0.40210601311325883,842.771377888562
3,0.41626089086311086,823.1258839186738
3,0.43091404657344806,804.2649252358425
3,0.44608302055301197,781.1728135651874
3,0.4617859705619533,763.2964907623974
3,0.4780416935472749,746.2623670493992
3,0.49486964814338674,729.1470874518208
3,0.5122899779647389,709.3852170713627
3,0.5303235357183823,692.3431109443845
3,0.5489919081653474,675.9579695134827
3,0.5683174419607092,658.682741941629
3,0.58832327040326,643.7493909598255
3,0.6090333411268374,627.0085924702388
3,0.6304724447664182,613.7890303872563
3,0.6526662446333337,596.9414701016188
3,0.6756413074350872,580.8201862702092
3,0.6994251350765791,566.572090486345
3,0.7240461975807954,552.1210367054723
3,0.7495339671683494,538.0858600366987
3,0.775918953536711,525.7316381947642
3,0.8032327403813039,510.6983239492702
3,0.8315080232022388,498.3319404884437
3,0.8607786484418908,484.9573342671538
3,0.8910796540002067,472.1543444907632
3,0.9224473111762278,459.85189898410414
3,0.9549191680860142,446.5064253594113
3,0.9885340946089874,434.4410153300655
3,1.0233323289164382,422.16928454161575
3,1.0593555256379543,408.64333303405095
3,1.0966468057233656,398.24251754871653
3,1.1352508080599526,386.07906684007014
3,1.1752137429066474,374.6364714960536
3,1.2165834472092367,362.6404808680834
3,1.2594094418627657,351.4196390653304
3,1.3037429909896587,340.17161915234743
3,1.3496371633045778,328.20901803146427
3,1.397146895639397,317.2848416652742
3,1.446329058704416,305.3738010316704
3,1.497242525164449,295.6168332418398
3,1.5499482401113476,284.70025587680266
3,1.6045092940172856,273.61961775667646
3,1.6609909982561069,264.13763872986533
3,1.7194609632832094,252.90058090324365
3,1.7799891795674554,244.3495271299493
3,1.842648101372089,233.89436897663703
3,1.9075127334848458,224.4833919208598
3,1.974660721001156,214.34455721915816
3,2.0441724422678886,206.50332453677052
3,2.116131105098844,196.27282865428546
3,2.190622846377273,188.61103852159707
3,2.2677368351645217,178.93499364102195
3,2.3475653794383646,171.4754209749985
3,2.4302040365886506,163.01933060392764
3,2.515751727802654,155.39876875290898
3,2.604310856477001,148.24768074426584
3,2.69598743079786,139.70342344231256
3,2.79089119063627,133.39448341671908
3,2.8891357389103245,125.94284300224125
3,2.9908386775716402,120.13343297190343
3,3.0961217483787196,112.55520852308209
3,3.205110978625849,107.74431609049073
3,3.317936832001931,101.5387883870473
3,3.43473436475976,95.71309822817177
3,3.555643387382846,90.4207263005581
3,3.6808086319431026,85.70368359703976
3,3.8103799253499475,79.69608238062452
3,3.9445123686979837,75.77339905147052
3,4.0833665229281255,70.8039302446097
3,4.227108601024345,66.64817362071385
3,4.37591066697602,62.1714386976665
3,4.529950841744241,58.66163962981756
3,4.68941351647839,54.70580540612052
3,4.854489573238474,51.35403129237015
3,5.025376613487144,48.6424698388656
3,5.202279194625218,45.49255514743445
3,5.385409074853539,42.523095810102745
3,5.574985466654523,39.69151179295896
3,5.771235299196743,37.51863114844025
3,5.974393489976511,34.770359887311216
3,6.18470322602194,32.62728220222158
3,6.4024162549957016,30.683732651252118
3,6.627793186545351,28.348142420429962
3,6.861103804261548,26.366910268576905
3,7.102627388617911,24.6483556041844
3,7.352653051278966,23.523969270793923
3,7.611480081176202,21.74366918504431
3,7.879418302766876,20.177936052351622
3,8.15678844690394,19.021419974291643
3,8.443922534761537,17.46759426088558
3,8.741164275275139,16.464109108468
3,9.048869476572479,15.413449706562517
3,9.367406471887627,14.362619694123977
3,9.69715656046784,13.459550405783864
3,10.038514464001445,12.44310151755218
3,10.391888799112495,11.782815541349857
3,10.757702566488469,10.668624321021593
3,11.136393657225835,9.792790937628371
3,11.52841537700014,9.375133752456168
3,11.934236988687873,8.57952840108188
3,12.354344274089367,8.081230281227144
3,12.789240115425775,7.319375354826974
3,13.239445097305403,6.989042286330745
3,13.705498129880796,6.403133622403223
3,14.187957093941714,6.149361584644043
3,14.687399508716824,5.561090378438358
3,15.204423223183301,5.243931744649
3,15.739647131711472,4.691439218660502
3,16.293711914901948,4.353506918698127
3,16.86728080650111,4.009962958675306
3,17.461040387313947,3.6274384322901443
3,18.075701407063583,3.211052457022979
3,18.711999635182178,3.122902578340972
3,19.37069674155118,2.9875576371996106
3,20.05258120824496,2.67689919796651
3,20.75846927337006,2.4464995285738818
3,21.489205908128696,2.358800119771123
3,22.245665828277374,2.3011809319739966
3,23.028754541190047,2.109850143795374
3,23.839409429780538,1.9431980278541132
3,24.67860087458036,1.902179306044282
3,25.54733341531624,1.7831854140692842
3,26.446646953377297,1.5272935276381825
3,27.377617996610834,1.5562644159738626
3,28.341360947938007,1.4979684409271974
3,29.339029439330282,1.3919522242985325
3,30.371817712745276,1.2436718141707863
3,31.440962049673185,1.490676124517826
3,32.54774225100651,1.1795150555661906
3,33.69348316900399,1.2597029644654456
3,34.87955629318178,1.1803576320611093
3,36.10738139203204,1.327115072189455
3,37.37842821253185,1.1109152727846763
3,38.694218239479255,1.205276913962684
3,40.05632651675998,1.0628902568645486
3,41.46638353272696,1.0662288920945338
3,42.92607717194867,1.0739527196587528
3,44.43715473566187,1.051424534821325
3,46.00142503334922,1.1970969868403714
3,47.62076054794297,1.0393210152010974
3,49.29709967724927,1.020003789799717
3,51.03244905427336,1.0945886258492952
3,52.82888594922545,0.9337927296605816
3,54.68856075608176,0.9602361532312248
3,56.61369956667599,1.0557556495350309
3,58.60660683540523,1.0604420662377518
3,60.66966813773669,1.0513799310727983
3,62.80535302582084,1.0053326511713399
3,65.01621798462561,1.0941099595558532
3,67.30490949213319,0.9254137209242392
3,69.67416718726162,0.9944770719753198
3,72.12682714930152,0.8954417790184523
3,74.66582529279734,0.9969524378918694
3,77.29420088193234,1.0277638448144748
3,80.01510016862889,0.9374890080574528
3,82.83178015871422,0.9884618922167174
3,85.74761251066391,1.0333665063475639
3,88.76608757158836,1.0275193263058906
3,91.89081855529167,1.1246091481264564
3,95.1255458674088,1.0278843982659813
3,98.47414158279238,1.047152254069478
3,101.9406140805149,1.0212775160272751
3,105.52911284202979,0.883339328239853
3,109.24393341823551,0.8408975956303648
3,113.08952257139363,1.1928307641170277
3,117.07048359804811,1.1834795875743085
3,121.19158183932106,0.8281060176389499
3,125.45775038518534,1.0278391792748638
3,129.87409597953348,1.125913692813568
3,134.44590513311894,0.9370817900393591
3,139.1786504516809,0.9064478261125991
3,144.07799718683634,1.080886532541298
3,149.14981001757081,0.8630317782411052
3,154.40016007045,0.8986987541974637
3,159.8353321869612,0.987542192467938
3,165.46183244667267,0.9851927061171843
3,171.28639595522583,0.9848118602662899
3,177.31599490647534,0.9950846131680166
3,183.55784692843812,0.8456881385474956
3,190.01942372302938,0.9662186773493594
3,196.7084600099328,0.951516924554552
3,203.63296278531863,1.0520444818805794
3,210.8012209064781,0.9588525017479742
3,218.2218150138596,1.0474533444068292
3,225.90362780237365,0.9873376687879268
3,233.85585465427556,1.001537138380707
3,242.0880146463378,0.9999695633286978
3,250.60996194449447,1.0875050738946017
3,259.43189759960745,1.0833705361349122
3,268.5643817584554,0.981463068361616
3,278.0183463045787,1.0727881494295572
3,287.80510794409855,1.0216010552326291
3,297.93638175219246,0.8400314529354473
3,308.42429519642127,0.9232396509812116
3,319.2814026537019,1.1060014204573463
3,330.52070043831674,1.0023589691569186
3,342.1556423589236,1.1394429788965357
3,354.20015582320946,0.8687500000003039
3,366.668658509449,1.0165685876622148
3,379.57607562494815,1.0638798701299428
3,392.9378577720027,0.9543780438311644
3,406.76999944277276,0.9429180194805179
3,421.0890581652239,0.8608360389609887
3,435.9121743230265,0.9824878246753567
3,451.2570916731608,0.9914924918831787
3,467.1421785857702,0.9570160308439878
3,483.58645003171415,1.1342481737012657
3,500.60959034410786,1.079230925324389
3,518.2319767811096,0.8707031249998759
3,536.4747039181797,0.9791396103894559
3,555.3596088989727,1.0011769480518824
3,574.9092975751201,0.9877384334413177
3,595.1471715661677,1.0345221185064444
3,616.0974562720967,0.9994774756492458
3,637.7852298719173,0.9654372970779169
3,660.2364533430642,1.1753246753247095
3,683.4780015375551,1.0614853896102852
3,707.537695352061,0.9302049512985946
3,732.4443350304389,1.0150720373377367
3,758.2277346385584,1.0626369724028135
3,784.918757752735,1.2404119318184714
3,812.5493544044367,0.8982903814935245
3,841.1525993255111,1.1509588068180807
3,870.7627315397452,1.0084364853895131
3,901.415195348089,1.1059202516232494
3,933.1466827566547,0.9769581980516061
3,965.9951773982388,1.0463981331166972
3,1000.0,1.1849685470776747
4,1e-06,3095.984223728322
4,1.0352018554516495e-06,3095.983662488667
4,1.0716428815305355e-06,3095.983091147647
4,1.1093666993419628e-06,3095.982480083947
4,1.1484184655350697e-06,3095.9818733477127
4,1.1888449263568402e-06,3095.9812208625726
4,1.230694473608878e-06,3095.9805616318313
4,1.2740172025740018e-06,3095.979854336572
4,1.3188649719819266e-06,3095.9791839784175
4,1.3652914660858754e-06,3095.9784222712
4,1.413352258924401e-06,3095.977663803074
4,1.463104880845317e-06,3095.9768976034406
4,1.5146088873714367e-06,3095.976083011767
4,1.5679259304904665e-06,3095.9752776951054
4,1.623119832454485e-06,3095.974361982142
4,1.6802566621772532e-06,3095.9734215713493
4,1.7394048143208846e-06,3095.9725311912334
4,1.8006350911665115e-06,3095.9715900440583
4,1.864020787366919e-06,3095.970552628999
4,1.929637777682679e-06,3095.969503310703
4,1.997564607806703e-06,3095.9684820890316
4,2.0678825883860455e-06,3095.967351897469
4,2.1406758923533892e-06,3095.9661622276767
4,2.216031655684844e-06,3095.965001797238
4,2.2940400817045417e-06,3095.9637480841016
4,2.3747945490609903e-06,3095.9624644278924
4,2.4583917235044003e-06,3095.9611240655277
4,2.5449316735987286e-06,3095.959772909923
4,2.634517990507075e-06,3095.9584266689844
4,2.72725791199367e-06,3095.956982954705
4,2.8232624507910387e-06,3095.95541368135
4,2.9226465274858544e-06,3095.9539073777487
4,3.0255291080826706e-06,3095.952151255768
4,3.132033346410155e-06,3095.9505337583255
4,3.2422867315402246e-06,3095.9488594471613
4,3.3564212403967046e-06,3095.946958640795
4,3.4745734957359885e-06,3095.945142758722
4,3.596884929689019e-06,3095.943242279567
4,3.7235019530601484e-06,3095.9412343804174
4,3.854576130585699e-06,3095.939175085731
4,3.990264362361955e-06,3095.9369231764235
4,4.1307290716596805e-06,3095.934846651042
4,4.276138399350171e-06,3095.9324083829906
4,4.4266664051753345e-06,3095.93006462044
4,4.582493276102989e-06,3095.92767061153
4,4.7438055420165224e-06,3095.92505841015
4,4.910796298997311e-06,3095.9225212728134
4,5.083665440467111e-06,3095.9197707336502
4,5.262619896466969e-06,3095.9168357276685
4,5.447873881359374e-06,3095.9139102901026
4,5.639649150249792e-06,3095.9110814457676
4,5.838175264434903e-06,3095.907751461034
4,6.043689866194936e-06,3095.9044863655104
4,6.2564389632593165e-06,3095.9011496964877
4,6.476677223286038e-06,3095.8976407174923
4,6.704668278707131e-06,3095.8941615983153
4,6.9406850423054384e-06,3095.8904614677044
4,7.185010033900086e-06,3095.886638386123
4,7.437935718532088e-06,3095.8826185535063
4,7.699764856554514e-06,3095.8784842155046
4,7.970810866046622e-06,3095.8741904411154
4,8.251398197985632e-06,3095.869735414883
4,8.541862724625105e-06,3095.8651612088784
4,8.842552141545192e-06,3095.860213487599
4,9.153826383855521e-06,3095.8556189933365
4,9.476058057049498e-06,3095.8503128260395
4,9.809632883025192e-06,3095.845040830993
4,1.0154950161807173e-05,3095.839763406995
4,1.0512423249521814e-05,3095.8341044334293
4,1.0882480053198018e-05,3095.8283102281443
4,1.1265563542986154e-05,3095.8221647625555
4,1.16621322824077e-05,3095.815764586839
4,1.2072660977271032e-05,3095.809204179474
4,1.2497641043909696e-05,3095.8024387114497
4,1.293758119742398e-05,3095.795546970286
4,1.3393008060629679e-05,3095.7887856431944
4,1.3864466794442712e-05,3095.781155487316
4,1.4352521750454878e-05,3095.7731032239317
4,1.4857757146481017e-05,3095.7656153167804
4,1.5380777765887154e-05,3095.757110038595
4,1.5922209681535858e-05,3095.748375512333
4,1.6482701005216103e-05,3095.7396296355637
4,1.7062922663454445e-05,3095.7308912165977
4,1.766356920063604e-05,3095.7212426173487
4,1.828535961039704e-05,3095.7110416707646
4,1.8929038196283628e-05,3095.7014604824276
4,1.9595375462707957e-05,3095.690634299775
4,2.0285169037267002e-05,3095.679756564802
4,2.0999244625529106e-05,3095.6681453377864
4,2.1738456999430764e-05,3095.6568583208305
4,2.2503691020466625e-05,3095.6441644543274
4,2.3295862698897674e-05,3095.6326188259604
4,2.4115920290245694e-05,3095.619273002836
4,2.4964845430386424e-05,3095.6055477896816
4,2.5843654310599662e-05,3095.592050822171
4,2.6753398893983734e-05,3095.576862795553
4,2.7695168174690013e-05,3095.562701568348
4,2.8670089481484574e-05,3095.546948448677
4,2.967932982719765e-05,3095.531562951809
4,3.072409730567643e-05,3095.515471802752
4,3.180564253791326e-05,3095.497621486448
4,3.292526016907972e-05,3095.479424531439
4,3.408429041825955e-05,3095.4616830270998
4,3.528412068273509e-05,3095.4430051948407
4,3.652618719874729e-05,3095.423571681667
4,3.781197676071748e-05,3095.4031034844375
4,3.914302850098931e-05,3095.3812005866007
4,4.052093573222093e-05,3095.359820953545
4,4.194734785463215e-05,3095.3374035428096
4,4.342397233039088e-05,3095.313793549033
4,4.495257672750164e-05,3095.29013816227
4,4.653499083564233e-05,3095.2650536057404
4,4.817310885648245e-05,3095.238555157111
4,4.9868891671104816e-05,3095.2118826661335
4,5.162436918724502e-05,3095.185098582489
4,5.3441642769156896e-05,3095.157408111476
4,5.5322887753015444e-05,3095.1277013098206
4,5.727035605086481e-05,3095.095394478835
4,5.928637884623185e-05,3095.0635499669233
4,6.137336938462863e-05,3095.0307831810946
4,6.35338258622869e-05,3094.9973127710846
4,6.577033441658138e-05,3094.9600039062625
4,6.808557222172039e-05,3094.924833391366
4,7.048231069341223e-05,3094.887678850333
4,7.296341880633984e-05,3094.8482175028507
4,7.553186652841878e-05,3094.8074606589917
4,7.819072837594546e-05,3094.765901860286
4,8.094318709389451e-05,3094.722475875325
4,8.37925374657696e-05,3094.677578378995
4,8.674219025756638e-05,3094.6310100524756
4,8.97956763005727e-05,3094.579541161405
4,9.295665071788838e-05,3094.5321687085957
4,9.622889729972897e-05,3094.481961564325
4,9.961633303274564e-05,3094.427396415074
4,0.00010312301278878753,3094.3722710566185
4,0.00010675313417871692,3094.3135064953863
4,0.00011051104257708666,3094.2581332112977
4,0.00011440123632369623,3094.1932950032533
4,0.00011842837210825286,3094.1289720753007
4,0.00012259727054458162,3094.0640788251126
4,0.00012691292194105862,3093.996954852425
4,0.0001313804922741741,3093.925736348658
4,0.000136005329372376,3093.8533676120865
4,0.00014079296931759634,3093.777799570073
4,0.00014574914307212276,3093.699023375911
4,0.00015087978333874923,3093.6171867054136
4,0.00015619103166241593,3093.535307361547
4,0.00016168924578184013,3093.4474757201256
4,0.00016738100723993852,3093.356932656315
4,0.00017327312926215016,3093.26622266471
4,0.00017937266491209136,3093.166442226604
4,0.00018568691553430376,3093.066244749904
4,0.00019222343949420477,3092.966373345164
4,0.00019899006122569847,3092.8634050237697
4,0.0002059948805972802,3092.751103232718
4,0.00021324628260784522,3092.6338819631924
4,0.00022075294742380795,3092.5187758859365
4,0.0002285238607695462,3092.3951947131936
4,0.00023656832468360863,3092.2659040705157
4,0.00024489596865355967,3092.131879609943
4,0.00025351676114279367,3092.0004109729157
4,0.00026244102152311237,3091.85802998574
4,0.00027167943242735194,3091.7126918431727
4,0.0002812430525368455,3091.5581221457687
4,0.0002911433298190279,3091.4023888357738
4,0.00030139211523102924,3091.241711683704
4,0.0003120016769056585,3091.0775218833373
4,0.0003229847148367634,3090.9028299651086
4,0.00033435437608153904,3090.7284730300307
4,0.00034612427049798746,3090.538958447012
4,0.0003583084870363649,3090.352168099424
4,0.00037092161060411785,3090.1561940133283
4,0.000383978739524497,3089.942808150282
4,0.00039749550360974455,3089.7315571222935
4,0.00041148808287049497,3089.5084658915653
4,0.0004259732268837781,3089.2873084657817
4,0.0004409682748428131,3089.0463978849707
4,0.00045649117631259257,3088.7861619044006
4,0.0004725605127161014,3088.5470905311327
4,0.0004891955195768905,3088.289339719937
4,0.0005064161095446307,3088.017076376602
4,0.000524242896231207,3087.7463789014855
4,0.0005426972188858915,3087.436583355532
4,0.0005618011679391243,3087.1379773101876
4,0.0005815776114454846,3086.8428730964115
4,0.0006020502224575035,3086.5113832339753
4,0.0006232435073630854,3086.1775133396363
4,0.0006451828352204597,3085.8310776344642
4,0.0006678944681257751,3085.478682054044
4,0.0006914055926496942,3085.1116438814506
4,0.0007157443523806101,3084.715815806623
4,0.000740939881613446,3084.3347364165343
4,0.000767022340224364,3083.9287413973907
4,0.0007940229497731272,3083.4921732463777
4,0.0008219740308763332,3083.0662160053066
4,0.0008509090418962507,3082.605999165732
4,0.0008808626189915832,3082.1198811412855
4,0.0009118706175780854,3081.642519526591
4,0.0009439701552486745,3081.134727765005
4,0.0009771996562044085,3080.6335348900234
4,0.0010115988972495167,3080.098950328705
4,0.0010472090554055412,3079.540689636657
4,0.0010840727572015854,3078.9310707808218
4,0.0011222341296996655,3078.348033358212
4,0.0011617388533162597,3077.7415492008545
4,0.0012026342165032625,3077.085087706785
4,0.0012449691723538168,3076.4374933030253
4,0.0012887943972007742,3075.749614359772
4,0.0013341623512779302,3075.014908702746
4,0.0013811273415166487,3074.2966270999473
4,0.0014297455865530373,3073.5275288888356
4,0.0014800752840235098,3072.7562768766484
4,0.0015321766802292628,3071.931133566245
4,0.0015861121422530797,3071.100722588966
4,0.0016419462326147773,3070.220838902442
4,0.0016997457865546614,3069.34948045901
4,0.0017595799920375088,3068.400502094982
4,0.0018215204725728258,3067.4273571153462
4,0.0018856413729505528,3066.389633257572
4,0.0019520194479948061,3065.358590100742
4,0.002020734154441926,3064.307001340711
4,0.0020918677460527997,3063.2002787114134
4,0.002165505372073316,3062.090559037042
4,0.002241735179160809,3060.877563480651
4,0.002320648416898505,3059.7050050001485
4,0.0024023395470242634,3058.3753510272713
4,0.00248690635650439,3057.0839729217446
4,0.002574450074587843,3055.7247747139677
4,0.00266507549398097,3054.2718783856003
4,0.0027588910962878187,3052.87465267944
4,0.0028560091818661823,3051.361127147654
4,0.0029565460042548196,3049.7710146056775
4,0.0030606219093327466,3048.182843635142
4,0.003168361479377226,3046.4744197222767
4,0.003279893682192834,3044.8134106394955
4,0.003395352025490161,3043.031506209862
4,0.0035148747166989275,3041.164662150763
4,0.0036386048284068172,3039.2499349400973
4,0.003766690469622068,3037.3088661191327
4,0.0038992849630648057,3035.256150982582
4,0.004036547028699399,3033.250617806931
4,0.004178640973727456,3031.0778338353207
4,0.004325736889268946,3028.7185259874445
4,0.004478010853966855,3026.4234703593575
4,0.004635645144759108,3024.0193010232483
4,0.004798828455070054,3021.4741067566524
4,0.004967756120682693,3018.905120551688
4,0.005142630353562007,3016.3181545229777
4,0.005323660483909357,3013.4192636408493
4,0.005511063210737586,3010.6368187178696
4,0.005705062861266869,3007.768280476985
4,0.005905891659451753,3004.7515683692286
4,0.00611379000396087,3001.595966896749
4,0.00632900675594204,2998.1928048396903
4,0.006551799536917218,2994.935200193389
4,0.006782435037163955,2991.484275878056
4,0.007021189334952396,2987.8866926157607
4,0.007268348227020046,2984.208430073159
4,0.007524207570679851,2980.399167152258
4,0.007789073637971122,2976.2907734628207
4,0.008063263482277235,2972.198754690017
4,0.008347105317848914,2968.0071774758135
4,0.008640938912687518,2963.442950079985
4,0.008945115995258468,2959.147286603678
4,0.009260000675521785,2954.502552128211
4,0.00958596988078367,2949.743907375257
4,0.009923413806890873,2944.814587480866
4,0.010272736385307948,2939.720878940908
4,0.010634355766636436,2934.360561979548
4,0.011008704821154987,2928.6818110313134
4,0.01139623165697914,2923.2925925515
4,0.01179740015646163,2917.3202911874646
4,0.01221269053147466,2911.2277541301683
4,0.012642599898239334,2905.0285933509394
4,0.013087642872390193,2898.8388942499673
4,0.013548352184986855,2891.9463797500325
4,0.014025279320210802,2885.452022482899
4,0.014518995175509843,2878.104163935184
4,0.015030090744981336,2871.0002243418344
4,0.015559177826811346,2863.3481079753296
4,0.016106889755617235,2855.7286649467774
4,0.016673882160570128,2848.0100197103407
4,0.01726083375020432,2839.7260838472926
4,0.017868447124853963,2830.8719071694586
4,0.018497449617688476,2822.309849871089
4,0.019148594165354516,2813.282538260075
4,0.019822660209265625,2804.014163095589
4,0.020520454628619317,2794.771543280187
4,0.021242812706258104,2784.925302557265
4,0.02199059912853022,2774.3608355488705
4,0.022764709020347912,2763.850317568322
4,0.023566069016681013,2753.4725003579533
4,0.024395638371769814,2742.012490409289
4,0.02525441010738357,2731.3597837072743
4,0.026143412201500307,2719.0585392963835
4,0.027063708818830412,2707.4600720062317
4,0.028016401584656354,2695.1496450704044
4,0.02900263090351479,2682.35961262598
4,0.0300235773242978,2669.185518191665
4,0.031080462953409153,2655.7060787971322
4,0.03217455291766541,2642.014391245
4,0.03330715687869445,2627.7325158652457
4,0.03447963060064366,2612.667337814037
4,0.03569337757307372,2598.2760782320165
4,0.03694985069098221,2582.356395159755
4,0.03825055399396612,2566.706219536714
4,0.03959704446660722,2550.635391142116
4,0.040990933902233184,2534.2195455103474
4,0.04243389083228772,2516.840091046996
4,0.043927642523616986,2499.763531664999
4,0.045473977046064984,2482.0669689314136
4,0.04707474541285219,2463.401608401036
4,0.04873186379629852,2445.0147581719625
4,0.05044731582154529,2425.6684468271033
4,0.05222315494101893,2406.798273955188
4,0.05406150689248178,2386.656877302428
4,0.05596457224360927,2365.3856499253684
4,0.05793462902614208,2344.8686894165103
4,0.05997403546276527,2323.1663826462086
4,0.06208523278997751,2302.2537861808432
4,0.06427074818033231,2280.363948472901
4,0.0665331977675456,2257.462967882969
4,0.06887528977809475,2234.638851232869
4,0.07129982777305371,2209.589094979929
4,0.0738097140040481,2188.072637975264
4,0.07640795288734618,2162.2834667180523
4,0.07909765460024283,2137.8535641748686
4,0.08188203880404508,2112.186077836159
4,0.08476443849811126,2087.462358420792
4,0.087748304009562,2060.981786813673
4,0.090837207123434,2034.4882978354176
4,0.09403484535822448,2008.5903503868574
4,0.09734504639194291,1980.8274419723464
4,0.10077177264396599,1952.9161684586297
4,0.10431912601818537,1926.7434858735396
4,0.10799135281311972,1898.6620973669849
4,0.11179284880487525,1868.6580815226712
4,0.11572816450903257,1841.9078208251653
4,0.11980201062776401,1812.0964256536163
4,0.12401926368869953,1782.8137456742834
4,0.12838497188228887,1753.83998983136
4,0.13290436110465328,1725.6568606243654
4,0.13758284121315284,1695.783492521328
4,0.1424260125021655,1665.7547880850777
4,0.14743967240682154,1636.2176968832616
4,0.15262982244272472,1608.2474049115744
4,0.15800267538996446,1576.5611532832331
4,0.16356466273001555,1546.8988084682946
4,0.16932244234443536,1518.4933108693301
4,0.17528290648456404,1486.3330196518702
4,0.18145319002177868,1456.1822340164654
4,0.18784067898816564,1428.9143695686457
4,0.19445301941784673,1398.3613071633915
4,0.20129812649953058,1369.3335143770225
4,0.20838419405125447,1339.7777961234551
4,0.21571970432865523,1309.5945818138086
4,0.22331343817850466,1281.7234567245132
4,0.23117448554967523,1255.5491842227998
4,0.23931225637410386,1226.2138344964274
4,0.24773649183079313,1198.8153727497915
4,0.25645727600631946,1171.338050573769
4,0.2654850479658172,1142.8971001723507
4,0.2748306142488841,1117.1397065169815
4,0.2845051618053608,1089.1408029020167
4,0.29452027138648124,1066.493424356804
4,0.3048879314074081,1039.709742295358
4,0.3156205522977641,1016.8172217271992
4,0.32673098135731976,989.5609999968135
4,0.33823251813463506,967.4493804277092
4,0.3501389303470579,944.5526061297429
4,0.36246447036112944,919.39075265998
4,0.3752238922531406,898.6379720026953
4,0.3884324694702402,876.2884921401693
4,0.40210601311325883,854.3299965232328
4,0.41626089086311086,834.6005817691421
4,0.43091404657344806,814.4820307793085
4,0.44608302055301197,794.1489600112916
4,0.4617859705619533,774.3351843639475
4,0.4780416935472749,756.9532664423349
4,0.49486964814338674,738.2917356992867
4,0.5122899779647389,720.2379724994987
4,0.5303235357183823,703.5342346991567
4,0.5489919081653474,685.3611250219147
4,0.5683174419607092,668.8722240838417
4,0.58832327040326,652.2440336513903
4,0.6090333411268374,638.4926912532368
4,0.6304724447664182,620.9840780133745
4,0.6526662446333337,605.8543543174965
4,0.6756413074350872,590.9896130575048
4,0.6994251350765791,577.0982303251938
4,0.7240461975807954,561.6164515755313
4,0.7495339671683494,549.0037362471073
4,0.775918953536711,533.6832774661725
4,0.8032327403813039,520.2119665953867
4,0.8315080232022388,507.59551509361904
4,0.8607786484418908,494.94033348644257
4,0.8910796540002067,481.15964780576655
4,0.9224473111762278,467.6745158783822
4,0.9549191680860142,454.47135152866156
4,0.9885340946089874,442.46764848674025
4,1.0233323289164382,429.8569800760708
4,1.0593555256379543,417.3872453425719
4,1.0966468057233656,405.01889802117836
4,1.1352508080599526,392.0443922072046
4,1.1752137429066474,381.22181802041837
4,1.2165834472092367,369.113516421831
4,1.2594094418627657,357.8031922533626
4,1.3037429909896587,345.23724460487205
4,1.3496371633045778,334.1871471800832
4,1.397146895639397,323.1583762501158
4,1.446329058704416,311.76072866721773
4,1.497242525164449,300.1987478296437
4,1.5499482401113476,290.13016238289947
4,1.6045092940172856,278.83470280010624
4,1.6609909982561069,269.37579873723587
4,1.7194609632832094,259.3267991712716
4,1.7799891795674554,249.1281565215808
4,1.842648101372089,239.2294056250758
4,1.9075127334848458,230.31864758847232
4,1.974660721001156,220.15815596842984
4,2.0441724422678886,209.13396341391248
4,2.116131105098844,200.67179276521597
4,2.190622846377273,190.86794605014038
4,2.2677368351645217,184.14157498116236
4,2.3475653794383646,175.61461374861443
4,2.4302040365886506,166.72578956685152
4,2.515751727802654,158.74759493178345
4,2.604310856477001,150.98528624594445
4,2.69598743079786,143.44114934226522
4,2.79089119063627,135.35204451002505
4,2.8891357389103245,129.377441551397
4,2.9908386775716402,122.51950299117478
4,3.0961217483787196,114.88696962442474
4,3.205110978625849,109.48948630476812
4,3.317936832001931,102.92336697504557
4,3.43473436475976,97.94353977790814
4,3.555643387382846,92.32032028695357
4,3.6808086319431026,87.14820600978838
4,3.8103799253499475,82.32984762804355
4,3.9445123686979837,76.98361114479701
4,4.0833665229281255,72.39890878285823
4,4.227108601024345,68.39746816503987
4,4.37591066697602,63.649660143708104
4,4.529950841744241,60.52055177283835
4,4.68941351647839,57.105656437930215
4,4.854489573238474,53.289357505479664
4,5.025376613487144,50.0966463799202
4,5.202279194625218,46.690816052132156
4,5.385409074853539,44.43692437851007
4,5.574985466654523,41.29698768575815
4,5.771235299196743,39.348003627396494
4,5.974393489976511,36.49394264136707
4,6.18470322602194,34.40567366860282
4,6.4024162549957016,31.76555411063802
4,6.627793186545351,30.211533504883644
4,6.861103804261548,28.482573045991966
4,7.102627388617911,26.16628939832726
4,7.352653051278966,24.81613799249837
4,7.611480081176202,22.76165162464022
4,7.879418302766876,21.990901290205517
4,8.15678844690394,19.900727318333622
4,8.443922534761537,19.019994790554186
4,8.741164275275139,17.696948315674515
4,9.048869476572479,16.536360212134728
4,9.367406471887627,15.259408580157658
4,9.69715656046784,14.441867976094617
4,10.038514464001445,13.644266155405004
4,10.391888799112495,12.759769816094469
4,10.757702566488469,11.55361579709877
4,11.136393657225835,10.729798193772881
4,11.52841537700014,10.376984753379752
4,11.934236988687873,9.739331052611151
4,12.354344274089367,8.91451224874602
4,12.789240115425775,8.143992069305472
4,13.239445097305403,7.553075822396994
4,13.705498129880796,6.976940504068632
4,14.187957093941714,6.4712554950742165
4,14.687399508716824,6.146237759303181
4,15.204423223183301,5.664774223083542
4,15.739647131711472,5.378027648514304
4,16.293711914901948,5.075455550679997
4,16.86728080650111,4.613560983470556
4,17.461040387313947,4.273188803464568
4,18.075701407063583,3.825360743804735
4,18.711999635182178,3.7528940756518874
4,19.37069674155118,3.3289199395454614
4,20.05258120824496,3.1411924732157
4,20.75846927337006,2.849772053466675
4,21.489205908128696,2.8155749655081905
4,22.245665828277374,2.608977104803157
4,23.028754541190047,2.3889790602130927
4,23.839409429780538,2.2182558465831343
4,24.67860087458036,2.052615441502298
4,25.54733341531624,1.9785195373866378
4,26.446646953377297,1.8003446499439353
4,27.377617996610834,1.7552515412075398
4,28.341360947938007,1.7298027116803774
4,29.339029439330282,1.5706231552050924
4,30.371817712745276,1.4630025478679616
4,31.440962049673185,1.5395265995784695
4,32.54774225100651,1.3100273414177175
4,33.69348316900399,1.3514510375140907
4,34.87955629318178,1.2031310452561683
4,36.10738139203204,1.1735152030095917
4,37.37842821253185,1.1231692528674126
4,38.694218239479255,1.0498417371378228
4,40.05632651675998,1.1818248228197668
4,41.46638353272696,1.0853508943097185
4,42.92607717194867,0.9464996270940745
4,44.43715473566187,1.1242740099518869
4,46.00142503334922,1.1604476863493445
4,47.62076054794297,1.0168230622651921
4,49.29709967724927,1.1298422767518839
4,51.03244905427336,1.0914088557470312
4,52.82888594922545,1.0158367308843825
4,54.68856075608176,1.108454003895253
4,56.61369956667599,1.0042601452744826
4,58.60660683540523,1.0100950262487767
4,60.66966813773669,0.9992232154337276
4,62.80535302582084,0.9657336199126694
4,65.01621798462561,0.9169240977889602
4,67.30490949213319,0.9644563696644232
4,69.67416718726162,1.0229026329035327
4,72.12682714930152,0.8796157959940812
4,74.66582529279734,1.0906013340770095
4,77.29420088193234,1.0542780066717954
4,80.01510016862889,1.0550838840360837
4,82.83178015871422,1.0788108569618062
4,85.74761251066391,1.0028201204783969
4,88.76608757158836,1.0142101485462611
4,91.89081855529167,1.0017503804873507
4,95.1255458674088,0.9202814795854537
4,98.47414158279238,0.9157595051110613
4,101.9406140805149,1.0874103919653277
4,105.52911284202979,1.1226285463828718
4,109.24393341823551,0.9919210349908825
4,113.08952257139363,0.9854412892079211
4,117.07048359804811,1.0678411783033088
4,121.19158183932106,1.0920320778923962
4,125.45775038518534,1.0061654000887386
4,129.87409597953348,1.0470587408377223
4,134.44590513311894,0.9104661817567457
4,139.1786504516809,1.10099371673297
4,144.07799718683634,0.9510772515833037
4,149.14981001757081,1.0678343913239725
4,154.40016007045,0.9425649273269556
4,159.8353321869612,1.0228941334991728
4,165.46183244667267,0.9391514685075952
4,171.28639595522583,0.9222642936265564
4,177.31599490647534,0.9159101370645039
4,183.55784692843812,0.8306082745307278
4,190.01942372302938,0.8684291519333179
4,196.7084600099328,0.9111051349018822
4,203.63296278531863,0.9729086379860774
4,210.8012209064781,1.0029271871870333
4,218.2218150138596,1.1310764006365395
4,225.90362780237365,0.9730902837707318
4,233.85585465427556,1.055005454475363
4,242.0880146463378,1.0802244849169484
4,250.60996194449447,0.8460765916280832
4,259.43189759960745,0.9742207691007155
4,268.5643817584554,1.0846404636811406
4,278.0183463045787,0.9805595931009762
4,287.80510794409855,0.986898417346641
4,297.93638175219246,1.040233365647924
4,308.42429519642127,1.0753643814665033
4,319.2814026537019,1.0664264373408394
4,330.52070043831674,0.9335382348201217
4,342.1556423589236,0.7946594395999076
4,354.20015582320946,0.9452216569769536
4,366.668658509449,0.9755480862403073
4,379.57607562494815,1.0931898013566053
4,392.9378577720027,0.9545381136950023
4,406.76999944277276,1.082011062661398
4,421.0890581652239,0.9932574289404386
4,435.9121743230265,1.034252866602108
4,451.2570916731608,1.0178960755813895
4,467.1421785857702,0.9952559754520099
4,483.58645003171415,0.9694515100128571
4,500.60959034410786,1.0437661498706672
4,518.2319767811096,0.9630319363696124
4,536.4747039181797,0.9582980054911179
4,555.3596088989727,0.9567738614341251
4,574.9092975751201,0.8667332848835945
4,595.1471715661677,1.0171491440566616
4,616.0974562720967,0.9218800468346638
4,637.7852298719173,0.8812580749353132
4,660.2364533430642,0.8963834383072857
4,683.4780015375551,1.0863715277777792
4,707.537695352061,1.0251433301032804
4,732.4443350304389,0.8721586321061491
4,758.2277346385584,1.0683644218345205
4,784.918757752735,1.102349806201516
4,812.5493544044367,1.2050629844957355
4,841.1525993255111,0.9597212128551771
4,870.7627315397452,0.9329174741602252
4,901.415195348089,0.9720506298448957
4,933.1466827566547,1.0720082364339167
4,965.9951773982388,1.048535408591565
4,1000.0,1.062071019056904
5,1e-06,3081.9842445407503
5,1.0352018554516495e-06,3081.983697167782
5,1.0716428815305355e-06,3081.983095065815
5,1.1093666993419628e-06,3081.982513000763
5,1.1484184655350697e-06,3081.981909540645
5,1.1888449263568402e-06,3081.9812377477892
5,1.230694473608878e-06,3081.9806008407213
5,1.2740172025740018e-06,3081.979935614431
5,1.3188649719819266e-06,3081.979218495385
5,1.3652914660858754e-06,3081.9784893833657
5,1.413352258924401e-06,3081.9777141313784
5,1.463104880845317e-06,3081.976935346819
5,1.5146088873714367e-06,3081.9761227936024
5,1.5679259304904665e-06,3081.9752765192106
5,1.623119832454485e-06,3081.974406592104
5,1.6802566621772532e-06,3081.9735103878993
5,1.7394048143208846e-06,3081.9725655170705
5,1.8006350911665115e-06,3081.9715989627034
5,1.864020787366919e-06,3081.970636014208
5,1.929637777682679e-06,3081.969536958554
5,1.997564607806703e-06,3081.9685206979334
5,2.0678825883860455e-06,3081.9674061143664
5,2.1406758923533892e-06,3081.966261935248
5,2.216031655684844e-06,3081.96499130588
5,2.2940400817045417e-06,3081.9638018144337
5,2.3747945490609903e-06,3081.962558787884
5,2.4583917235044003e-06,3081.9612735645337
5,2.5449316735987286e-06,3081.9598992405618
5,2.634517990507075e-06,3081.9584727724714
5,2.72725791199367e-06,3081.9569756252718
5,2.8232624507910387e-06,3081.9555246693785
5,2.9226465274858544e-06,3081.9539118987614
5,3.0255291080826706e-06,3081.9522373875866
5,3.132033346410155e-06,3081.950600998196
5,3.2422867315402246e-06,3081.9488885770793
5,3.3564212403967046e-06,3081.947083455665
5,3.4745734957359885e-06,3081.9452883624776
5,3.596884929689019e-06,3081.9433104510017
5,3.7235019530601484e-06,3081.9412435733598
5,3.854576130585699e-06,3081.93927476075
5,3.990264362361955e-06,3081.937038455662
5,4.1307290716596805e-06,3081.93497295781
5,4.276138399350171e-06,3081.9326192455296
5,4.4266664051753345e-06,3081.930256277832
5,4.582493276102989e-06,3081.9277351944934
5,4.7438055420165224e-06,3081.925162326751
5,4.910796298997311e-06,3081.922638439381
5,5.083665440467111e-06,3081.919856995261
5,5.262619896466969e-06,3081.9170343042206
5,5.447873881359374e-06,3081.9140569531874
5,5.639649150249792e-06,3081.9110944876456
5,5.838175264434903e-06,3081.908034423251
5,6.043689866194936e-06,3081.9046429296777
5,6.2564389632593165e-06,3081.9012653400896
5,6.476677223286038e-06,3081.8979333720063
5,6.704668278707131e-06,3081.8943640944244
5,6.9406850423054384e-06,3081.890627278666
5,7.185010033900086e-06,3081.886674760799
5,7.437935718532088e-06,3081.8827283753967
5,7.699764856554514e-06,3081.8787818474884
5,7.970810866046622e-06,3081.874157687322
5,8.251398197985632e-06,3081.8699347299953
5,8.541862724625105e-06,3081.8654955321813
5,8.842552141545192e-06,3081.8606169140376
5,9.153826383855521e-06,3081.8556876451466
5,9.476058057049498e-06,3081.850666979118
5,9.809632883025192e-06,3081.8452224557504
5,1.0154950161807173e-05,3081.840080574432
5,1.0512423249521814e-05,3081.8343874314164
5,1.0882480053198018e-05,3081.8285758169977
5,1.1265563542986154e-05,3081.82209805297
5,1.16621322824077e-05,3081.816129008151
5,1.2072660977271032e-05,3081.809971695649
5,1.2497641043909696e-05,3081.8029989223037
5,1.293758119742398e-05,3081.796121649269
5,1.3393008060629679e-05,3081.7889762669647
5,1.3864466794442712e-05,3081.7814340549826
5,1.4352521750454878e-05,3081.773730208493
5,1.4857757146481017e-05,3081.7657276811838
5,1.5380777765887154e-05,3081.7573765403354
5,1.5922209681535858e-05,3081.748705879207
5,1.6482701005216103e-05,3081.739913946422
5,1.7062922663454445e-05,3081.730961064553
5,1.766356920063604e-05,3081.7214473889912
5,1.828535961039704e-05,3081.7118575854593
5,1.8929038196283628e-05,3081.701561623156
5,1.9595375462707957e-05,3081.6912766010155
5,2.0285169037267002e-05,3081.6799438761273
5,2.0999244625529106e-05,3081.6692562305516
5,2.1738456999430764e-05,3081.6570794270237
5,2.2503691020466625e-05,3081.6455264772394
5,2.3295862698897674e-05,3081.632532576404
5,2.4115920290245694e-05,3081.6201003870624
5,2.4964845430386424e-05,3081.6066804464936
5,2.5843654310599662e-05,3081.5922099199074
5,2.6753398893983734e-05,3081.5783879732503
5,2.7695168174690013e-05,3081.563763405373
5,2.8670089481484574e-05,3081.548194990477
5,2.967932982719765e-05,3081.5323303085506
5,3.072409730567643e-05,3081.515729128752
5,3.180564253791326e-05,3081.4992065495494
5,3.292526016907972e-05,3081.4813663013906
5,3.408429041825955e-05,3081.462369925511
5,3.528412068273509e-05,3081.4436809936847
5,3.652618719874729e-05,3081.4241942659824
5,3.781197676071748e-05,3081.4042991418764
5,3.914302850098931e-05,3081.3832313868757
5,4.052093573222093e-05,3081.3609642395118
5,4.194734785463215e-05,3081.3392029351103
5,4.342397233039088e-05,3081.3156026954366
5,4.495257672750164e-05,3081.2921894144415
5,4.653499083564233e-05,3081.2666695284624
5,4.817310885648245e-05,3081.241009935969
5,4.9868891671104816e-05,3081.213103389362
5,5.162436918724502e-05,3081.1868291838446
5,5.3441642769156896e-05,3081.1575717845726
5,5.5322887753015444e-05,3081.1267688870485
5,5.727035605086481e-05,3081.0971827344465
5,5.928637884623185e-05,3081.0653085969557
5,6.137336938462863e-05,3081.032842475891
5,6.35338258622869e-05,3080.998696258657
5,6.577033441658138e-05,3080.9635482767126
5,6.808557222172039e-05,3080.92670202776
5,7.048231069341223e-05,3080.8881468162044
5,7.296341880633984e-05,3080.851062156055
5,7.553186652841878e-05,3080.810304045336
5,7.819072837594546e-05,3080.768013484738
5,8.094318709389451e-05,3080.7237197768995
5,8.37925374657696e-05,3080.6783742755997
5,8.674219025756638e-05,3080.634133874435
5,8.97956763005727e-05,3080.586372863137
5,9.295665071788838e-05,3080.5360128193015
5,9.622889729972897e-05,3080.4824815296283
5,9.961633303274564e-05,3080.4310852959297
5,0.00010312301278878753,3080.3746336396493
5,0.00010675313417871692,3080.3179063098855
5,0.00011051104257708666,3080.2572431036424
5,0.00011440123632369623,3080.200012849062
5,0.00011842837210825286,3080.1371204052034
5,0.00012259727054458162,3080.067364244893
5,0.00012691292194105862,3080.0014238886183
5,0.0001313804922741741,3079.930272450746
5,0.000136005329372376,3079.8579149846314
5,0.00014079296931759634,3079.7825272545756
5,0.00014574914307212276,3079.7054176205193
5,0.00015087978333874923,3079.619752014909
5,0.00015619103166241593,3079.539105007473
5,0.00016168924578184013,3079.451743110225
5,0.00016738100723993852,3079.3606650473675
5,0.00017327312926215016,3079.268143124611
5,0.00017937266491209136,3079.1742731013337
5,0.00018568691553430376,3079.0743926140544
5,0.00019222343949420477,3078.967269702521
5,0.00019899006122569847,3078.8674836486725
5,0.0002059948805972802,3078.7555614874104
5,0.00021324628260784522,3078.643219252514
5,0.00022075294742380795,3078.522139820159
5,0.0002285238607695462,3078.400811738097
5,0.00023656832468360863,3078.2764098988196
5,0.00024489596865355967,3078.135249585006
5,0.00025351676114279367,3078.0056572909525
5,0.00026244102152311237,3077.868429085313
5,0.00027167943242735194,3077.7249461947663
5,0.0002812430525368455,3077.5684017065473
5,0.0002911433298190279,3077.4142348210517
5,0.00030139211523102924,3077.253146895902
5,0.0003120016769056585,3077.0836593833887
5,0.0003229847148367634,3076.918661179288
5,0.00033435437608153904,3076.7414368599484
5,0.00034612427049798746,3076.5549632419456
5,0.0003583084870363649,3076.3615145556582
5,0.00037092161060411785,3076.156374326126
5,0.000383978739524497,3075.951992757604
5,0.00039749550360974455,3075.7420148325723
5,0.00041148808287049497,3075.5250115951467
5,0.0004259732268837781,3075.2964962881697
5,0.0004409682748428131,3075.0632076534516
5,0.00045649117631259257,3074.8250243716548
5,0.0004725605127161014,3074.5630175844212
5,0.0004891955195768905,3074.3057942680102
5,0.0005064161095446307,3074.032047520412
5,0.000524242896231207,3073.7536367735242
5,0.0005426972188858915,3073.4645578357868
5,0.0005618011679391243,3073.1591606090933
5,0.0005815776114454846,3072.853601318339
5,0.0006020502224575035,3072.52569245052
5,0.0006232435073630854,3072.2053110975935
5,0.0006451828352204597,3071.8437168618752
5,0.0006678944681257751,3071.5003416017257
5,0.0006914055926496942,3071.1288966675856
5,0.0007157443523806101,3070.747646615717
5,0.000740939881613446,3070.351556674892
5,0.000767022340224364,3069.950550433137
5,0.0007940229497731272,3069.528070965937
5,0.0008219740308763332,3069.081202304176
5,0.0008509090418962507,3068.64467986623
5,0.0008808626189915832,3068.1452224050568
5,0.0009118706175780854,3067.666890156366
5,0.0009439701552486745,3067.1519607059736
5,0.0009771996562044085,3066.6505974634824
5,0.0010115988972495167,3066.111293293959
5,0.0010472090554055412,3065.550703524445
5,0.0010840727572015854,3064.969907814451
5,0.0011222341296996655,3064.393681493982
5,0.0011617388533162597,3063.7673487637417
5,0.0012026342165032625,3063.1159978264304
5,0.0012449691723538168,3062.471733620138
5,0.0012887943972007742,3061.7786737614124
5,0.0013341623512779302,3061.096574220359
5,0.0013811273415166487,3060.3306549244685
5,0.0014297455865530373,3059.588135319398
5,0.0014800752840235098,3058.772330711369
5,0.0015321766802292628,3057.968570122172
5,0.0015861121422530797,3057.111787736998
5,0.0016419462326147773,3056.2478658066916
5,0.0016997457865546614,3055.360253944267
5,0.0017595799920375088,3054.4352885328403
5,0.0018215204725728258,3053.459940395869
5,0.0018856413729505528,3052.4596303812227
5,0.0019520194479948061,3051.457773535111
5,0.002020734154441926,3050.3571708844165
5,0.0020918677460527997,3049.2557995062984
5,0.002165505372073316,3048.1170492086294
5,0.002241735179160809,3046.923679724153
5,0.002320648416898505,3045.709841752061
5,0.0024023395470242634,3044.4261634483846
5,0.00248690635650439,3043.202394672858
5,0.002574450074587843,3041.8104328005184
5,0.00266507549398097,3040.3767945516324
5,0.0027588910962878187,3038.9939143815914
5,0.0028560091818661823,3037.4450494819603
5,0.0029565460042548196,3035.888601743714
5,0.0030606219093327466,3034.296980573486
5,0.003168361479377226,3032.6719162990144
5,0.003279893682192834,3030.893485803499
5,0.003395352025490161,3029.1463696681344
5,0.0035148747166989275,3027.263982390231
5,0.0036386048284068172,3025.3979779837764
5,0.003766690469622068,3023.452929736827
5,0.0038992849630648057,3021.427248445983
5,0.004036547028699399,3019.2151475325336
5,0.004178640973727456,3017.1601354866043
5,0.004325736889268946,3014.8659423055037
5,0.004478010853966855,3012.435948103132
5,0.004635645144759108,3010.155488845187
5,0.004798828455070054,3007.569926654975
5,0.004967756120682693,3005.071767282358
5,0.005142630353562007,3002.4030455729726
5,0.005323660483909357,2999.710923249246
5,0.005511063210737586,2996.690863943699
5,0.005705062861266869,2993.8421067826366
5,0.005905891659451753,2990.786636481824
5,0.00611379000396087,2987.638178831157
5,0.00632900675594204,2984.385418232002
5,0.006551799536917218,2981.158578885449
5,0.006782435037163955,2977.603506801937
5,0.007021189334952396,2974.0034411561096
5,0.007268348227020046,2970.2942454075446
5,0.007524207570679851,2966.3719173675518
5,0.007789073637971122,2962.6253248123126
5,0.008063263482277235,2958.5266166731294
5,0.008347105317848914,2954.2448722206705
5,0.008640938912687518,2949.855786082028
5,0.008945115995258468,2945.3826812616585
5,0.009260000675521785,2940.674666580968
5,0.00958596988078367,2936.033216337556
5,0.009923413806890873,2930.8894183566135
5,0.010272736385307948,2925.774622139611
5,0.010634355766636436,2920.567582884634
5,0.011008704821154987,2915.122728929396
5,0.01139623165697914,2909.489886718227
5,0.01179740015646163,2903.761180576442
5,0.01221269053147466,2897.661988577202
5,0.012642599898239334,2891.5076512854052
5,0.013087642872390193,2884.977917553996
5,0.013548352184986855,2878.5985937397572
5,0.014025279320210802,2871.597310041228
5,0.014518995175509843,2864.6511463466213
5,0.015030090744981336,2857.336575752488
5,0.015559177826811346,2849.7538516088143
5,0.016106889755617235,2842.1627977401176
5,0.016673882160570128,2834.0160779825437
5,0.01726083375020432,2826.0692024816212
5,0.017868447124853963,2817.387403379172
5,0.018497449617688476,2808.728802187138
5,0.019148594165354516,2799.8542967481185
5,0.019822660209265625,2790.4411932088046
5,0.020520454628619317,2781.3407061157773
5,0.021242812706258104,2771.3885808857076
5,0.02199059912853022,2761.0950263622185
5,0.022764709020347912,2750.666432155009
5,0.023566069016681013,2739.9358388664373
5,0.024395638371769814,2729.083410891456
5,0.02525441010738357,2717.3464593781
5,0.026143412201500307,2706.45196574954
5,0.027063708818830412,2693.5571699712605
5,0.028016401584656354,2681.339746089836
5,0.02900263090351479,2669.445789690855
5,0.0300235773242978,2655.3981381706667
5,0.031080462953409153,2642.498681269888
5,0.03217455291766541,2628.8617293081707
5,0.03330715687869445,2614.3360336878422
5,0.03447963060064366,2599.6328627341263
5,0.03569337757307372,2584.881728127635
5,0.03694985069098221,2569.228413893906
5,0.03825055399396612,2553.8126005811564
5,0.03959704446660722,2537.72681314376
5,0.040990933902233184,2521.482175615218
5,0.04243389083228772,2504.201934684568
5,0.043927642523616986,2486.2449810307394
5,0.045473977046064984,2469.002544687912
5,0.04707474541285219,2451.627949763288
5,0.04873186379629852,2431.9796929052136
5,0.05044731582154529,2412.697067422452
5,0.05222315494101893,2394.0008880459923
5,0.05406150689248178,2373.9046824389197
5,0.05596457224360927,2353.6239872578244
5,0.05793462902614208,2332.67493520267
5,0.05997403546276527,2311.5656690545143
5,0.06208523278997751,2290.130821058206
5,0.06427074818033231,2267.1740234847025
5,0.0665331977675456,2244.564223761546
5,0.06887528977809475,2221.8066351801044
5,0.07129982777305371,2198.138802254206
5,0.0738097140040481,2173.666314356664
5,0.07640795288734618,2150.0367092962747
5,0.07909765460024283,2125.661936585161
5,0.08188203880404508,2099.84857470021
5,0.08476443849811126,2075.811654464232
5,0.087748304009562,2048.7073590320706
5,0.090837207123434,2023.2648418420872
5,0.09403484535822448,1996.4625259222287
5,0.09734504639194291,1968.8248217733808
5,0.10077177264396599,1942.5793852341974
5,0.10431912601818537,1914.1650389821
5,0.10799135281311972,1886.7016423180387
5,0.11179284880487525,1858.7737757546452
5,0.11572816450903257,1828.4539668840941
5,0.11980201062776401,1801.3784181163574
5,0.12401926368869953,1772.8665980746835
5,0.12838497188228887,1741.6981908580872
5,0.13290436110465328,1713.4384352090974
5,0.13758284121315284,1685.5662285651936
5,0.1424260125021655,1653.921510774004
5,0.14743967240682154,1625.588536597448
5,0.15262982244272472,1594.4222864706069
5,0.15800267538996446,1565.7056698418369
5,0.16356466273001555,1536.8481653276615
5,0.16932244234443536,1505.7856917715076
5,0.17528290648456404,1476.7570582474052
5,0.18145319002177868,1445.5341900849728
5,0.18784067898816564,1416.5766413065523
5,0.19445301941784673,1386.6651445865805
5,0.20129812649953058,1358.6233396833654
5,0.20838419405125447,1328.3304147325568
5,0.21571970432865523,1300.510971807379
5,0.22331343817850466,1269.9202046530543
5,0.23117448554967523,1245.0262256021738
5,0.23931225637410386,1215.3442605176756
5,0.24773649183079313,1187.1731153853937
5,0.25645727600631946,1160.360024461586
5,0.2654850479658172,1133.7624803486283
5,0.2748306142488841,1107.3099833220722
5,0.2845051618053608,1081.2838121983432
5,0.29452027138648124,1056.3611369807556
5,0.3048879314074081,1030.253697987975
5,0.3156205522977641,1003.7473057167147
5,0.32673098135731976,983.3699452034795
5,0.33823251813463506,955.7596889072067
5,0.3501389303470579,935.4081010963317
5,0.36246447036112944,911.2514291390411
5,0.3752238922531406,888.9693504870235
5,0.3884324694702402,868.4319668222757
5,0.40210601311325883,848.2616405404724
5,0.41626089086311086,826.8568916120374
5,0.43091404657344806,805.9722828142164
5,0.44608302055301197,785.7446603784513
5,0.4617859705619533,767.7446859878446
5,0.4780416935472749,747.6698581862892
5,0.49486964814338674,730.5995881417513
5,0.5122899779647389,712.0196142733473
5,0.5303235357183823,695.7551912773924
5,0.5489919081653474,677.5437903184809
5,0.5683174419607092,661.8505121368859
5,0.58832327040326,644.9636393971857
5,0.6090333411268374,629.8646219934338
5,0.6304724447664182,613.9623564588459
5,0.6526662446333337,599.9280972884956
5,0.6756413074350872,583.4878760588599
5,0.6994251350765791,569.7504727555653
5,0.7240461975807954,556.3270084172934
5,0.7495339671683494,540.4370859139274
5,0.775918953536711,527.5095019722704
5,0.8032327403813039,514.4855634070814
5,0.8315080232022388,501.2105018527844
5,0.8607786484418908,487.6265934548699
5,0.8910796540002067,477.0032532247896
5,0.9224473111762278,462.091159035365
5,0.9549191680860142,451.04375849605344
5,0.9885340946089874,437.5573569473534
5,1.0233323289164382,425.313577677694
5,1.0593555256379543,411.3499016754125
5,1.0966468057233656,401.6144789199055
5,1.1352508080599526,389.03902842356945
5,1.1752137429066474,376.9095127898199
5,1.2165834472092367,366.41214856948324
5,1.2594094418627657,354.7621523078222
5,1.3037429909896587,343.24143217852617
5,1.3496371633045778,331.18601482315864
5,1.397146895639397,319.79691108644533
5,1.446329058704416,308.43094410764644
5,1.497242525164449,299.6885562670825
5,1.5499482401113476,288.3626319372146
5,1.6045092940172856,276.9033483994202
5,1.6609909982561069,266.46930637273084
5,1.7194609632832094,256.7587482839321
5,1.7799891795674554,246.0287716149436
5,1.842648101372089,238.59516965557154
5,1.9075127334848458,227.64724803746185
5,1.974660721001156,217.7231184261263
5,2.0441724422678886,209.98530829329664
5,2.116131105098844,199.7129105650947
5,2.190622846377273,191.57589477491663
5,2.2677368351645217,182.2468664734299
5,2.3475653794383646,174.52310215718825
5,2.4302040365886506,164.76693637096542
5,2.515751727802654,159.05657129814895
5,2.604310856477001,150.66962680043136
5,2.69598743079786,142.95368538037576
5,2.79089119063627,136.3795222366201
5,2.8891357389103245,129.6355683489767
5,2.9908386775716402,122.57819193318379
5,3.0961217483787196,116.0148884164819
5,3.205110978625849,110.74875831033447
5,3.317936832001931,103.86752524965253
5,3.43473436475976,98.15622331269236
5,3.555643387382846,93.24952193504153
5,3.6808086319431026,88.01460124588075
5,3.8103799253499475,82.59201858990266
5,3.9445123686979837,78.13722249669449
5,4.0833665229281255,73.33497431582441
5,4.227108601024345,69.90868049516305
5,4.37591066697602,65.39398782527883
5,4.529950841744241,61.8736242038364
5,4.68941351647839,57.98192934052893
5,4.854489573238474,54.194580154253174
5,5.025376613487144,51.4054122008691
5,5.202279194625218,48.262874212099014
5,5.385409074853539,44.63035564839701
5,5.574985466654523,42.67749224596312
5,5.771235299196743,40.394888916101245
5,5.974393489976511,37.085580887583944
5,6.18470322602194,35.24941645301107
5,6.4024162549957016,32.87980999202266
5,6.627793186545351,31.352891618113325
5,6.861103804261548,29.29867361341126
5,7.102627388617911,27.344814699177817
5,7.352653051278966,25.39856136053356
5,7.611480081176202,23.640886317615557
5,7.879418302766876,22.618591649013652
5,8.15678844690394,21.218930149488695
5,8.443922534761537,19.87383576221573
5,8.741164275275139,18.63212646140822
5,9.048869476572479,17.453203990176437
5,9.367406471887627,16.235424219460608
5,9.69715656046784,15.15087967379999
5,10.038514464001445,14.308626561426477
5,10.391888799112495,13.653449238553199
5,10.757702566488469,12.465867023618925
5,11.136393657225835,11.70215788659989
5,11.52841537700014,10.803461485289704
5,11.934236988687873,10.177715049199424
5,12.354344274089367,9.11797712139111
5,12.789240115425775,8.634143494131532
5,13.239445097305403,8.111810976559504
5,13.705498129880796,7.640176794814255
5,14.187957093941714,6.776658345978468
5,14.687399508716824,6.485928008852131
5,15.204423223183301,5.917828288121949
5,15.739647131711472,5.56939907825579
5,16.293711914901948,5.215283386434757
5,16.86728080650111,4.956818600684401
5,17.461040387313947,4.65831340825371
5,18.075701407063583,4.238399134598076
5,18.711999635182178,3.8009228696847828
5,19.37069674155118,3.573296136871897
5,20.05258120824496,3.466254448918684
5,20.75846927337006,3.1631248820348965
5,21.489205908128696,2.731222676798669
5,22.245665828277374,2.6345200725552673
5,23.028754541190047,2.5325016120727653
5,23.839409429780538,2.3362443425121793
5,24.67860087458036,2.200093006570651
5,25.54733341531624,1.9576106877179722
5,26.446646953377297,1.8113008433035727
5,27.377617996610834,1.8175531182612636
5,28.341360947938007,1.6982567468457654
5,29.339029439330282,1.7445134516330996
5,30.371817712745276,1.5270779844089568
5,31.440962049673185,1.5994768343749939
5,32.54774225100651,1.3750256306058106
5,33.69348316900399,1.263411961726647
5,34.87955629318178,1.3360775868183528
5,36.10738139203204,1.1777061161737967
5,37.37842821253185,1.2107000937956651
5,38.694218239479255,1.053474964425892
5,40.05632651675998,1.1247181279494938
5,41.46638353272696,1.1344873963131827
5,42.92607717194867,0.9996052281360961
5,44.43715473566187,1.070412478279473
5,46.00142503334922,1.1205079232415998
5,47.62076054794297,1.0474988348597198
5,49.29709967724927,1.162910355427113
5,51.03244905427336,0.9304156329561234
5,52.82888594922545,1.0190472076042554
5,54.68856075608176,1.1158598556989339
5,56.61369956667599,0.9821139453053316
5,58.60660683540523,1.0212501506760363
5,60.66966813773669,1.0994056898936408
5,62.80535302582084,0.9814083762780753
5,65.01621798462561,1.0077960215555366
5,67.30490949213319,1.1024629480960966
5,69.67416718726162,1.0152185033300327
5,72.12682714930152,1.1228117406285514
5,74.66582529279734,0.9265719987461787
5,77.29420088193234,1.0371518375080133
5,80.01510016862889,1.0052360283811075
5,82.83178015871422,0.9983270850554998
5,85.74761251066391,0.9524964481013802
5,88.76608757158836,1.1488377330036161
5,91.89081855529167,0.956777425196038
5,95.1255458674088,0.9850432587361669
5,98.47414158279238,0.9678890564586792
5,101.9406140805149,0.9541869875517608
5,105.52911284202979,1.0996299898382202
5,109.24393341823551,1.0345898379050955
5,113.08952257139363,0.9430650156452248
5,117.07048359804811,0.8697752846075286
5,121.19158183932106,1.0616750674839919
5,125.45775038518534,1.056747847033035
5,129.87409597953348,0.9544445192120705
5,134.44590513311894,1.0340252722163703
5,139.1786504516809,1.0795330663461091
5,144.07799718683634,1.0532504934215634
5,149.14981001757081,0.927948301241114
5,154.40016007045,0.7954180323317235
5,159.8353321869612,1.0232213227440141
5,165.46183244667267,1.0653555585640417
5,171.28639595522583,0.7858236384045175
5,177.31599490647534,1.0310477213955818
5,183.55784692843812,0.8443231444393106
5,190.01942372302938,0.9702355882572768
5,196.7084600099328,1.055696483841925
5,203.63296278531863,0.9441059413456543
5,210.8012209064781,1.113587995785661
5,218.2218150138596,1.0800160343354503
5,225.90362780237365,1.0422311070301318
5,233.85585465427556,0.9012968482290608
5,242.0880146463378,1.0901352630967183
5,250.60996194449447,1.061029770591646
5,259.43189759960745,0.9463061733508055
5,268.5643817584554,1.0024639035104665
5,278.0183463045787,0.8697477288526508
5,287.80510794409855,0.8926427644803657
5,297.93638175219246,0.9464430564753438
5,308.42429519642127,0.8727287475739796
5,319.2814026537019,1.0254400551620928
5,330.52070043831674,0.7870700843620753
5,342.1556423589236,0.8970027579498209
5,354.20015582320946,1.1147337362104461
5,366.668658509449,1.0459016060998487
5,379.57607562494815,0.9744027822841619
5,392.9378577720027,1.0738207738481225
5,406.76999944277276,0.9436242699545285
5,421.0890581652239,0.9120447355611896
5,435.9121743230265,0.8922016953277772
5,451.2570916731608,1.2306842147953654
5,467.1421785857702,0.9992192569759966
5,483.58645003171415,0.9153907770928018
5,500.60959034410786,0.8694688919531054
5,518.2319767811096,1.0344692975339895
5,536.4747039181797,0.974864130434691
5,555.3596088989727,1.067843526930657
5,574.9092975751201,1.0382006408176283
5,595.1471715661677,1.0317924643086256
5,616.0974562720967,1.10997830142774
5,637.7852298719173,0.8719936323815333
5,660.2364533430642,1.1111696950032754
5,683.4780015375551,0.9753001297857544
5,707.537695352061,1.0116655175207925
5,732.4443350304389,1.110191231343443
5,758.2277346385584,1.1404222096043313
5,784.918757752735,1.0813949951333472
5,812.5493544044367,1.0759450032445512
5,841.1525993255111,0.9662151200516699
5,870.7627315397452,1.1214613075925666
5,901.415195348089,1.221852693056084
5,933.1466827566547,0.919973840038606
5,965.9951773982388,0.94951533095405
5,1000.0,0.8944273199219805
6,1e-06,3097.9841955252878
6,1.0352018554516495e-06,3097.9836292167497
6,1.0716428815305355e-06,3097.9830997039185
6,1.1093666993419628e-06,3097.982478506501
6,1.1484184655350697e-06,3097.9818779592374
6,1.1888449263568402e-06,3097.9812232587738
6,1.230694473608878e-06,3097.9805899952316
6,1.2740172025740018e-06,3097.979861104642
6,1.3188649719819266e-06,3097.9791888210048
6,1.3652914660858754e-06,3097.9784090449266
6,1.413352258924401e-06,3097.9776665192267
6,1.463104880845317e-06,3097.9768783088393
6,1.5146088873714367e-06,3097.976072314743
6,1.5679259304904665e-06,3097.9752348957654
6,1.623119832454485e-06,3097.974373521315
6,1.6802566621772532e-06,3097.973468617976
6,1.7394048143208846e-06,3097.9725440733037
6,1.8006350911665115e-06,3097.971572206438
6,1.864020787366919e-06,3097.970559007314
6,1.929637777682679e-06,3097.9695130490272
6,1.997564607806703e-06,3097.9684226306795
6,2.0678825883860455e-06,3097.967321202338
6,2.1406758923533892e-06,3097.9661813594266
6,2.216031655684844e-06,3097.9649853154174
6,2.2940400817045417e-06,3097.963739517194
6,2.3747945490609903e-06,3097.962502349733
6,2.4583917235044003e-06,3097.9611402748856
6,2.5449316735987286e-06,3097.959767819941
6,2.634517990507075e-06,3097.9583560726865
6,2.72725791199367e-06,3097.956943366741
6,2.8232624507910387e-06,3097.955445662599
6,2.9226465274858544e-06,3097.9538774207354
6,3.0255291080826706e-06,3097.952238473997
6,3.132033346410155e-06,3097.950541832476
6,3.2422867315402246e-06,3097.9488273282973
6,3.3564212403967046e-06,3097.946909920235
6,3.4745734957359885e-06,3097.945091291662
6,3.596884929689019e-06,3097.943147300591
6,3.7235019530601484e-06,3097.9412386269514
6,3.854576130585699e-06,3097.9391256988874
6,3.990264362361955e-06,3097.9369339613418
6,4.1307290716596805e-06,3097.9347497089425
6,4.276138399350171e-06,3097.932443525047
6,4.4266664051753345e-06,3097.9300793523726
6,4.582493276102989e-06,3097.9275738789643
6,4.7438055420165224e-06,3097.9251036965165
6,4.910796298997311e-06,3097.922378785795
6,5.083665440467111e-06,3097.9197845530643
6,5.262619896466969e-06,3097.91689961542
6,5.447873881359374e-06,3097.9139606805097
6,5.639649150249792e-06,3097.9108162117914
6,5.838175264434903e-06,3097.907738688552
6,6.043689866194936e-06,3097.904582681205
6,6.2564389632593165e-06,3097.900988498472
6,6.476677223286038e-06,3097.897754963409
6,6.704668278707131e-06,3097.8940223735344
6,6.9406850423054384e-06,3097.8903427194355
6,7.185010033900086e-06,3097.886645569684
6,7.437935718532088e-06,3097.8823612544898
6,7.699764856554514e-06,3097.8783279375675
6,7.970810866046622e-06,3097.8741031370373
6,8.251398197985632e-06,3097.869523719041
6,8.541862724625105e-06,3097.8650828655936
6,8.842552141545192e-06,3097.860236969454
6,9.153826383855521e-06,3097.8552090885387
6,9.476058057049498e-06,3097.850360050507
6,9.809632883025192e-06,3097.8450858875876
6,1.0154950161807173e-05,3097.839607910018
6,1.0512423249521814e-05,3097.833717293977
6,1.0882480053198018e-05,3097.8283261997167
6,1.1265563542986154e-05,3097.822065654877
6,1.16621322824077e-05,3097.8158775513753
6,1.2072660977271032e-05,3097.809272452475
6,1.2497641043909696e-05,3097.8025560579185
6,1.293758119742398e-05,3097.7957660745747
6,1.3393008060629679e-05,3097.788366708803
6,1.3864466794442712e-05,3097.7811595933663
6,1.4352521750454878e-05,3097.7732005350226
6,1.4857757146481017e-05,3097.765288692712
6,1.5380777765887154e-05,3097.756898313921
6,1.5922209681535858e-05,3097.7487488929087
6,1.6482701005216103e-05,3097.7398186503015
6,1.7062922663454445e-05,3097.730500117217
6,1.766356920063604e-05,3097.7208013244312
6,1.828535961039704e-05,3097.7108462412048
6,1.8929038196283628e-05,3097.701062992203
6,1.9595375462707957e-05,3097.6904117057484
6,2.0285169037267002e-05,3097.6795679779225
6,2.0999244625529106e-05,3097.6683310117924
6,2.1738456999430764e-05,3097.656587944055
6,2.2503691020466625e-05,3097.6446239458
6,2.3295862698897674e-05,3097.6321922456964
6,2.4115920290245694e-05,3097.6193129071585
6,2.4964845430386424e-05,3097.605614084307
6,2.5843654310599662e-05,3097.5919276447207
6,2.6753398893983734e-05,3097.5776000556375
6,2.7695168174690013e-05,3097.5624644145396
6,2.8670089481484574e-05,3097.5473259853575
6,2.967932982719765e-05,3097.5316096812976
6,3.072409730567643e-05,3097.5141474921875
6,3.180564253791326e-05,3097.4978162000857
6,3.292526016907972e-05,3097.4798616879048
6,3.408429041825955e-05,3097.4613272817123
6,3.528412068273509e-05,3097.442913062562
6,3.652618719874729e-05,3097.4232669213475
6,3.781197676071748e-05,3097.4028222407437
6,3.914302850098931e-05,3097.381692797605
6,4.052093573222093e-05,3097.360358297788
6,4.194734785463215e-05,3097.337799218517
6,4.342397233039088e-05,3097.314256109703
6,4.495257672750164e-05,3097.2901485897087
6,4.653499083564233e-05,3097.265240972544
6,4.817310885648245e-05,3097.239334636996
6,4.9868891671104816e-05,3097.2122183421807
6,5.162436918724502e-05,3097.185755655602
6,5.3441642769156896e-05,3097.1562149741194
6,5.5322887753015444e-05,3097.125580493142
6,5.727035605086481e-05,3097.095094549067
6,5.928637884623185e-05,3097.064319239618
6,6.137336938462863e-05,3097.0316265042848
6,6.35338258622869e-05,3096.9960869018814
6,6.577033441658138e-05,3096.961158358031
6,6.808557222172039e-05,3096.925448927153
6,7.048231069341223e-05,3096.887186542478
6,7.296341880633984e-05,3096.847339753961
6,7.553186652841878e-05,3096.806632312144
6,7.819072837594546e-05,3096.765324051949
6,8.094318709389451e-05,3096.721151797875
6,8.37925374657696e-05,3096.6775109661808
6,8.674219025756638e-05,3096.6301031107546
6,8.97956763005727e-05,3096.5808297418166
6,9.295665071788838e-05,3096.531180895293
6,9.622889729972897e-05,3096.4814682463657
6,9.961633303274564e-05,3096.426152771617
6,0.00010312301278878753,3096.374309154454
6,0.00010675313417871692,3096.3147228855173
6,0.00011051104257708666,3096.2566554395116
6,0.00011440123632369623,3096.1923980451925
6,0.00011842837210825286,3096.131114493286
6,0.00012259727054458162,3096.0643929186017
6,0.00012691292194105862,3095.996551702304
6,0.0001313804922741741,3095.9261270654392
6,0.000136005329372376,3095.854356733407
6,0.00014079296931759634,3095.776562278941
6,0.00014574914307212276,3095.6994882933423
6,0.00015087978333874923,3095.619550080017
6,0.00015619103166241593,3095.5324524691005
6,0.00016168924578184013,3095.4469384490726
6,0.00016738100723993852,3095.3578799289303
6,0.00017327312926215016,3095.26577141812
6,0.00017937266491209136,3095.1715045559195
6,0.00018568691553430376,3095.0675002547537
6,0.00019222343949420477,3094.9662862773484
6,0.00019899006122569847,3094.861323746169
6,0.0002059948805972802,3094.7513269302767
6,0.00021324628260784522,3094.6364251061336
6,0.00022075294742380795,3094.5155198562225
6,0.0002285238607695462,3094.3928757261738
6,0.00023656832468360863,3094.267426654538
6,0.00024489596865355967,3094.1328884295017
6,0.00025351676114279367,3094.0025578130867
6,0.00026244102152311237,3093.8555964786146
6,0.00027167943242735194,3093.7132582397085
6,0.0002812430525368455,3093.5620863627023
6,0.0002911433298190279,3093.4030867126635
6,0.00030139211523102924,3093.25010325257
6,0.0003120016769056585,3093.081311201286
6,0.0003229847148367634,3092.908274216329
6,0.00033435437608153904,3092.729282183246
6,0.00034612427049798746,3092.535547701587
6,0.0003583084870363649,3092.3515822530157
6,0.00037092161060411785,3092.1516768953597
6,0.000383978739524497,3091.9507825169135
6,0.00039749550360974455,3091.729044059847
6,0.00041148808287049497,3091.51632184779
6,0.0004259732268837781,3091.2820845882475
6,0.0004409682748428131,3091.049202417597
6,0.00045649117631259257,3090.802260218702
6,0.0004725605127161014,3090.5543975929777
6,0.0004891955195768905,3090.284529924463
6,0.0005064161095446307,3090.009522866371
6,0.000524242896231207,3089.73280406069
6,0.0005426972188858915,3089.441481521514
6,0.0005618011679391243,3089.139553718482
6,0.0005815776114454846,3088.8335927511857
6,0.0006020502224575035,3088.5151296320964
6,0.0006232435073630854,3088.174474452032
6,0.0006451828352204597,3087.8243596865386
6,0.0006678944681257751,3087.4881234375594
6,0.0006914055926496942,3087.110913267394
6,0.0007157443523806101,3086.7339664292053
6,0.000740939881613446,3086.3241093183883
6,0.000767022340224364,3085.9330493260823
6,0.0007940229497731272,3085.5020690840156
6,0.0008219740308763332,3085.0531601170437
6,0.0008509090418962507,3084.6048470633546
6,0.0008808626189915832,3084.132155050717
6,0.0009118706175780854,3083.6301790999073
6,0.0009439701552486745,3083.1401547372957
6,0.0009771996562044085,3082.614077155184
6,0.0010115988972495167,3082.0854056173885
6,0.0010472090554055412,3081.5295935594145
6,0.0010840727572015854,3080.9291674754672
6,0.0011222341296996655,3080.34695624966
6,0.0011617388533162597,3079.6904737794907
6,0.0012026342165032625,3079.108419290274
6,0.0012449691723538168,3078.4141882530907
6,0.0012887943972007742,3077.764069667391
6,0.0013341623512779302,3077.052318019241
6,0.0013811273415166487,3076.3050079479162
6,0.0014297455865530373,3075.515047456126
6,0.0014800752840235098,3074.702817770291
6,0.0015321766802292628,3073.9410170308875
6,0.0015861121422530797,3073.0809476368654
6,0.0016419462326147773,3072.2396598649507
6,0.0016997457865546614,3071.3038111146625
6,0.0017595799920375088,3070.377614959023
6,0.0018215204725728258,3069.437696732377
6,0.0018856413729505528,3068.413302862786
6,0.0019520194479948061,3067.3899128552266
6,0.002020734154441926,3066.2789141491726
6,0.0020918677460527997,3065.205483507554
6,0.002165505372073316,3064.04000793958
6,0.002241735179160809,3062.8659441283353
6,0.002320648416898505,3061.654057879618
6,0.0024023395470242634,3060.4193401126986
6,0.00248690635650439,3059.038360241162
6,0.002574450074587843,3057.728996237517
6,0.00266507549398097,3056.291194365097
6,0.0027588910962878187,3054.8886288596477
6,0.0028560091818661823,3053.3444285027035
6,0.0029565460042548196,3051.790379758038
6,0.0030606219093327466,3050.158853982404
6,0.003168361479377226,3048.5125870521842
6,0.003279893682192834,3046.814482273525
6,0.003395352025490161,3044.944416347861
6,0.0035148747166989275,3043.211116614036
6,0.0036386048284068172,3041.2683845673655
6,0.003766690469622068,3039.255269295527
6,0.0038992849630648057,3037.288309389306
6,0.004036547028699399,3035.180113069718
6,0.004178640973727456,3032.924442248018
6,0.004325736889268946,3030.689826404422
6,0.004478010853966855,3028.4828500481185
6,0.004635645144759108,3025.9371180436997
6,0.004798828455070054,3023.5517382472253
6,0.004967756120682693,3020.9261012055867
6,0.005142630353562007,3018.3167978722263
6,0.005323660483909357,3015.5145638208396
6,0.005511063210737586,3012.597185208879
6,0.005705062861266869,3009.736491656259
6,0.005905891659451753,3006.6390847484645
6,0.00611379000396087,3003.4993648684335
6,0.00632900675594204,3000.244064675555
6,0.006551799536917218,2996.965243807136
6,0.006782435037163955,2993.3855225000843
6,0.007021189334952396,2989.8751566082965
6,0.007268348227020046,2986.119990511586
6,0.007524207570679851,2982.143221277308
6,0.007789073637971122,2978.240917561447
6,0.008063263482277235,2974.2621753369026
6,0.008347105317848914,2970.065542110309
6,0.008640938912687518,2965.5454613667202
6,0.008945115995258468,2961.148724342135
6,0.009260000675521785,2956.3852047233404
6,0.00958596988078367,2951.655093744215
6,0.009923413806890873,2946.8127415424433
6,0.010272736385307948,2941.396067313983
6,0.010634355766636436,2936.475342193394
6,0.011008704821154987,2930.8301043649185
6,0.01139623165697914,2925.101002871992
6,0.01179740015646163,2919.1464643080503
6,0.01221269053147466,2913.4257253032156
6,0.012642599898239334,2906.9561878398376
6,0.013087642872390193,2900.686690022425
6,0.013548352184986855,2893.797809607558
6,0.014025279320210802,2887.638108774161
6,0.014518995175509843,2879.9965809325654
6,0.015030090744981336,2872.6789401014626
6,0.015559177826811346,2865.446105844093
6,0.016106889755617235,2857.4178043165316
6,0.016673882160570128,2849.8026883425655
6,0.01726083375020432,2840.9784516345408
6,0.017868447124853963,2832.867051386929
6,0.018497449617688476,2823.9668584009532
6,0.019148594165354516,2815.5983778048458
6,0.019822660209265625,2806.189077694661
6,0.020520454628619317,2796.177760809683
6,0.021242812706258104,2786.5060735182315
6,0.02199059912853022,2776.338625730425
6,0.022764709020347912,2766.0529841191483
6,0.023566069016681013,2754.983892107411
6,0.024395638371769814,2744.4486260821536
6,0.02525441010738357,2732.356347035199
6,0.026143412201500307,2721.384718918586
6,0.027063708818830412,2709.166927597516
6,0.028016401584656354,2696.591119582789
6,0.02900263090351479,2683.4356043524444
6,0.0300235773242978,2671.1851662301187
6,0.031080462953409153,2657.3835335404037
6,0.03217455291766541,2643.81863078419
6,0.03330715687869445,2629.5195553300778
6,0.03447963060064366,2614.8116549669103
6,0.03569337757307372,2599.843599123351
6,0.03694985069098221,2584.918377693219
6,0.03825055399396612,2568.9850546322114
6,0.03959704446660722,2552.571142683396
6,0.040990933902233184,2535.6931290538582
6,0.04243389083228772,2519.300282764654
6,0.043927642523616986,2501.4458543527394
6,0.045473977046064984,2483.841298297128
6,0.04707474541285219,2465.724880654767
6,0.04873186379629852,2447.0797239802914
6,0.05044731582154529,2427.942975875948
6,0.05222315494101893,2408.5367969851095
6,0.05406150689248178,2387.9428864135934
6,0.05596457224360927,2368.7447405825756
6,0.05793462902614208,2346.5288503877305
6,0.05997403546276527,2325.419821147226
6,0.06208523278997751,2302.97080308152
6,0.06427074818033231,2281.6821114625914
6,0.0665331977675456,2258.898849732226
6,0.06887528977809475,2236.42788465328
6,0.07129982777305371,2212.550948998592
6,0.0738097140040481,2188.5278365167114
6,0.07640795288734618,2164.2114728933702
6,0.07909765460024283,2139.9058382545054
6,0.08188203880404508,2114.3465420070656
6,0.08476443849811126,2088.405239528927
6,0.087748304009562,2062.9440299853877
6,0.090837207123434,2036.616597060818
6,0.09403484535822448,2010.1736124346705
6,0.09734504639194291,1982.4219446740822
6,0.10077177264396599,1954.4069299131816
6,0.10431912601818537,1927.673050288026
6,0.10799135281311972,1900.9605309250587
6,0.11179284880487525,1873.625101623981
6,0.11572816450903257,1844.2319368578205
6,0.11980201062776401,1814.0830250855884
6,0.12401926368869953,1784.9060257201472
6,0.12838497188228887,1755.8875835914446
6,0.13290436110465328,1726.4391974300534
6,0.13758284121315284,1699.2549028479007
6,0.1424260125021655,1667.5533920053208
6,0.14743967240682154,1638.8915426910887
6,0.15262982244272472,1608.1638246410469
6,0.15800267538996446,1577.859137021052
6,0.16356466273001555,1548.4476625275522
6,0.16932244234443536,1517.4470910099367
6,0.17528290648456404,1489.8931059458662
6,0.18145319002177868,1458.0195962276446
6,0.18784067898816564,1429.6095164366106
6,0.19445301941784673,1399.8420364790436
6,0.20129812649953058,1370.117571222729
6,0.20838419405125447,1341.8910165157886
6,0.21571970432865523,1312.134622280767
6,0.22331343817850466,1284.0345703722592
6,0.23117448554967523,1256.6678420406881
6,0.23931225637410386,1227.0210172666623
6,0.24773649183079313,1199.1135285619157
6,0.25645727600631946,1171.534948607991
6,0.2654850479658172,1144.9991626993353
6,0.2748306142488841,1117.686163611857
6,0.2845051618053608,1092.2620118163036
6,0.29452027138648124,1067.1146332168225
6,0.3048879314074081,1040.9313765792233
6,0.3156205522977641,1016.9921603977843
6,0.32673098135731976,990.563748894579
6,0.33823251813463506,967.1864738598642
6,0.3501389303470579,945.1163530678315
6,0.36246447036112944,922.4348512968189
6,0.3752238922531406,900.2131913213071
6,0.3884324694702402,879.1307075224788
6,0.40210601311325883,856.5820746882486
6,0.41626089086311086,836.6580366301954
6,0.43091404657344806,815.6814515435132
6,0.44608302055301197,796.8244442192124
6,0.4617859705619533,777.4502039399838
6,0.4780416935472749,754.2933354077253
6,0.49486964814338674,740.2423599819286
6,0.5122899779647389,722.0962768734295
6,0.5303235357183823,703.9190060567411
6,0.5489919081653474,686.5288936023513
6,0.5683174419607092,668.4316855590472
6,0.58832327040326,655.6454979781704
6,0.6090333411268374,637.1283535429964
6,0.6304724447664182,622.8660963392431
6,0.6526662446333337,605.322969138243
6,0.6756413074350872,593.2418887286871
6,0.6994251350765791,578.3679484687589
6,0.7240461975807954,562.5798379684975
6,0.7495339671683494,547.5512594635803
6,0.775918953536711,536.6286334519344
6,0.8032327403813039,520.9696024325019
6,0.8315080232022388,508.099715456527
6,0.8607786484418908,495.13419449162546
6,0.8910796540002067,480.7685563026209
6,0.9224473111762278,469.9606510535159
6,0.9549191680860142,455.4418964684022
6,0.9885340946089874,444.51466485248733
6,1.0233323289164382,430.7703827938145
6,1.0593555256379543,418.3852851714967
6,1.0966468057233656,407.5834706046699
6,1.1352508080599526,394.6936571270769
6,1.1752137429066474,383.9347706702698
6,1.2165834472092367,370.0604592793785
6,1.2594094418627657,358.8893176170647
6,1.3037429909896587,345.857802631919
6,1.3496371633045778,336.69688017884187
6,1.397146895639397,324.4350484687835
6,1.446329058704416,314.23144858353896
6,1.497242525164449,303.1084688584662
6,1.5499482401113476,292.81500225421894
6,1.6045092940172856,282.4099620819706
6,1.6609909982561069,270.4009368411241
6,1.7194609632832094,261.6324987719788
6,1.7799891795674554,248.9425969233681
6,1.842648101372089,240.75870138205894
6,1.9075127334848458,230.06000588140833
6,1.974660721001156,220.99249162787393
6,2.0441724422678886,212.2686242870053
6,2.116131105098844,201.99748243569226
6,2.190622846377273,194.35553502218568
6,2.2677368351645217,186.08476055990573
6,2.3475653794383646,176.1552596654594
6,2.4302040365886506,168.3084283005511
6,2.515751727802654,159.9860099246046
6,2.604310856477001,152.16846961363854
6,2.69598743079786,145.6756276644073
6,2.79089119063627,137.75591003692938
6,2.8891357389103245,130.4885495130782
6,2.9908386775716402,124.29649228942161
6,3.0961217483787196,116.9987093621039
6,3.205110978625849,110.69545608258696
6,3.317936832001931,104.55398120156558
6,3.43473436475976,99.46629900151373
6,3.555643387382846,93.23149029802632
6,3.6808086319431026,88.35119170978912
6,3.8103799253499475,83.59220626593351
6,3.9445123686979837,78.80890111314187
6,4.0833665229281255,73.68112022614164
6,4.227108601024345,69.83941853462534
6,4.37591066697602,65.26913572400312
6,4.529950841744241,61.82197750230437
6,4.68941351647839,58.46440921222571
6,4.854489573238474,54.43983490742079
6,5.025376613487144,51.1257448627671
6,5.202279194625218,48.476919592428004
6,5.385409074853539,45.194334562827464
6,5.574985466654523,42.43051766322883
6,5.771235299196743,39.75343954037801
6,5.974393489976511,37.33517989416899
6,6.18470322602194,35.227106746062844
6,6.4024162549957016,32.93962070691495
6,6.627793186545351,30.75237700149308
6,6.861103804261548,29.280782274228017
6,7.102627388617911,26.912490535807162
6,7.352653051278966,25.51548054968461
6,7.611480081176202,23.59108283108161
6,7.879418302766876,22.024345016168457
6,8.15678844690394,20.72826159850662
6,8.443922534761537,19.552764765151572
6,8.741164275275139,18.259440841350482
6,9.048869476572479,17.084379663703317
6,9.367406471887627,16.120642357007767
6,9.69715656046784,15.121524752816141
6,10.038514464001445,13.928077133409545
6,10.391888799112495,13.129961441598077
6,10.757702566488469,12.442808968403119
6,11.136393657225835,11.32205560291222
6,11.52841537700014,10.500361927709344
6,11.934236988687873,9.775162838502283
6,12.354344274089367,9.423297079529044
6,12.789240115425775,8.43588051707621
6,13.239445097305403,7.930466023424979
6,13.705498129880796,7.632348134265647
6,14.187957093941714,6.846009911644257
6,14.687399508716824,6.3818060858363745
6,15.204423223183301,5.908922016574171
6,15.739647131711472,5.468130996709215
6,16.293711914901948,5.201348576021374
6,16.86728080650111,4.681090404534971
6,17.461040387313947,4.367547595316866
6,18.075701407063583,3.9601336422058613
6,18.711999635182178,3.6414072324614115
6,19.37069674155118,3.5468574108371334
6,20.05258120824496,3.3294189669212693
6,20.75846927337006,3.076488886301207
6,21.489205908128696,2.75560725189018
6,22.245665828277374,2.708074434803622
6,23.028754541190047,2.425988832015567
6,23.839409429780538,2.4382347057632296
6,24.67860087458036,2.086372843415405
6,25.54733341531624,2.0527985348734434
6,26.446646953377297,1.8219006344248534
6,27.377617996610834,1.765169019423072
6,28.341360947938007,1.742148903428163
6,29.339029439330282,1.5178714914551308
6,30.371817712745276,1.494782507966871
6,31.440962049673185,1.5992700498215722
6,32.54774225100651,1.4508523542320573
6,33.69348316900399,1.3391583606729145
6,34.87955629318178,1.2610896811609953
6,36.10738139203204,1.3063065320692644
6,37.37842821253185,1.324494525141092
6,38.694218239479255,1.2614640892032463
6,40.05632651675998,1.2446378193412346
6,41.46638353272696,1.1531966398949498
6,42.92607717194867,0.9919933914223948
6,44.43715473566187,1.1690924955965332
6,46.00142503334922,1.1657184445803508
6,47.62076054794297,1.2068288683285688
6,49.29709967724927,1.090950405013735
6,51.03244905427336,0.9271505295888545
6,52.82888594922545,0.9793968063733376
6,54.68856075608176,0.9501139192132326
6,56.61369956667599,0.8945552724996853
6,58.60660683540523,1.0168539804124526
6,60.66966813773669,1.140081812285899
6,62.80535302582084,0.989790563342588
6,65.01621798462561,1.1091195702215533
6,67.30490949213319,1.053699482688974
6,69.67416718726162,1.129969467379265
6,72.12682714930152,1.0040630169601368
6,74.66582529279734,0.9409465403450472
6,77.29420088193234,0.9791445172058753
6,80.01510016862889,0.8091604169187336
6,82.83178015871422,0.9700525386334922
6,85.74761251066391,0.9383491509055765
6,88.76608757158836,1.0570626268520062
6,91.89081855529167,1.019995674603805
6,95.1255458674088,1.0857604888210517
6,98.47414158279238,1.038427602268063
6,101.9406140805149,0.8943918829427344
6,105.52911284202979,0.9607070945043333
6,109.24393341823551,1.113872747154106
6,113.08952257139363,0.9087475524080765
6,117.07048359804811,1.0324054100212017
6,121.19158183932106,0.9938227726260356
6,125.45775038518534,1.1885367916670715
6,129.87409597953348,0.9240140754911057
6,134.44590513311894,1.109066708819195
6,139.1786504516809,1.07715545389912
6,144.07799718683634,1.0501696787040944
6,149.14981001757081,0.9604019463402117
6,154.40016007045,1.190326792948101
6,159.8353321869612,0.9276212275087548
6,165.46183244667267,0.918632838299493
6,171.28639595522583,0.8362154095129594
6,177.31599490647534,0.946992323312595
6,183.55784692843812,0.910713734005789
6,190.01942372302938,1.0543446384173212
6,196.7084600099328,0.9397898397948131
6,203.63296278531863,0.9443643358839826
6,210.8012209064781,1.0524532137387201
6,218.2218150138596,0.9297177701357168
6,225.90362780237365,0.9764364150606359
6,233.85585465427556,0.935734750702105
6,242.0880146463378,0.961704124593239
6,250.60996194449447,1.200411556415833
6,259.43189759960745,1.0428956183673859
6,268.5643817584554,1.0034699807529197
6,278.0183463045787,0.9827408812696008
6,287.80510794409855,1.0334338686443538
6,297.93638175219246,1.094940284061713
6,308.42429519642127,0.9949160748906448
6,319.2814026537019,0.9609929793429131
6,330.52070043831674,1.1606026065206585
6,342.1556423589236,1.1121640978052172
6,354.20015582320946,0.9298589816011114
6,366.668658509449,0.9936097885731375
6,379.57607562494815,1.0308313831504108
6,392.9378577720027,0.9559241849579642
6,406.76999944277276,1.173539380245316
6,421.0890581652239,1.1644357246608963
6,435.9121743230265,1.071775137185129
6,451.2570916731608,0.8929097401547725
6,467.1421785857702,0.9898724983858533
6,483.58645003171415,1.0740699644934568
6,500.60959034410786,1.0576783408648938
6,518.2319767811096,1.0843336426725625
6,536.4747039181797,0.8236059554552133
6,555.3596088989727,0.9768852888959448
6,574.9092975751201,1.1362471755970052
6,595.1471715661677,1.0262871207228876
6,616.0974562720967,0.9857165913493062
6,637.7852298719173,0.8128177453195745
6,660.2364533430642,1.0037272030342421
6,683.4780015375551,1.0403133069720707
6,707.537695352061,0.9572405584248033
6,732.4443350304389,1.0992474983860805
6,758.2277346385584,1.036878631374962
6,784.918757752735,0.9749283812138165
6,812.5493544044367,0.9898523240800075
6,841.1525993255111,1.0640029857967679
6,870.7627315397452,1.0294443996125573
6,901.415195348089,0.9828064477079659
6,933.1466827566547,0.9213756859263244
6,965.9951773982388,1.0390171078111299
6,1000.0,0.9441978695932484
